accuracy,balanced_accuracy,game,kind,layer,n_test,n_train,representation,status,variable,correlation,mae,r2
0.4166666666666667,0.4166666666666667,inspection,categorical,-1,12,24,output,ok,private_state,,,
0.3333333333333333,0.3333333333333333,inspection,categorical,0,12,24,residual,ok,private_state,,,
0.16666666666666666,0.16666666666666666,inspection,categorical,0,12,24,jspace,ok,private_state,,,
0.4166666666666667,0.4166666666666667,inspection,categorical,1,12,24,residual,ok,private_state,,,
0.16666666666666666,0.16666666666666666,inspection,categorical,1,12,24,jspace,ok,private_state,,,
0.16666666666666666,0.16666666666666666,inspection,categorical,2,12,24,residual,ok,private_state,,,
0.16666666666666666,0.16666666666666666,inspection,categorical,2,12,24,jspace,ok,private_state,,,
0.16666666666666666,0.16666666666666666,inspection,categorical,3,12,24,residual,ok,private_state,,,
0.16666666666666666,0.16666666666666666,inspection,categorical,3,12,24,jspace,ok,private_state,,,
0.16666666666666666,0.16666666666666666,inspection,categorical,4,12,24,residual,ok,private_state,,,
0.16666666666666666,0.16666666666666666,inspection,categorical,4,12,24,jspace,ok,private_state,,,
0.3333333333333333,0.3333333333333333,inspection,categorical,5,12,24,residual,ok,private_state,,,
0.16666666666666666,0.16666666666666666,inspection,categorical,5,12,24,jspace,ok,private_state,,,
0.16666666666666666,0.16666666666666666,inspection,categorical,6,12,24,residual,ok,private_state,,,
0.16666666666666666,0.16666666666666666,inspection,categorical,6,12,24,jspace,ok,private_state,,,
0.25,0.25,inspection,categorical,7,12,24,residual,ok,private_state,,,
0.16666666666666666,0.16666666666666666,inspection,categorical,7,12,24,jspace,ok,private_state,,,
0.3333333333333333,0.3333333333333333,inspection,categorical,8,12,24,residual,ok,private_state,,,
0.16666666666666666,0.16666666666666666,inspection,categorical,8,12,24,jspace,ok,private_state,,,
0.16666666666666666,0.16666666666666666,inspection,categorical,9,12,24,residual,ok,private_state,,,
0.16666666666666666,0.16666666666666666,inspection,categorical,9,12,24,jspace,ok,private_state,,,
0.16666666666666666,0.16666666666666666,inspection,categorical,10,12,24,residual,ok,private_state,,,
0.16666666666666666,0.16666666666666666,inspection,categorical,10,12,24,jspace,ok,private_state,,,
0.16666666666666666,0.16666666666666666,inspection,categorical,11,12,24,residual,ok,private_state,,,
0.16666666666666666,0.16666666666666666,inspection,categorical,11,12,24,jspace,ok,private_state,,,
0.3333333333333333,0.3333333333333333,inspection,categorical,12,12,24,residual,ok,private_state,,,
0.16666666666666666,0.16666666666666666,inspection,categorical,12,12,24,jspace,ok,private_state,,,
0.3333333333333333,0.3333333333333333,inspection,categorical,13,12,24,residual,ok,private_state,,,
0.16666666666666666,0.16666666666666666,inspection,categorical,13,12,24,jspace,ok,private_state,,,
0.3333333333333333,0.3333333333333333,inspection,categorical,14,12,24,residual,ok,private_state,,,
0.16666666666666666,0.16666666666666666,inspection,categorical,14,12,24,jspace,ok,private_state,,,
0.3333333333333333,0.3333333333333333,inspection,categorical,15,12,24,residual,ok,private_state,,,
0.16666666666666666,0.16666666666666666,inspection,categorical,15,12,24,jspace,ok,private_state,,,
0.25,0.25,inspection,categorical,16,12,24,residual,ok,private_state,,,
0.16666666666666666,0.16666666666666666,inspection,categorical,16,12,24,jspace,ok,private_state,,,
0.5,0.5,inspection,categorical,17,12,24,residual,ok,private_state,,,
0.16666666666666666,0.16666666666666666,inspection,categorical,17,12,24,jspace,ok,private_state,,,
0.3333333333333333,0.3333333333333333,inspection,categorical,18,12,24,residual,ok,private_state,,,
0.16666666666666666,0.16666666666666666,inspection,categorical,18,12,24,jspace,ok,private_state,,,
0.6666666666666666,0.6666666666666666,inspection,categorical,19,12,24,residual,ok,private_state,,,
0.16666666666666666,0.16666666666666666,inspection,categorical,19,12,24,jspace,ok,private_state,,,
0.4166666666666667,0.4166666666666667,inspection,categorical,20,12,24,residual,ok,private_state,,,
0.25,0.25,inspection,categorical,20,12,24,jspace,ok,private_state,,,
0.3333333333333333,0.3333333333333333,inspection,categorical,21,12,24,residual,ok,private_state,,,
0.08333333333333333,0.08333333333333333,inspection,categorical,21,12,24,jspace,ok,private_state,,,
0.16666666666666666,0.16666666666666666,inspection,categorical,22,12,24,residual,ok,private_state,,,
0.16666666666666666,0.16666666666666666,inspection,categorical,22,12,24,jspace,ok,private_state,,,
0.4166666666666667,0.4166666666666667,inspection,categorical,23,12,24,residual,ok,private_state,,,
0.16666666666666666,0.16666666666666666,inspection,categorical,23,12,24,jspace,ok,private_state,,,
0.4166666666666667,0.4166666666666667,inspection,categorical,24,12,24,residual,ok,private_state,,,
0.25,0.25,inspection,categorical,24,12,24,jspace,ok,private_state,,,
0.4166666666666667,0.4166666666666667,inspection,categorical,25,12,24,residual,ok,private_state,,,
0.16666666666666666,0.16666666666666666,inspection,categorical,25,12,24,jspace,ok,private_state,,,
0.5,0.5,inspection,categorical,26,12,24,residual,ok,private_state,,,
0.16666666666666666,0.16666666666666666,inspection,categorical,26,12,24,jspace,ok,private_state,,,
0.6666666666666666,0.6666666666666666,inspection,categorical,27,12,24,residual,ok,private_state,,,
0.25,0.25,inspection,categorical,27,12,24,jspace,ok,private_state,,,
0.3333333333333333,0.3333333333333333,inspection,categorical,28,12,24,residual,ok,private_state,,,
0.16666666666666666,0.16666666666666666,inspection,categorical,28,12,24,jspace,ok,private_state,,,
0.16666666666666666,0.16666666666666666,inspection,categorical,29,12,24,residual,ok,private_state,,,
0.16666666666666666,0.16666666666666666,inspection,categorical,29,12,24,jspace,ok,private_state,,,
0.16666666666666666,0.16666666666666666,inspection,categorical,30,12,24,residual,ok,private_state,,,
0.16666666666666666,0.16666666666666666,inspection,categorical,30,12,24,jspace,ok,private_state,,,
0.4166666666666667,0.4166666666666667,inspection,categorical,31,12,24,residual,ok,private_state,,,
0.16666666666666666,0.16666666666666666,inspection,categorical,31,12,24,jspace,ok,private_state,,,
0.4166666666666667,0.4166666666666667,inspection,categorical,32,12,24,residual,ok,private_state,,,
0.16666666666666666,0.16666666666666666,inspection,categorical,32,12,24,jspace,ok,private_state,,,
0.5,0.5,inspection,categorical,33,12,24,residual,ok,private_state,,,
0.4166666666666667,0.4166666666666667,inspection,categorical,33,12,24,jspace,ok,private_state,,,
0.5,0.5,inspection,categorical,34,12,24,residual,ok,private_state,,,
0.16666666666666666,0.16666666666666666,inspection,categorical,34,12,24,jspace,ok,private_state,,,
0.5,0.5,inspection,categorical,35,12,24,residual,ok,private_state,,,
0.16666666666666666,0.16666666666666666,inspection,categorical,35,12,24,jspace,ok,private_state,,,
0.5833333333333334,0.5833333333333334,inspection,categorical,36,12,24,residual,ok,private_state,,,
0.16666666666666666,0.16666666666666666,inspection,categorical,36,12,24,jspace,ok,private_state,,,
0.5833333333333334,0.5833333333333334,inspection,categorical,37,12,24,residual,ok,private_state,,,
0.16666666666666666,0.16666666666666666,inspection,categorical,37,12,24,jspace,ok,private_state,,,
0.6666666666666666,0.6666666666666666,inspection,categorical,38,12,24,residual,ok,private_state,,,
0.16666666666666666,0.16666666666666666,inspection,categorical,38,12,24,jspace,ok,private_state,,,
0.5,0.5,inspection,categorical,39,12,24,residual,ok,private_state,,,
0.16666666666666666,0.16666666666666666,inspection,categorical,39,12,24,jspace,ok,private_state,,,
0.5833333333333334,0.5833333333333334,inspection,categorical,40,12,24,residual,ok,private_state,,,
0.3333333333333333,0.3333333333333333,inspection,categorical,40,12,24,jspace,ok,private_state,,,
0.5,0.5,inspection,categorical,41,12,24,residual,ok,private_state,,,
0.25,0.25,inspection,categorical,41,12,24,jspace,ok,private_state,,,
0.3333333333333333,0.3333333333333333,inspection,categorical,42,12,24,residual,ok,private_state,,,
0.16666666666666666,0.16666666666666666,inspection,categorical,42,12,24,jspace,ok,private_state,,,
0.6666666666666666,0.6666666666666666,inspection,categorical,43,12,24,residual,ok,private_state,,,
0.16666666666666666,0.16666666666666666,inspection,categorical,43,12,24,jspace,ok,private_state,,,
0.75,0.75,inspection,categorical,44,12,24,residual,ok,private_state,,,
0.3333333333333333,0.3333333333333333,inspection,categorical,44,12,24,jspace,ok,private_state,,,
0.6666666666666666,0.6666666666666666,inspection,categorical,45,12,24,residual,ok,private_state,,,
0.16666666666666666,0.16666666666666666,inspection,categorical,45,12,24,jspace,ok,private_state,,,
0.5833333333333334,0.5833333333333334,inspection,categorical,46,12,24,residual,ok,private_state,,,
0.08333333333333333,0.08333333333333333,inspection,categorical,46,12,24,jspace,ok,private_state,,,
0.5,0.5,inspection,categorical,47,12,24,residual,ok,private_state,,,
0.16666666666666666,0.16666666666666666,inspection,categorical,47,12,24,jspace,ok,private_state,,,
0.4166666666666667,0.4166666666666667,inspection,categorical,48,12,24,residual,ok,private_state,,,
0.16666666666666666,0.16666666666666666,inspection,categorical,48,12,24,jspace,ok,private_state,,,
0.5,0.5,inspection,categorical,49,12,24,residual,ok,private_state,,,
0.3333333333333333,0.3333333333333333,inspection,categorical,49,12,24,jspace,ok,private_state,,,
0.6666666666666666,0.6666666666666666,inspection,categorical,50,12,24,residual,ok,private_state,,,
0.25,0.25,inspection,categorical,50,12,24,jspace,ok,private_state,,,
0.6666666666666666,0.6666666666666666,inspection,categorical,51,12,24,residual,ok,private_state,,,
0.25,0.25,inspection,categorical,51,12,24,jspace,ok,private_state,,,
0.5833333333333334,0.5833333333333334,inspection,categorical,52,12,24,residual,ok,private_state,,,
0.3333333333333333,0.3333333333333333,inspection,categorical,52,12,24,jspace,ok,private_state,,,
0.5833333333333334,0.5833333333333334,inspection,categorical,53,12,24,residual,ok,private_state,,,
0.25,0.25,inspection,categorical,53,12,24,jspace,ok,private_state,,,
0.5,0.5,inspection,categorical,54,12,24,residual,ok,private_state,,,
0.3333333333333333,0.3333333333333333,inspection,categorical,54,12,24,jspace,ok,private_state,,,
0.5833333333333334,0.5833333333333334,inspection,categorical,55,12,24,residual,ok,private_state,,,
0.3333333333333333,0.3333333333333333,inspection,categorical,55,12,24,jspace,ok,private_state,,,
0.5,0.5,inspection,categorical,56,12,24,residual,ok,private_state,,,
0.3333333333333333,0.3333333333333333,inspection,categorical,56,12,24,jspace,ok,private_state,,,
0.4166666666666667,0.4166666666666667,inspection,categorical,57,12,24,residual,ok,private_state,,,
0.16666666666666666,0.16666666666666666,inspection,categorical,57,12,24,jspace,ok,private_state,,,
0.4166666666666667,0.4166666666666667,inspection,categorical,58,12,24,residual,ok,private_state,,,
0.3333333333333333,0.3333333333333333,inspection,categorical,58,12,24,jspace,ok,private_state,,,
0.4166666666666667,0.4166666666666667,inspection,categorical,59,12,24,residual,ok,private_state,,,
0.16666666666666666,0.16666666666666666,inspection,categorical,59,12,24,jspace,ok,private_state,,,
0.3333333333333333,0.3333333333333333,inspection,categorical,60,12,24,residual,ok,private_state,,,
0.3333333333333333,0.3333333333333333,inspection,categorical,60,12,24,jspace,ok,private_state,,,
0.3333333333333333,0.3333333333333333,inspection,categorical,61,12,24,residual,ok,private_state,,,
0.3333333333333333,0.3333333333333333,inspection,categorical,61,12,24,jspace,ok,private_state,,,
0.3333333333333333,0.3333333333333333,inspection,categorical,62,12,24,residual,ok,private_state,,,
0.3333333333333333,0.3333333333333333,inspection,categorical,62,12,24,jspace,ok,private_state,,,
1.0,1.0,inspection,categorical,-1,12,24,output,ok,strategy,,,
0.9166666666666666,0.9285714285714286,inspection,categorical,0,12,24,residual,ok,strategy,,,
0.5833333333333334,0.5,inspection,categorical,0,12,24,jspace,ok,strategy,,,
0.4166666666666667,0.5,inspection,categorical,1,12,24,residual,ok,strategy,,,
0.5833333333333334,0.5,inspection,categorical,1,12,24,jspace,ok,strategy,,,
0.9166666666666666,0.9,inspection,categorical,2,12,24,residual,ok,strategy,,,
0.5833333333333334,0.5,inspection,categorical,2,12,24,jspace,ok,strategy,,,
0.6666666666666666,0.6,inspection,categorical,3,12,24,residual,ok,strategy,,,
0.5833333333333334,0.5,inspection,categorical,3,12,24,jspace,ok,strategy,,,
0.5833333333333334,0.5,inspection,categorical,4,12,24,residual,ok,strategy,,,
0.5833333333333334,0.5,inspection,categorical,4,12,24,jspace,ok,strategy,,,
0.5833333333333334,0.5,inspection,categorical,5,12,24,residual,ok,strategy,,,
0.5833333333333334,0.5,inspection,categorical,5,12,24,jspace,ok,strategy,,,
0.5833333333333334,0.5,inspection,categorical,6,12,24,residual,ok,strategy,,,
0.5833333333333334,0.5,inspection,categorical,6,12,24,jspace,ok,strategy,,,
0.5833333333333334,0.5,inspection,categorical,7,12,24,residual,ok,strategy,,,
0.5833333333333334,0.5,inspection,categorical,7,12,24,jspace,ok,strategy,,,
0.9166666666666666,0.9,inspection,categorical,8,12,24,residual,ok,strategy,,,
0.5833333333333334,0.5,inspection,categorical,8,12,24,jspace,ok,strategy,,,
0.5833333333333334,0.5,inspection,categorical,9,12,24,residual,ok,strategy,,,
0.5833333333333334,0.5,inspection,categorical,9,12,24,jspace,ok,strategy,,,
0.75,0.7,inspection,categorical,10,12,24,residual,ok,strategy,,,
0.5833333333333334,0.5,inspection,categorical,10,12,24,jspace,ok,strategy,,,
0.5833333333333334,0.5,inspection,categorical,11,12,24,residual,ok,strategy,,,
0.5833333333333334,0.5,inspection,categorical,11,12,24,jspace,ok,strategy,,,
0.5833333333333334,0.5,inspection,categorical,12,12,24,residual,ok,strategy,,,
0.5833333333333334,0.5,inspection,categorical,12,12,24,jspace,ok,strategy,,,
0.5833333333333334,0.5,inspection,categorical,13,12,24,residual,ok,strategy,,,
0.5833333333333334,0.5,inspection,categorical,13,12,24,jspace,ok,strategy,,,
0.5833333333333334,0.5,inspection,categorical,14,12,24,residual,ok,strategy,,,
0.5833333333333334,0.5,inspection,categorical,14,12,24,jspace,ok,strategy,,,
0.5833333333333334,0.5,inspection,categorical,15,12,24,residual,ok,strategy,,,
0.5833333333333334,0.5,inspection,categorical,15,12,24,jspace,ok,strategy,,,
0.5833333333333334,0.5,inspection,categorical,16,12,24,residual,ok,strategy,,,
0.5833333333333334,0.5,inspection,categorical,16,12,24,jspace,ok,strategy,,,
0.5833333333333334,0.5,inspection,categorical,17,12,24,residual,ok,strategy,,,
0.5833333333333334,0.5,inspection,categorical,17,12,24,jspace,ok,strategy,,,
0.5833333333333334,0.5,inspection,categorical,18,12,24,residual,ok,strategy,,,
0.5833333333333334,0.5,inspection,categorical,18,12,24,jspace,ok,strategy,,,
0.5833333333333334,0.5,inspection,categorical,19,12,24,residual,ok,strategy,,,
0.5833333333333334,0.5,inspection,categorical,19,12,24,jspace,ok,strategy,,,
0.5833333333333334,0.5,inspection,categorical,20,12,24,residual,ok,strategy,,,
0.5833333333333334,0.5,inspection,categorical,20,12,24,jspace,ok,strategy,,,
0.5833333333333334,0.5,inspection,categorical,21,12,24,residual,ok,strategy,,,
0.5833333333333334,0.5,inspection,categorical,21,12,24,jspace,ok,strategy,,,
0.5833333333333334,0.5,inspection,categorical,22,12,24,residual,ok,strategy,,,
0.5833333333333334,0.5,inspection,categorical,22,12,24,jspace,ok,strategy,,,
0.5833333333333334,0.5,inspection,categorical,23,12,24,residual,ok,strategy,,,
0.5833333333333334,0.5,inspection,categorical,23,12,24,jspace,ok,strategy,,,
0.5833333333333334,0.5,inspection,categorical,24,12,24,residual,ok,strategy,,,
0.5833333333333334,0.5,inspection,categorical,24,12,24,jspace,ok,strategy,,,
0.5833333333333334,0.5,inspection,categorical,25,12,24,residual,ok,strategy,,,
0.5833333333333334,0.5,inspection,categorical,25,12,24,jspace,ok,strategy,,,
0.5833333333333334,0.5,inspection,categorical,26,12,24,residual,ok,strategy,,,
0.5833333333333334,0.5,inspection,categorical,26,12,24,jspace,ok,strategy,,,
0.5833333333333334,0.5,inspection,categorical,27,12,24,residual,ok,strategy,,,
0.5833333333333334,0.5,inspection,categorical,27,12,24,jspace,ok,strategy,,,
0.5833333333333334,0.5,inspection,categorical,28,12,24,residual,ok,strategy,,,
0.5833333333333334,0.5,inspection,categorical,28,12,24,jspace,ok,strategy,,,
0.5833333333333334,0.5,inspection,categorical,29,12,24,residual,ok,strategy,,,
0.5833333333333334,0.5,inspection,categorical,29,12,24,jspace,ok,strategy,,,
0.5833333333333334,0.5,inspection,categorical,30,12,24,residual,ok,strategy,,,
0.5833333333333334,0.5,inspection,categorical,30,12,24,jspace,ok,strategy,,,
1.0,1.0,inspection,categorical,31,12,24,residual,ok,strategy,,,
0.5833333333333334,0.5,inspection,categorical,31,12,24,jspace,ok,strategy,,,
0.8333333333333334,0.8,inspection,categorical,32,12,24,residual,ok,strategy,,,
0.5833333333333334,0.5,inspection,categorical,32,12,24,jspace,ok,strategy,,,
1.0,1.0,inspection,categorical,33,12,24,residual,ok,strategy,,,
0.5833333333333334,0.5,inspection,categorical,33,12,24,jspace,ok,strategy,,,
1.0,1.0,inspection,categorical,34,12,24,residual,ok,strategy,,,
0.5833333333333334,0.5,inspection,categorical,34,12,24,jspace,ok,strategy,,,
1.0,1.0,inspection,categorical,35,12,24,residual,ok,strategy,,,
0.5833333333333334,0.5,inspection,categorical,35,12,24,jspace,ok,strategy,,,
1.0,1.0,inspection,categorical,36,12,24,residual,ok,strategy,,,
0.5833333333333334,0.5,inspection,categorical,36,12,24,jspace,ok,strategy,,,
0.8333333333333334,0.8,inspection,categorical,37,12,24,residual,ok,strategy,,,
0.5833333333333334,0.5,inspection,categorical,37,12,24,jspace,ok,strategy,,,
1.0,1.0,inspection,categorical,38,12,24,residual,ok,strategy,,,
0.5833333333333334,0.5,inspection,categorical,38,12,24,jspace,ok,strategy,,,
0.6666666666666666,0.6,inspection,categorical,39,12,24,residual,ok,strategy,,,
0.5833333333333334,0.5,inspection,categorical,39,12,24,jspace,ok,strategy,,,
0.8333333333333334,0.8,inspection,categorical,40,12,24,residual,ok,strategy,,,
0.5833333333333334,0.5,inspection,categorical,40,12,24,jspace,ok,strategy,,,
0.8333333333333334,0.8,inspection,categorical,41,12,24,residual,ok,strategy,,,
0.5833333333333334,0.5,inspection,categorical,41,12,24,jspace,ok,strategy,,,
0.6666666666666666,0.6,inspection,categorical,42,12,24,residual,ok,strategy,,,
0.5833333333333334,0.5,inspection,categorical,42,12,24,jspace,ok,strategy,,,
1.0,1.0,inspection,categorical,43,12,24,residual,ok,strategy,,,
0.5833333333333334,0.5,inspection,categorical,43,12,24,jspace,ok,strategy,,,
1.0,1.0,inspection,categorical,44,12,24,residual,ok,strategy,,,
0.5833333333333334,0.5,inspection,categorical,44,12,24,jspace,ok,strategy,,,
1.0,1.0,inspection,categorical,45,12,24,residual,ok,strategy,,,
0.5833333333333334,0.5,inspection,categorical,45,12,24,jspace,ok,strategy,,,
1.0,1.0,inspection,categorical,46,12,24,residual,ok,strategy,,,
0.5833333333333334,0.5,inspection,categorical,46,12,24,jspace,ok,strategy,,,
1.0,1.0,inspection,categorical,47,12,24,residual,ok,strategy,,,
0.5833333333333334,0.5,inspection,categorical,47,12,24,jspace,ok,strategy,,,
1.0,1.0,inspection,categorical,48,12,24,residual,ok,strategy,,,
0.5833333333333334,0.5,inspection,categorical,48,12,24,jspace,ok,strategy,,,
1.0,1.0,inspection,categorical,49,12,24,residual,ok,strategy,,,
0.5833333333333334,0.5,inspection,categorical,49,12,24,jspace,ok,strategy,,,
1.0,1.0,inspection,categorical,50,12,24,residual,ok,strategy,,,
0.5833333333333334,0.5,inspection,categorical,50,12,24,jspace,ok,strategy,,,
1.0,1.0,inspection,categorical,51,12,24,residual,ok,strategy,,,
0.5833333333333334,0.5,inspection,categorical,51,12,24,jspace,ok,strategy,,,
1.0,1.0,inspection,categorical,52,12,24,residual,ok,strategy,,,
0.5833333333333334,0.5,inspection,categorical,52,12,24,jspace,ok,strategy,,,
1.0,1.0,inspection,categorical,53,12,24,residual,ok,strategy,,,
0.5833333333333334,0.5,inspection,categorical,53,12,24,jspace,ok,strategy,,,
1.0,1.0,inspection,categorical,54,12,24,residual,ok,strategy,,,
0.5833333333333334,0.5,inspection,categorical,54,12,24,jspace,ok,strategy,,,
1.0,1.0,inspection,categorical,55,12,24,residual,ok,strategy,,,
0.5833333333333334,0.5,inspection,categorical,55,12,24,jspace,ok,strategy,,,
1.0,1.0,inspection,categorical,56,12,24,residual,ok,strategy,,,
0.5833333333333334,0.5,inspection,categorical,56,12,24,jspace,ok,strategy,,,
1.0,1.0,inspection,categorical,57,12,24,residual,ok,strategy,,,
0.5833333333333334,0.5,inspection,categorical,57,12,24,jspace,ok,strategy,,,
1.0,1.0,inspection,categorical,58,12,24,residual,ok,strategy,,,
0.5833333333333334,0.5,inspection,categorical,58,12,24,jspace,ok,strategy,,,
1.0,1.0,inspection,categorical,59,12,24,residual,ok,strategy,,,
0.5833333333333334,0.5,inspection,categorical,59,12,24,jspace,ok,strategy,,,
1.0,1.0,inspection,categorical,60,12,24,residual,ok,strategy,,,
0.5833333333333334,0.5,inspection,categorical,60,12,24,jspace,ok,strategy,,,
1.0,1.0,inspection,categorical,61,12,24,residual,ok,strategy,,,
0.5833333333333334,0.5,inspection,categorical,61,12,24,jspace,ok,strategy,,,
1.0,1.0,inspection,categorical,62,12,24,residual,ok,strategy,,,
0.5833333333333334,0.5,inspection,categorical,62,12,24,jspace,ok,strategy,,,
1.0,1.0,inspection,categorical,-1,12,24,output,ok,action,,,
0.9166666666666666,0.9285714285714286,inspection,categorical,0,12,24,residual,ok,action,,,
0.5833333333333334,0.5,inspection,categorical,0,12,24,jspace,ok,action,,,
0.4166666666666667,0.5,inspection,categorical,1,12,24,residual,ok,action,,,
0.5833333333333334,0.5,inspection,categorical,1,12,24,jspace,ok,action,,,
0.9166666666666666,0.9,inspection,categorical,2,12,24,residual,ok,action,,,
0.5833333333333334,0.5,inspection,categorical,2,12,24,jspace,ok,action,,,
0.6666666666666666,0.6,inspection,categorical,3,12,24,residual,ok,action,,,
0.5833333333333334,0.5,inspection,categorical,3,12,24,jspace,ok,action,,,
0.5833333333333334,0.5,inspection,categorical,4,12,24,residual,ok,action,,,
0.5833333333333334,0.5,inspection,categorical,4,12,24,jspace,ok,action,,,
0.5833333333333334,0.5,inspection,categorical,5,12,24,residual,ok,action,,,
0.5833333333333334,0.5,inspection,categorical,5,12,24,jspace,ok,action,,,
0.5833333333333334,0.5,inspection,categorical,6,12,24,residual,ok,action,,,
0.5833333333333334,0.5,inspection,categorical,6,12,24,jspace,ok,action,,,
0.5833333333333334,0.5,inspection,categorical,7,12,24,residual,ok,action,,,
0.5833333333333334,0.5,inspection,categorical,7,12,24,jspace,ok,action,,,
0.9166666666666666,0.9,inspection,categorical,8,12,24,residual,ok,action,,,
0.5833333333333334,0.5,inspection,categorical,8,12,24,jspace,ok,action,,,
0.5833333333333334,0.5,inspection,categorical,9,12,24,residual,ok,action,,,
0.5833333333333334,0.5,inspection,categorical,9,12,24,jspace,ok,action,,,
0.75,0.7,inspection,categorical,10,12,24,residual,ok,action,,,
0.5833333333333334,0.5,inspection,categorical,10,12,24,jspace,ok,action,,,
0.5833333333333334,0.5,inspection,categorical,11,12,24,residual,ok,action,,,
0.5833333333333334,0.5,inspection,categorical,11,12,24,jspace,ok,action,,,
0.5833333333333334,0.5,inspection,categorical,12,12,24,residual,ok,action,,,
0.5833333333333334,0.5,inspection,categorical,12,12,24,jspace,ok,action,,,
0.5833333333333334,0.5,inspection,categorical,13,12,24,residual,ok,action,,,
0.5833333333333334,0.5,inspection,categorical,13,12,24,jspace,ok,action,,,
0.5833333333333334,0.5,inspection,categorical,14,12,24,residual,ok,action,,,
0.5833333333333334,0.5,inspection,categorical,14,12,24,jspace,ok,action,,,
0.5833333333333334,0.5,inspection,categorical,15,12,24,residual,ok,action,,,
0.5833333333333334,0.5,inspection,categorical,15,12,24,jspace,ok,action,,,
0.5833333333333334,0.5,inspection,categorical,16,12,24,residual,ok,action,,,
0.5833333333333334,0.5,inspection,categorical,16,12,24,jspace,ok,action,,,
0.5833333333333334,0.5,inspection,categorical,17,12,24,residual,ok,action,,,
0.5833333333333334,0.5,inspection,categorical,17,12,24,jspace,ok,action,,,
0.5833333333333334,0.5,inspection,categorical,18,12,24,residual,ok,action,,,
0.5833333333333334,0.5,inspection,categorical,18,12,24,jspace,ok,action,,,
0.5833333333333334,0.5,inspection,categorical,19,12,24,residual,ok,action,,,
0.5833333333333334,0.5,inspection,categorical,19,12,24,jspace,ok,action,,,
0.5833333333333334,0.5,inspection,categorical,20,12,24,residual,ok,action,,,
0.5833333333333334,0.5,inspection,categorical,20,12,24,jspace,ok,action,,,
0.5833333333333334,0.5,inspection,categorical,21,12,24,residual,ok,action,,,
0.5833333333333334,0.5,inspection,categorical,21,12,24,jspace,ok,action,,,
0.5833333333333334,0.5,inspection,categorical,22,12,24,residual,ok,action,,,
0.5833333333333334,0.5,inspection,categorical,22,12,24,jspace,ok,action,,,
0.5833333333333334,0.5,inspection,categorical,23,12,24,residual,ok,action,,,
0.5833333333333334,0.5,inspection,categorical,23,12,24,jspace,ok,action,,,
0.5833333333333334,0.5,inspection,categorical,24,12,24,residual,ok,action,,,
0.5833333333333334,0.5,inspection,categorical,24,12,24,jspace,ok,action,,,
0.5833333333333334,0.5,inspection,categorical,25,12,24,residual,ok,action,,,
0.5833333333333334,0.5,inspection,categorical,25,12,24,jspace,ok,action,,,
0.5833333333333334,0.5,inspection,categorical,26,12,24,residual,ok,action,,,
0.5833333333333334,0.5,inspection,categorical,26,12,24,jspace,ok,action,,,
0.5833333333333334,0.5,inspection,categorical,27,12,24,residual,ok,action,,,
0.5833333333333334,0.5,inspection,categorical,27,12,24,jspace,ok,action,,,
0.5833333333333334,0.5,inspection,categorical,28,12,24,residual,ok,action,,,
0.5833333333333334,0.5,inspection,categorical,28,12,24,jspace,ok,action,,,
0.5833333333333334,0.5,inspection,categorical,29,12,24,residual,ok,action,,,
0.5833333333333334,0.5,inspection,categorical,29,12,24,jspace,ok,action,,,
0.5833333333333334,0.5,inspection,categorical,30,12,24,residual,ok,action,,,
0.5833333333333334,0.5,inspection,categorical,30,12,24,jspace,ok,action,,,
1.0,1.0,inspection,categorical,31,12,24,residual,ok,action,,,
0.5833333333333334,0.5,inspection,categorical,31,12,24,jspace,ok,action,,,
0.8333333333333334,0.8,inspection,categorical,32,12,24,residual,ok,action,,,
0.5833333333333334,0.5,inspection,categorical,32,12,24,jspace,ok,action,,,
1.0,1.0,inspection,categorical,33,12,24,residual,ok,action,,,
0.5833333333333334,0.5,inspection,categorical,33,12,24,jspace,ok,action,,,
1.0,1.0,inspection,categorical,34,12,24,residual,ok,action,,,
0.5833333333333334,0.5,inspection,categorical,34,12,24,jspace,ok,action,,,
1.0,1.0,inspection,categorical,35,12,24,residual,ok,action,,,
0.5833333333333334,0.5,inspection,categorical,35,12,24,jspace,ok,action,,,
1.0,1.0,inspection,categorical,36,12,24,residual,ok,action,,,
0.5833333333333334,0.5,inspection,categorical,36,12,24,jspace,ok,action,,,
0.8333333333333334,0.8,inspection,categorical,37,12,24,residual,ok,action,,,
0.5833333333333334,0.5,inspection,categorical,37,12,24,jspace,ok,action,,,
1.0,1.0,inspection,categorical,38,12,24,residual,ok,action,,,
0.5833333333333334,0.5,inspection,categorical,38,12,24,jspace,ok,action,,,
0.6666666666666666,0.6,inspection,categorical,39,12,24,residual,ok,action,,,
0.5833333333333334,0.5,inspection,categorical,39,12,24,jspace,ok,action,,,
0.8333333333333334,0.8,inspection,categorical,40,12,24,residual,ok,action,,,
0.5833333333333334,0.5,inspection,categorical,40,12,24,jspace,ok,action,,,
0.8333333333333334,0.8,inspection,categorical,41,12,24,residual,ok,action,,,
0.5833333333333334,0.5,inspection,categorical,41,12,24,jspace,ok,action,,,
0.6666666666666666,0.6,inspection,categorical,42,12,24,residual,ok,action,,,
0.5833333333333334,0.5,inspection,categorical,42,12,24,jspace,ok,action,,,
1.0,1.0,inspection,categorical,43,12,24,residual,ok,action,,,
0.5833333333333334,0.5,inspection,categorical,43,12,24,jspace,ok,action,,,
1.0,1.0,inspection,categorical,44,12,24,residual,ok,action,,,
0.5833333333333334,0.5,inspection,categorical,44,12,24,jspace,ok,action,,,
1.0,1.0,inspection,categorical,45,12,24,residual,ok,action,,,
0.5833333333333334,0.5,inspection,categorical,45,12,24,jspace,ok,action,,,
1.0,1.0,inspection,categorical,46,12,24,residual,ok,action,,,
0.5833333333333334,0.5,inspection,categorical,46,12,24,jspace,ok,action,,,
1.0,1.0,inspection,categorical,47,12,24,residual,ok,action,,,
0.5833333333333334,0.5,inspection,categorical,47,12,24,jspace,ok,action,,,
1.0,1.0,inspection,categorical,48,12,24,residual,ok,action,,,
0.5833333333333334,0.5,inspection,categorical,48,12,24,jspace,ok,action,,,
1.0,1.0,inspection,categorical,49,12,24,residual,ok,action,,,
0.5833333333333334,0.5,inspection,categorical,49,12,24,jspace,ok,action,,,
1.0,1.0,inspection,categorical,50,12,24,residual,ok,action,,,
0.5833333333333334,0.5,inspection,categorical,50,12,24,jspace,ok,action,,,
1.0,1.0,inspection,categorical,51,12,24,residual,ok,action,,,
0.5833333333333334,0.5,inspection,categorical,51,12,24,jspace,ok,action,,,
1.0,1.0,inspection,categorical,52,12,24,residual,ok,action,,,
0.5833333333333334,0.5,inspection,categorical,52,12,24,jspace,ok,action,,,
1.0,1.0,inspection,categorical,53,12,24,residual,ok,action,,,
0.5833333333333334,0.5,inspection,categorical,53,12,24,jspace,ok,action,,,
1.0,1.0,inspection,categorical,54,12,24,residual,ok,action,,,
0.5833333333333334,0.5,inspection,categorical,54,12,24,jspace,ok,action,,,
1.0,1.0,inspection,categorical,55,12,24,residual,ok,action,,,
0.5833333333333334,0.5,inspection,categorical,55,12,24,jspace,ok,action,,,
1.0,1.0,inspection,categorical,56,12,24,residual,ok,action,,,
0.5833333333333334,0.5,inspection,categorical,56,12,24,jspace,ok,action,,,
1.0,1.0,inspection,categorical,57,12,24,residual,ok,action,,,
0.5833333333333334,0.5,inspection,categorical,57,12,24,jspace,ok,action,,,
1.0,1.0,inspection,categorical,58,12,24,residual,ok,action,,,
0.5833333333333334,0.5,inspection,categorical,58,12,24,jspace,ok,action,,,
1.0,1.0,inspection,categorical,59,12,24,residual,ok,action,,,
0.5833333333333334,0.5,inspection,categorical,59,12,24,jspace,ok,action,,,
1.0,1.0,inspection,categorical,60,12,24,residual,ok,action,,,
0.5833333333333334,0.5,inspection,categorical,60,12,24,jspace,ok,action,,,
1.0,1.0,inspection,categorical,61,12,24,residual,ok,action,,,
0.5833333333333334,0.5,inspection,categorical,61,12,24,jspace,ok,action,,,
1.0,1.0,inspection,categorical,62,12,24,residual,ok,action,,,
0.5833333333333334,0.5,inspection,categorical,62,12,24,jspace,ok,action,,,
,,inspection,scalar,-1,12,24,output,ok,belief,0.7598873728729851,0.11532853295405705,0.4666103610921837
,,inspection,scalar,0,12,24,residual,ok,belief,0.8895942449834582,0.15784249280889828,0.20608427189064338
,,inspection,scalar,0,12,24,jspace,ok,belief,-0.20477935250087068,0.17500949056115223,-5.7247940655535956e-05
,,inspection,scalar,1,12,24,residual,ok,belief,0.9137606851386604,0.6301294893026351,-8.744405918622766
,,inspection,scalar,1,12,24,jspace,ok,belief,-0.058952356015368836,0.175001181435269,-0.0007100274977844823
,,inspection,scalar,2,12,24,residual,ok,belief,0.9507245889612027,0.5953850626945495,-7.647420723126395
,,inspection,scalar,2,12,24,jspace,ok,belief,0.21341758358262053,0.17499800496903303,0.00011178095931596577
,,inspection,scalar,3,12,24,residual,ok,belief,0.9747737332580011,0.761547593275706,-13.039806580226676
,,inspection,scalar,3,12,24,jspace,ok,belief,0.38348329918230467,0.1747805188494523,-2.344619428384931e-06
,,inspection,scalar,4,12,24,residual,ok,belief,0.9642598795205378,0.25367432137330376,-0.6315381382667415
,,inspection,scalar,4,12,24,jspace,ok,belief,-0.19134640643749667,0.17500499699164815,-2.5357833503214522e-05
,,inspection,scalar,5,12,24,residual,ok,belief,0.9524857065120478,0.30757391502459847,-1.3747336334806768
,,inspection,scalar,5,12,24,jspace,ok,belief,0.170855011878902,0.17500169075732877,-1.87432945313315e-05
,,inspection,scalar,6,12,24,residual,ok,belief,0.9635576696982234,0.4874144226312637,-4.802128408091961
,,inspection,scalar,6,12,24,jspace,ok,belief,0.24551353256171116,0.1749820151185587,0.00014224063337886506
,,inspection,scalar,7,12,24,residual,ok,belief,0.9692890302545625,0.06659168253342311,0.8376957493133649
,,inspection,scalar,7,12,24,jspace,ok,belief,0.3900584936230679,0.17498865527829807,0.00012503058931390143
,,inspection,scalar,8,12,24,residual,ok,belief,0.9682201834373275,0.41191946764787035,-3.169360608067091
,,inspection,scalar,8,12,24,jspace,ok,belief,0.29918102276378133,0.1749978513160236,2.8967695561266105e-05
,,inspection,scalar,9,12,24,residual,ok,belief,0.9655395109792091,0.05339044531186422,0.9008007739540421
,,inspection,scalar,9,12,24,jspace,ok,belief,0.3115960001467593,0.17499954198573808,-1.1926761864788915e-06
,,inspection,scalar,10,12,24,residual,ok,belief,0.9572608707485775,0.07798836256066959,0.8060137316538751
,,inspection,scalar,10,12,24,jspace,ok,belief,-0.03714900649573646,0.17499982997210337,-1.516503999932084e-06
,,inspection,scalar,11,12,24,residual,ok,belief,0.9535253467002074,0.05061228672663371,0.9032540119797157
,,inspection,scalar,11,12,24,jspace,ok,belief,0.37917127922475385,0.17499405744159632,5.418243058941119e-05
,,inspection,scalar,12,12,24,residual,ok,belief,0.8640402550778442,0.08201954041918119,0.7331411987510774
,,inspection,scalar,12,12,24,jspace,ok,belief,0.014426338192494531,0.1750011345429124,6.139852424480452e-06
,,inspection,scalar,13,12,24,residual,ok,belief,0.8904700154942197,0.3083045514921347,-1.5005191230876447
,,inspection,scalar,13,12,24,jspace,ok,belief,-0.19319727667617756,0.1750002313938537,-0.00013858897543772564
,,inspection,scalar,14,12,24,residual,ok,belief,0.8654571349563179,0.396729181955258,-3.0474385225995153
,,inspection,scalar,14,12,24,jspace,ok,belief,0.3568397149632997,0.17499570476666793,5.163715841083327e-05
,,inspection,scalar,15,12,24,residual,ok,belief,0.8645303030913397,0.2863957901795705,-1.2422107384829584
,,inspection,scalar,15,12,24,jspace,ok,belief,0.11010781496108035,0.17499550695845797,2.3820404252861138e-05
,,inspection,scalar,16,12,24,residual,ok,belief,0.879692723065284,0.1933507243792216,-0.14726211816357093
,,inspection,scalar,16,12,24,jspace,ok,belief,0.3600794885867171,0.17496751986144699,0.00019804141459478508
,,inspection,scalar,17,12,24,residual,ok,belief,0.918588413312425,0.16966460372010864,0.160969384030476
,,inspection,scalar,17,12,24,jspace,ok,belief,-0.31807463735447905,0.17504850650426548,-0.0004284487337860021
,,inspection,scalar,18,12,24,residual,ok,belief,0.928731755216173,0.21139644260207813,-0.22130149845880598
,,inspection,scalar,18,12,24,jspace,ok,belief,0.6201869059242425,0.17499379098309745,4.531077397906813e-05
,,inspection,scalar,19,12,24,residual,ok,belief,0.9439476375794784,0.28324179401000343,-1.0502274127471942
,,inspection,scalar,19,12,24,jspace,ok,belief,-0.15622261680580904,0.1750135172316876,-6.470474510966717e-05
,,inspection,scalar,20,12,24,residual,ok,belief,0.9656410378747756,0.19078842848539354,0.014970347301900722
,,inspection,scalar,20,12,24,jspace,ok,belief,0.617900149975738,0.17499777287404847,1.960093499708826e-05
,,inspection,scalar,21,12,24,residual,ok,belief,0.9589801693542799,0.15785609632730482,0.28997656543345174
,,inspection,scalar,21,12,24,jspace,ok,belief,-0.2563574694088492,0.17500057633096164,-3.221268737640948e-05
,,inspection,scalar,22,12,24,residual,ok,belief,0.9473370270453307,0.07628954276442529,0.8187254927388271
,,inspection,scalar,22,12,24,jspace,ok,belief,0.8440154139397265,0.1749967442869188,3.275940725611104e-05
,,inspection,scalar,23,12,24,residual,ok,belief,0.9619729057475586,0.3615830793976784,-2.2408863947767133
,,inspection,scalar,23,12,24,jspace,ok,belief,-0.06477253563774837,0.17500632841344674,-1.4604722739619547e-05
,,inspection,scalar,24,12,24,residual,ok,belief,0.9536550572512796,0.09613253374894459,0.7162513280992021
,,inspection,scalar,24,12,24,jspace,ok,belief,0.34509413693933205,0.17499063452571403,9.054902030747325e-05
,,inspection,scalar,25,12,24,residual,ok,belief,0.9681198216420577,0.0586546135445436,0.8978651492886848
,,inspection,scalar,25,12,24,jspace,ok,belief,0.3478738362645391,0.1749960399838848,3.799617600985794e-05
,,inspection,scalar,26,12,24,residual,ok,belief,0.9603491797672042,0.1310419832666715,0.5015522793227578
,,inspection,scalar,26,12,24,jspace,ok,belief,0.306866748623391,0.17492103994786234,0.0014238453746404645
,,inspection,scalar,27,12,24,residual,ok,belief,0.9864077112714593,0.10058099354306856,0.6840763603634026
,,inspection,scalar,27,12,24,jspace,ok,belief,0.20327596950170848,0.17499435818602885,4.8765611235790374e-05
,,inspection,scalar,28,12,24,residual,ok,belief,0.9763587980035909,0.21107794046401976,-0.18280382620231328
,,inspection,scalar,28,12,24,jspace,ok,belief,-0.18388555962532052,0.17500037968561785,-9.77859465867148e-06
,,inspection,scalar,29,12,24,residual,ok,belief,0.9713363583553876,0.2940608332554499,-1.192436928094227
,,inspection,scalar,29,12,24,jspace,ok,belief,0.11872450075103082,0.17499915704694233,3.779195331565788e-06
,,inspection,scalar,30,12,24,residual,ok,belief,0.970576253468473,0.2845982829729716,-1.0826791388156973
,,inspection,scalar,30,12,24,jspace,ok,belief,0.03003444181717578,0.17500166862539465,1.4833224099009001e-06
,,inspection,scalar,31,12,24,residual,ok,belief,0.945898315149018,0.30893896073102955,-1.4233282511007772
,,inspection,scalar,31,12,24,jspace,ok,belief,0.7068133104591589,0.17499226284697544,0.00010422155716971471
,,inspection,scalar,32,12,24,residual,ok,belief,0.8936724726770385,0.08984928652644157,0.7230861966120385
,,inspection,scalar,32,12,24,jspace,ok,belief,0.15250283825880315,0.1749986596511591,2.4982063415723843e-05
,,inspection,scalar,33,12,24,residual,ok,belief,0.9083255237961,0.26450844655434297,-0.8628930598114961
,,inspection,scalar,33,12,24,jspace,ok,belief,-0.5312639331907444,0.18117011561782048,-0.05052020425074066
,,inspection,scalar,34,12,24,residual,ok,belief,0.9103033847545893,0.11660067836443581,0.5615220969084544
,,inspection,scalar,34,12,24,jspace,ok,belief,0.08020108762866988,0.17500453162177607,1.3778339047476607e-05
,,inspection,scalar,35,12,24,residual,ok,belief,0.9152426443385656,0.1202572668592135,0.5096324125718268
,,inspection,scalar,35,12,24,jspace,ok,belief,0.001034721703738171,0.1749992063714757,-2.8356127046436086e-07
,,inspection,scalar,36,12,24,residual,ok,belief,0.9066939438681657,0.11928091992934546,0.4660175410851153
,,inspection,scalar,36,12,24,jspace,ok,belief,0.7012372754664351,0.17499530515111716,4.06093636003968e-05
,,inspection,scalar,37,12,24,residual,ok,belief,0.9042905560836817,0.0967939155797164,0.6880085158173205
,,inspection,scalar,37,12,24,jspace,ok,belief,0.38317699408802464,0.17498276070763422,9.699843192845226e-05
,,inspection,scalar,38,12,24,residual,ok,belief,0.9193712702234689,0.08619181538621586,0.7666457317412922
,,inspection,scalar,38,12,24,jspace,ok,belief,0.7323356084688051,0.1749760929058797,0.00023454315908244538
,,inspection,scalar,39,12,24,residual,ok,belief,0.93137226868538,0.06483994523684185,0.8655218577838562
,,inspection,scalar,39,12,24,jspace,ok,belief,0.771831839058548,0.1749664502287724,0.00031237002252659796
,,inspection,scalar,40,12,24,residual,ok,belief,0.9337079668535863,0.08286468386650087,0.782479811122021
,,inspection,scalar,40,12,24,jspace,ok,belief,0.7275447146828714,0.17043921041445484,0.03736067852415548
,,inspection,scalar,41,12,24,residual,ok,belief,0.9338662498952939,0.08095144952336948,0.8030799011839703
,,inspection,scalar,41,12,24,jspace,ok,belief,0.388359195831931,0.16950331231883328,0.04760167531537518
,,inspection,scalar,42,12,24,residual,ok,belief,0.9286958151088499,0.07120391378800076,0.8097021693943393
,,inspection,scalar,42,12,24,jspace,ok,belief,0.75518233427912,0.1748948822335841,0.0009153698444822611
,,inspection,scalar,43,12,24,residual,ok,belief,0.9286069804550946,0.0775349629422029,0.7482919428973234
,,inspection,scalar,43,12,24,jspace,ok,belief,-0.09135284444702486,0.17708577485061675,-0.009809941949955991
,,inspection,scalar,44,12,24,residual,ok,belief,0.9006450813184596,0.08269976948698363,0.7244339863900069
,,inspection,scalar,44,12,24,jspace,ok,belief,0.4137684271532246,0.17052518735824926,0.027074431734069537
,,inspection,scalar,45,12,24,residual,ok,belief,0.8800464435260302,0.1001183864971002,0.5648068604889561
,,inspection,scalar,45,12,24,jspace,ok,belief,0.4699255007016056,0.1749335996175163,0.0007929863558500116
,,inspection,scalar,46,12,24,residual,ok,belief,0.8868021638050401,0.08874015087882677,0.6412792081409566
,,inspection,scalar,46,12,24,jspace,ok,belief,-0.48755014535015123,0.17547851071520537,-0.004094850162104535
,,inspection,scalar,47,12,24,residual,ok,belief,0.7593254347361157,0.11798217197259268,0.47462257859706825
,,inspection,scalar,47,12,24,jspace,ok,belief,0.5067293531666834,0.1748720076632995,0.0012267350203764016
,,inspection,scalar,48,12,24,residual,ok,belief,0.7943300415183215,0.09752319281299911,0.5788730054080728
,,inspection,scalar,48,12,24,jspace,ok,belief,0.295691986868632,0.17487261637580065,0.0007408315559155332
,,inspection,scalar,49,12,24,residual,ok,belief,0.769805380130201,0.11039262960354486,0.5518362078908691
,,inspection,scalar,49,12,24,jspace,ok,belief,0.5625916749191938,0.17493457835400053,0.0005379575457618024
,,inspection,scalar,50,12,24,residual,ok,belief,0.8745490958847876,0.1692908465862274,0.17379346472800128
,,inspection,scalar,50,12,24,jspace,ok,belief,0.7161682578606445,0.17482734498043526,0.0015257045641347
,,inspection,scalar,51,12,24,residual,ok,belief,0.8214579930667195,0.15124672750631965,0.3290179501749052
,,inspection,scalar,51,12,24,jspace,ok,belief,0.6175649813641004,0.17421787035303013,0.005625811520612034
,,inspection,scalar,52,12,24,residual,ok,belief,0.8560651157885882,0.15440226942300794,0.313846867475871
,,inspection,scalar,52,12,24,jspace,ok,belief,0.7171410023947948,0.1744776481389415,0.0039777441598291
,,inspection,scalar,53,12,24,residual,ok,belief,0.8865809333400324,0.21511226693789168,-0.36321964081669034
,,inspection,scalar,53,12,24,jspace,ok,belief,0.718247886506236,0.1739999995523319,0.008011850775092588
,,inspection,scalar,54,12,24,residual,ok,belief,0.8970940749588521,0.25940308272838597,-0.9078887093921253
,,inspection,scalar,54,12,24,jspace,ok,belief,0.771846306418114,0.1731328603179166,0.016601059452168276
,,inspection,scalar,55,12,24,residual,ok,belief,0.9112510009582949,0.2097762008508047,-0.30497973775507803
,,inspection,scalar,55,12,24,jspace,ok,belief,0.744085958059219,0.1678489531863164,0.0590295032439806
,,inspection,scalar,56,12,24,residual,ok,belief,0.9195158766667781,0.21665962338447575,-0.3589868457512424
,,inspection,scalar,56,12,24,jspace,ok,belief,0.7815311396943303,0.16668926657715263,0.06955438333224395
,,inspection,scalar,57,12,24,residual,ok,belief,0.9109841692036231,0.30154959162076317,-1.438699095136156
,,inspection,scalar,57,12,24,jspace,ok,belief,0.8011985089872923,0.16299070850225375,0.10114552342152294
,,inspection,scalar,58,12,24,residual,ok,belief,0.913724631739055,0.2810128410657247,-1.1951195102223227
,,inspection,scalar,58,12,24,jspace,ok,belief,0.6132318118008413,0.15909645272957676,0.12724666381932948
,,inspection,scalar,59,12,24,residual,ok,belief,0.8937128812106195,0.3227335095405579,-1.7168821449000542
,,inspection,scalar,59,12,24,jspace,ok,belief,0.7746737051544155,0.17165928426013377,0.02673796981639298
,,inspection,scalar,60,12,24,residual,ok,belief,0.8792630545400912,0.3110132917761803,-1.5611179736587268
,,inspection,scalar,60,12,24,jspace,ok,belief,0.7580630845982608,0.15590555646976823,0.14926572012437056
,,inspection,scalar,61,12,24,residual,ok,belief,0.8759414167840179,0.2783728222052257,-1.1053147650802373
,,inspection,scalar,61,12,24,jspace,ok,belief,0.7427984705309706,0.13152860448866466,0.3871442782677281
,,inspection,scalar,62,12,24,residual,ok,belief,0.84384122764857,0.29890942623217903,-1.4467943929761464
,,inspection,scalar,62,12,24,jspace,ok,belief,0.7345712394281116,0.1323048861642697,0.38196371571583787
,,inspection,scalar,-1,12,24,output,ok,objective,0.9197373423375305,0.9649701635042828,0.7222204938164898
,,inspection,scalar,0,12,24,residual,ok,objective,0.8960904973691811,1.568348832925161,0.4859617993787565
,,inspection,scalar,0,12,24,jspace,ok,objective,-0.11208042861119119,2.3834759826760035,-3.712722699189541e-05
,,inspection,scalar,1,12,24,residual,ok,objective,0.913146044235563,5.856119044621785,-4.205256234200538
,,inspection,scalar,1,12,24,jspace,ok,objective,0.03653452599898834,2.3833419772805544,-0.0003337054004268758
,,inspection,scalar,2,12,24,residual,ok,objective,0.9342246371417148,3.295589832464854,-0.7250527780403573
,,inspection,scalar,2,12,24,jspace,ok,objective,0.2768347920403375,2.3833097452050214,0.00013675035888416343
,,inspection,scalar,3,12,24,residual,ok,objective,0.9377779309335454,4.956965315341949,-2.7350749917979225
,,inspection,scalar,3,12,24,jspace,ok,objective,0.29367051943854783,2.380620625521112,1.5104416939415444e-05
,,inspection,scalar,4,12,24,residual,ok,objective,0.9401694347963871,5.107780090967814,-2.953179581726885
,,inspection,scalar,4,12,24,jspace,ok,objective,-0.4822507150452039,2.3834335430544615,-7.769714549810125e-05
,,inspection,scalar,5,12,24,residual,ok,objective,0.9418660442786069,0.7961724559466045,0.8768657636009337
,,inspection,scalar,5,12,24,jspace,ok,objective,0.25470360490983923,2.3833326945663953,1.9317692293574495e-06
,,inspection,scalar,6,12,24,residual,ok,objective,0.9707491016914731,1.6369108239809673,0.5479332205681058
,,inspection,scalar,6,12,24,jspace,ok,objective,0.2777609609252233,2.382954280894663,0.00026459958861979604
,,inspection,scalar,7,12,24,residual,ok,objective,0.9686798504574122,6.214520406723023,-4.745928274540122
,,inspection,scalar,7,12,24,jspace,ok,objective,0.03864573377520429,2.3833014717554604,6.716862510303123e-06
,,inspection,scalar,8,12,24,residual,ok,objective,0.9795922064612328,5.0218712766965234,-2.753506885770239
,,inspection,scalar,8,12,24,jspace,ok,objective,0.30911213087038947,2.383295880819898,3.9860197724839175e-05
,,inspection,scalar,9,12,24,residual,ok,objective,0.9840526962080633,0.5872208635012308,0.9315361428237731
,,inspection,scalar,9,12,24,jspace,ok,objective,0.5346973942570937,2.3833308621769134,-4.193070620495121e-06
,,inspection,scalar,10,12,24,residual,ok,objective,0.978119386349748,1.315947163105011,0.6983968192989487
,,inspection,scalar,10,12,24,jspace,ok,objective,0.6013043878326667,2.3833139847012395,2.0661556902834555e-05
,,inspection,scalar,11,12,24,residual,ok,objective,0.9751433690309528,0.5603949348131817,0.9367600539837683
,,inspection,scalar,11,12,24,jspace,ok,objective,0.3314588064698998,2.3832775061011024,3.837988822397165e-05
,,inspection,scalar,12,12,24,residual,ok,objective,0.9263898828578582,3.510243805249532,-0.9627222883764732
,,inspection,scalar,12,12,24,jspace,ok,objective,-0.03983776787714686,2.3833321974490986,-2.3013441915686883e-05
,,inspection,scalar,13,12,24,residual,ok,objective,0.9535655218451246,5.793217770258586,-4.0232398701953995
,,inspection,scalar,13,12,24,jspace,ok,objective,0.018364028295238234,2.3833334650802502,-8.096250361888657e-05
,,inspection,scalar,14,12,24,residual,ok,objective,0.9212665291124378,6.415298930803935,-5.198363032579895
,,inspection,scalar,14,12,24,jspace,ok,objective,0.036127788570399624,2.383359526924924,1.1388905322706755e-05
,,inspection,scalar,15,12,24,residual,ok,objective,0.9309062595508785,5.249578070640564,-3.2105319319271253
,,inspection,scalar,15,12,24,jspace,ok,objective,0.33106222598319773,2.383227163275335,8.562549567259214e-05
,,inspection,scalar,16,12,24,residual,ok,objective,0.9415245236662185,3.96218577226003,-1.4569286964558774
,,inspection,scalar,16,12,24,jspace,ok,objective,0.4137476754884298,2.382875342688729,0.0002568705353320766
,,inspection,scalar,17,12,24,residual,ok,objective,0.9672479944342972,2.4920507391293842,0.020844858036273783
,,inspection,scalar,17,12,24,jspace,ok,objective,-0.31635405654539483,2.3839445839867612,-0.0004193907835579047
,,inspection,scalar,18,12,24,residual,ok,objective,0.9842372053314099,1.935526200135549,0.39844890000324396
,,inspection,scalar,18,12,24,jspace,ok,objective,0.6813833290595399,2.3832441141083773,7.38952835913631e-05
,,inspection,scalar,19,12,24,residual,ok,objective,0.9756569114472278,1.8871638456980389,0.4150416733101583
,,inspection,scalar,19,12,24,jspace,ok,objective,0.30005581372486007,2.3832293661238797,9.124155483319907e-05
,,inspection,scalar,20,12,24,residual,ok,objective,0.9840810955230103,3.345031785964966,-0.723822801469667
,,inspection,scalar,20,12,24,jspace,ok,objective,0.6321577581599885,2.383315587297568,1.1154586308737002e-05
,,inspection,scalar,21,12,24,residual,ok,objective,0.9876323280905118,2.8177126526832583,-0.23304795382173982
,,inspection,scalar,21,12,24,jspace,ok,objective,-0.20845714807407423,2.3833424470800666,-1.181675951489325e-05
,,inspection,scalar,22,12,24,residual,ok,objective,0.9788318076642961,0.528162713845571,0.9404682768276712
,,inspection,scalar,22,12,24,jspace,ok,objective,0.7811513027109301,2.3832915340281673,2.879081287687768e-05
,,inspection,scalar,23,12,24,residual,ok,objective,0.9771744569097304,3.2816909035046895,-0.6417868655725252
,,inspection,scalar,23,12,24,jspace,ok,objective,-0.301677729070763,2.3834079366740855,-5.829817804214876e-05
,,inspection,scalar,24,12,24,residual,ok,objective,0.955104309577558,1.0791748285293579,0.7637211101264354
,,inspection,scalar,24,12,24,jspace,ok,objective,0.18164661376322713,2.3831868855667704,5.812207838085115e-05
,,inspection,scalar,25,12,24,residual,ok,objective,0.9686664260169003,0.7383505304654441,0.88292802459657
,,inspection,scalar,25,12,24,jspace,ok,objective,0.425974978655724,2.3832927601685516,3.652713158408538e-05
,,inspection,scalar,26,12,24,residual,ok,objective,0.9799297865307514,1.1210815827051799,0.75547616812824
,,inspection,scalar,26,12,24,jspace,ok,objective,0.2848340572683906,2.3796367464118227,0.0043885551451905425
,,inspection,scalar,27,12,24,residual,ok,objective,0.9841524165397076,3.780445925394694,-1.1623157412425589
,,inspection,scalar,27,12,24,jspace,ok,objective,0.274330088052257,2.3832202056077865,0.00011743589914015029
,,inspection,scalar,28,12,24,residual,ok,objective,0.9883510079810316,2.723075262705485,-0.14219327632638934
,,inspection,scalar,28,12,24,jspace,ok,objective,-0.09225572994732022,2.383339101311777,-2.9376722776586206e-06
,,inspection,scalar,29,12,24,residual,ok,objective,0.9848720863605761,4.2310585101445515,-1.6887303927157982
,,inspection,scalar,29,12,24,jspace,ok,objective,-0.011719261151826773,2.3833455375422776,-4.973067515567919e-07
,,inspection,scalar,30,12,24,residual,ok,objective,0.9841808108820076,2.5602253397305805,-0.019968180331709107
,,inspection,scalar,30,12,24,jspace,ok,objective,-0.15128706716007503,2.383355753090338,-6.881195333097168e-06
,,inspection,scalar,31,12,24,residual,ok,objective,0.9589859327910433,4.436611998081207,-1.9730209773137153
,,inspection,scalar,31,12,24,jspace,ok,objective,0.5458388081148962,2.383228863737284,8.19760469735753e-05
,,inspection,scalar,32,12,24,residual,ok,objective,0.9268255694808482,0.9615975578625996,0.7932353872346587
,,inspection,scalar,32,12,24,jspace,ok,objective,0.2401972938598608,2.383298186445597,3.3375493122211886e-05
,,inspection,scalar,33,12,24,residual,ok,objective,0.9738853784901554,0.6573558886845907,0.9000775335564615
,,inspection,scalar,33,12,24,jspace,ok,objective,-0.4718997406477349,2.450191784701218,-0.03788428476676042
,,inspection,scalar,34,12,24,residual,ok,objective,0.9730729690979221,0.45024623076121034,0.9412627275235013
,,inspection,scalar,34,12,24,jspace,ok,objective,-0.05791990605985637,2.383365273274873,-1.101217520060871e-05
,,inspection,scalar,35,12,24,residual,ok,objective,0.976676361075491,0.8238272507985434,0.8741234451542461
,,inspection,scalar,35,12,24,jspace,ok,objective,0.4314694023833474,2.3832629191531454,7.212293715208595e-05
,,inspection,scalar,36,12,24,residual,ok,objective,0.9862727030818547,0.6960926850636802,0.8977332393137557
,,inspection,scalar,36,12,24,jspace,ok,objective,0.8649440861440728,2.383263524944943,5.562793781632713e-05
,,inspection,scalar,37,12,24,residual,ok,objective,0.9894866222118239,0.5746743122736614,0.9197651407707581
,,inspection,scalar,37,12,24,jspace,ok,objective,0.6531887446951341,2.3831238261699697,0.00014802869629981785
,,inspection,scalar,38,12,24,residual,ok,objective,0.9845126439262454,0.6567983071009319,0.8876794070206776
,,inspection,scalar,38,12,24,jspace,ok,objective,0.8213830674356047,2.3829958883993902,0.0002903133942923075
,,inspection,scalar,39,12,24,residual,ok,objective,0.9866182931865962,0.5153456171353659,0.9230483385629503
,,inspection,scalar,39,12,24,jspace,ok,objective,0.9038483597038913,2.382757692626166,0.0005081769254260404
,,inspection,scalar,40,12,24,residual,ok,objective,0.9815384687713452,0.5290360212326051,0.9231744151688132
,,inspection,scalar,40,12,24,jspace,ok,objective,0.8808647539327128,2.263515947304734,0.09074419207133078
,,inspection,scalar,41,12,24,residual,ok,objective,0.9836425054892755,0.6527751843134563,0.9128975124289447
,,inspection,scalar,41,12,24,jspace,ok,objective,0.4188112355484516,2.2875126690268623,0.06146417211007371
,,inspection,scalar,42,12,24,residual,ok,objective,0.9792047281031301,0.8559507727622987,0.7841248050242655
,,inspection,scalar,42,12,24,jspace,ok,objective,0.898670978011191,2.3819095550469953,0.0011523291704818028
,,inspection,scalar,43,12,24,residual,ok,objective,0.9832636119101575,0.6514086008071899,0.9127400471938716
,,inspection,scalar,43,12,24,jspace,ok,objective,-0.27514084612532963,2.4012767885282225,-0.01657004791691552
,,inspection,scalar,44,12,24,residual,ok,objective,0.9801927027625512,0.6589658935864766,0.9225613072238983
,,inspection,scalar,44,12,24,jspace,ok,objective,0.4213707659447748,2.3358667708344907,0.02224273027465351
,,inspection,scalar,45,12,24,residual,ok,objective,0.9836473458062409,0.3892433722813924,0.9620721105963456
,,inspection,scalar,45,12,24,jspace,ok,objective,0.7199271451169253,2.3820676743682667,0.0014725964805961667
,,inspection,scalar,46,12,24,residual,ok,objective,0.9717445020998947,0.5072780330975851,0.9230451275612869
,,inspection,scalar,46,12,24,jspace,ok,objective,-0.44632205671874503,2.392525422168829,-0.005627344942447321
,,inspection,scalar,47,12,24,residual,ok,objective,0.9958859895709654,0.5254636287689208,0.9500965243754305
,,inspection,scalar,47,12,24,jspace,ok,objective,0.3532966433382947,2.382047968334314,0.0013782783586524516
,,inspection,scalar,48,12,24,residual,ok,objective,0.9914788824123798,0.31518352826436374,0.9766368609523124
,,inspection,scalar,48,12,24,jspace,ok,objective,0.4884945588569662,2.380600655353334,0.0019841488180014633
,,inspection,scalar,49,12,24,residual,ok,objective,0.9946446216280543,0.2966374913851421,0.9781095984787247
,,inspection,scalar,49,12,24,jspace,ok,objective,0.6798682677927045,2.3824964485177933,0.0006560881547914565
,,inspection,scalar,50,12,24,residual,ok,objective,0.9856425201664221,0.8749855081240336,0.8577162460842706
,,inspection,scalar,50,12,24,jspace,ok,objective,0.7851296636346305,2.38111331969147,0.001849113151325743
,,inspection,scalar,51,12,24,residual,ok,objective,0.9855548831104983,0.8249626239140828,0.8682820929956085
,,inspection,scalar,51,12,24,jspace,ok,objective,0.7969879574046914,2.3740021605976467,0.006784833584100203
,,inspection,scalar,52,12,24,residual,ok,objective,0.9728906380389761,0.7451349814732869,0.8867621871281526
,,inspection,scalar,52,12,24,jspace,ok,objective,0.9152576990427911,2.376498588442891,0.005371683566570029
,,inspection,scalar,53,12,24,residual,ok,objective,0.9755677924578232,1.4207124193509422,0.6529600545783278
,,inspection,scalar,53,12,24,jspace,ok,objective,0.8959063235893914,2.3690165569009647,0.011072770881787264
,,inspection,scalar,54,12,24,residual,ok,objective,0.9798593095387799,1.4635593573252361,0.6227069058097874
,,inspection,scalar,54,12,24,jspace,ok,objective,0.9233335332070893,2.355512244944349,0.023017605966877075
,,inspection,scalar,55,12,24,residual,ok,objective,0.9824392343338092,0.9625512838363647,0.8270813796018976
,,inspection,scalar,55,12,24,jspace,ok,objective,0.8928538931996174,2.276783838135436,0.08225079092548615
,,inspection,scalar,56,12,24,residual,ok,objective,0.9799472151904784,0.9530261834462483,0.8257355836494904
,,inspection,scalar,56,12,24,jspace,ok,objective,0.9241039040425917,2.2587748789258586,0.09618074081616634
,,inspection,scalar,57,12,24,residual,ok,objective,0.9834302248524883,1.7328078428904217,0.48658459046687497
,,inspection,scalar,57,12,24,jspace,ok,objective,0.9328034998524444,2.202167873690937,0.13865007560032905
,,inspection,scalar,58,12,24,residual,ok,objective,0.9753350766026786,1.6929419318834942,0.4952468557846782
,,inspection,scalar,58,12,24,jspace,ok,objective,0.8130950408718525,2.097675911196537,0.20041657108684996
,,inspection,scalar,59,12,24,residual,ok,objective,0.9814187490146843,1.4816319227218628,0.6406570975493251
,,inspection,scalar,59,12,24,jspace,ok,objective,0.8830480491536445,2.333984740371458,0.036042281726155645
,,inspection,scalar,60,12,24,residual,ok,objective,0.9710628681193108,2.059765108426412,0.3174057994544438
,,inspection,scalar,60,12,24,jspace,ok,objective,0.8986883701826404,2.102441896869117,0.20485788840161356
,,inspection,scalar,61,12,24,residual,ok,objective,0.9614526652780002,1.2296441276868184,0.7567396661499166
,,inspection,scalar,61,12,24,jspace,ok,objective,0.8915623813637159,1.5300870557202524,0.5448045725215575
,,inspection,scalar,62,12,24,residual,ok,objective,0.9461942697549177,1.046126695473989,0.8039129805638485
,,inspection,scalar,62,12,24,jspace,ok,objective,0.8899588342049958,1.540709911805111,0.5428963052909879
,,inspection,scalar,-1,12,24,output,ok,value_margin,0.6360402222245064,0.8460127413272859,0.40279355658805316
,,inspection,scalar,0,12,24,residual,ok,value_margin,0.7978826099804207,2.3562692642211913,-2.012628237361281
,,inspection,scalar,0,12,24,jspace,ok,value_margin,0.5217637270701004,1.3166517873947259,3.180254805656979e-05
,,inspection,scalar,1,12,24,residual,ok,value_margin,0.8829793666163667,3.5483545323212944,-5.173495882566837
,,inspection,scalar,1,12,24,jspace,ok,value_margin,0.22946609905793258,1.316828955573822,0.0005819226230342478
,,inspection,scalar,2,12,24,residual,ok,value_margin,0.8759793778962873,5.191995008786519,-11.83691148480733
,,inspection,scalar,2,12,24,jspace,ok,value_margin,-0.27095177378402446,1.3167187767614161,-4.810608645944292e-05
,,inspection,scalar,3,12,24,residual,ok,value_margin,0.8745178133358327,4.748623673121134,-9.774670876812621
,,inspection,scalar,3,12,24,jspace,ok,value_margin,0.5105932476196804,1.314996250855599,0.0009311181084545872
,,inspection,scalar,4,12,24,residual,ok,value_margin,0.8313346704809693,8.628812535603842,-34.106230211472834
,,inspection,scalar,4,12,24,jspace,ok,value_margin,-0.32393205267374037,1.3167298680109756,-5.4361047241879845e-05
,,inspection,scalar,5,12,24,residual,ok,value_margin,0.8221730309883588,4.705389006932577,-9.671489491098168
,,inspection,scalar,5,12,24,jspace,ok,value_margin,-0.15632849552148373,1.3166765396019204,-2.907611325642101e-05
,,inspection,scalar,6,12,24,residual,ok,value_margin,0.8884065641425178,7.693597380320231,-26.874770251612183
,,inspection,scalar,6,12,24,jspace,ok,value_margin,-0.09558887085241105,1.3167950688239327,-5.6758637269282985e-05
,,inspection,scalar,7,12,24,residual,ok,value_margin,0.8899264684312891,6.9777676900227865,-22.013043408485157
,,inspection,scalar,7,12,24,jspace,ok,value_margin,0.21291000488233922,1.316643219815847,0.0001242754325030404
,,inspection,scalar,8,12,24,residual,ok,value_margin,0.8832524912795755,8.382660531997681,-32.12830233020951
,,inspection,scalar,8,12,24,jspace,ok,value_margin,0.13245506200248167,1.3166694425643772,1.949375857401847e-05
,,inspection,scalar,9,12,24,residual,ok,value_margin,0.8925999183602497,7.623503033320109,-26.364848917174598
,,inspection,scalar,9,12,24,jspace,ok,value_margin,-0.17169806236774673,1.3166710671955986,-3.245773138260688e-06
,,inspection,scalar,10,12,24,residual,ok,value_margin,0.8989537500852881,5.205540521939596,-11.857708847339138
,,inspection,scalar,10,12,24,jspace,ok,value_margin,-0.07428788396298705,1.3166724605254863,-3.4697914079728776e-06
,,inspection,scalar,11,12,24,residual,ok,value_margin,0.8828637240391917,8.964436833063763,-36.78869156463062
,,inspection,scalar,11,12,24,jspace,ok,value_margin,0.03855189248968082,1.316644204571751,3.6974038992720892e-06
,,inspection,scalar,12,12,24,residual,ok,value_margin,0.7951621578846889,8.591564559936524,-33.90774762811495
,,inspection,scalar,12,12,24,jspace,ok,value_margin,0.03329114872112718,1.3166794026700217,2.5299971637693375e-06
,,inspection,scalar,13,12,24,residual,ok,value_margin,0.7819854509060402,12.353001499176026,-70.72590226160608
,,inspection,scalar,13,12,24,jspace,ok,value_margin,0.2485981719145144,1.3166593241772562,-2.442723445517103e-06
,,inspection,scalar,14,12,24,residual,ok,value_margin,0.7967931967597295,10.365595563252768,-49.582531790776635
,,inspection,scalar,14,12,24,jspace,ok,value_margin,-0.6134762029636615,1.3167556048519413,-0.000131925459836868
,,inspection,scalar,15,12,24,residual,ok,value_margin,0.7411226386111743,10.673930788040161,-52.69881431735498
,,inspection,scalar,15,12,24,jspace,ok,value_margin,0.4425339185452449,1.3164493583035861,0.0003367020536310106
,,inspection,scalar,16,12,24,residual,ok,value_margin,0.7535754454089639,11.400452121098837,-60.1774717358829
,,inspection,scalar,16,12,24,jspace,ok,value_margin,0.5203370786905924,1.3164619990534439,0.0002673511637724113
,,inspection,scalar,17,12,24,residual,ok,value_margin,0.7580320198312895,10.738554382324219,-53.319058693668474
,,inspection,scalar,17,12,24,jspace,ok,value_margin,0.5379310613908976,1.3163982420738882,0.0003752166644934718
,,inspection,scalar,18,12,24,residual,ok,value_margin,0.6798068327770532,6.654834651947021,-20.237185615603924
,,inspection,scalar,18,12,24,jspace,ok,value_margin,0.5786793559892736,1.3166560423971585,8.651674133997034e-06
,,inspection,scalar,19,12,24,residual,ok,value_margin,0.7847481814510402,7.250662310918172,-23.954055673030904
,,inspection,scalar,19,12,24,jspace,ok,value_margin,-0.3701168533555588,1.3168717567019637,-0.0003919721023069034
,,inspection,scalar,20,12,24,residual,ok,value_margin,0.7820746567915964,6.660287563006083,-20.119892907586383
,,inspection,scalar,20,12,24,jspace,ok,value_margin,0.7665663112271842,1.3166433491309049,3.314068106552437e-05
,,inspection,scalar,21,12,24,residual,ok,value_margin,0.7887976116328382,7.559108479817709,-26.091660529855474
,,inspection,scalar,21,12,24,jspace,ok,value_margin,-0.23249300119110236,1.3166791511579836,-1.6175677013174905e-05
,,inspection,scalar,22,12,24,residual,ok,value_margin,0.8022572704704719,7.767270549138388,-27.556212450420453
,,inspection,scalar,22,12,24,jspace,ok,value_margin,0.6836611228279926,1.3166436352756048,3.318484841985381e-05
,,inspection,scalar,23,12,24,residual,ok,value_margin,0.7750673118082728,5.535539929072062,-13.721862499496341
,,inspection,scalar,23,12,24,jspace,ok,value_margin,-0.22000633043843865,1.3166790323596047,-1.650935183938884e-05
,,inspection,scalar,24,12,24,residual,ok,value_margin,0.8157023884111367,6.349068029721578,-18.183169703197763
,,inspection,scalar,24,12,24,jspace,ok,value_margin,0.596174802527809,1.3166523770174081,1.774146591704273e-05
,,inspection,scalar,25,12,24,residual,ok,value_margin,0.8457401808901832,5.6393740415573115,-14.163162487838049
,,inspection,scalar,25,12,24,jspace,ok,value_margin,-0.008819424448101064,1.3166651489553953,-7.246953119821598e-07
,,inspection,scalar,26,12,24,residual,ok,value_margin,0.8671596296412712,6.33498150507609,-18.05350260615449
,,inspection,scalar,26,12,24,jspace,ok,value_margin,0.0691643799900908,1.3147819189359162,0.000713495432889677
,,inspection,scalar,27,12,24,residual,ok,value_margin,0.75826905300164,4.759464009602865,-10.016249697428387
,,inspection,scalar,27,12,24,jspace,ok,value_margin,0.0921339427769154,1.316707824659,2.7620901870806236e-05
,,inspection,scalar,28,12,24,residual,ok,value_margin,0.7143401713216277,5.666752123832702,-14.50701225385175
,,inspection,scalar,28,12,24,jspace,ok,value_margin,-0.1854853831514195,1.3166693073882374,-4.264565120815078e-06
,,inspection,scalar,29,12,24,residual,ok,value_margin,0.7568776207204994,4.988130633036295,-11.106885385722931
,,inspection,scalar,29,12,24,jspace,ok,value_margin,-0.17331563822520898,1.316690839086427,-1.9503530688247395e-05
,,inspection,scalar,30,12,24,residual,ok,value_margin,0.8551490047517799,5.072376354535421,-11.373700383839966
,,inspection,scalar,30,12,24,jspace,ok,value_margin,0.020875492780380336,1.316665677537318,2.301221572187373e-07
,,inspection,scalar,31,12,24,residual,ok,value_margin,0.9457008593650207,1.3415661692619325,0.021774370718957714
,,inspection,scalar,31,12,24,jspace,ok,value_margin,0.3449355649388681,1.3166248130286973,4.528893451283267e-05
,,inspection,scalar,32,12,24,residual,ok,value_margin,0.9335701848341671,1.5587714155515036,-0.40353480646334594
,,inspection,scalar,32,12,24,jspace,ok,value_margin,0.6217343943610619,1.316596419001031,8.524226867001605e-05
,,inspection,scalar,33,12,24,residual,ok,value_margin,0.9253918209790607,0.6828936556975046,0.7160095792417387
,,inspection,scalar,33,12,24,jspace,ok,value_margin,0.798507236954886,1.304206419508812,0.020189449994825748
,,inspection,scalar,34,12,24,residual,ok,value_margin,0.8441218925333152,0.9729361534118652,0.42909344545538863
,,inspection,scalar,34,12,24,jspace,ok,value_margin,-0.514334289812891,1.3167255113878695,-6.787695461385468e-05
,,inspection,scalar,35,12,24,residual,ok,value_margin,0.8048262632933995,1.1384185552597046,0.17837439988178916
,,inspection,scalar,35,12,24,jspace,ok,value_margin,0.09596511985055925,1.3166503552109912,1.0411437539104007e-05
,,inspection,scalar,36,12,24,residual,ok,value_margin,0.7907729682232655,0.8322392503420512,0.5478642090557504
,,inspection,scalar,36,12,24,jspace,ok,value_margin,0.616472059522539,1.3166458856684589,3.702377331327167e-05
,,inspection,scalar,37,12,24,residual,ok,value_margin,0.743441068178287,0.8808470964431763,0.5131380384814617
,,inspection,scalar,37,12,24,jspace,ok,value_margin,0.6888295775682793,1.3165813350905236,0.00013666161593794968
,,inspection,scalar,38,12,24,residual,ok,value_margin,0.7591462395639598,0.8767522692680357,0.5026893838381303
,,inspection,scalar,38,12,24,jspace,ok,value_margin,0.7592867019718833,1.3165492364201736,0.00016503546466017927
,,inspection,scalar,39,12,24,residual,ok,value_margin,0.83141186941136,0.7071853399276734,0.6155031466173129
,,inspection,scalar,39,12,24,jspace,ok,value_margin,0.5839781486406904,1.3165937824601823,0.00011255487317796131
,,inspection,scalar,40,12,24,residual,ok,value_margin,0.8338036173186888,0.6613281011581421,0.6176772441444702
,,inspection,scalar,40,12,24,jspace,ok,value_margin,0.5589298272473716,1.286657050948886,0.04230873615321662
,,inspection,scalar,41,12,24,residual,ok,value_margin,0.8100652369695435,0.7022078971068065,0.5951142873931896
,,inspection,scalar,41,12,24,jspace,ok,value_margin,0.30429936834004073,1.2827573686271485,0.028658261175450117
,,inspection,scalar,42,12,24,residual,ok,value_margin,0.7520913465791748,0.6335336804389954,0.5616755206074676
,,inspection,scalar,42,12,24,jspace,ok,value_margin,0.6658118057881016,1.3161448627270904,0.00076939489097827
,,inspection,scalar,43,12,24,residual,ok,value_margin,0.8933915795328662,0.6862880706787108,0.7292278215578007
,,inspection,scalar,43,12,24,jspace,ok,value_margin,-0.3651468594519233,1.3296171955792702,-0.0239434762014632
,,inspection,scalar,44,12,24,residual,ok,value_margin,0.9045780727654262,0.6898515840371449,0.6683896919161341
,,inspection,scalar,44,12,24,jspace,ok,value_margin,0.7954982792478968,1.294090773562478,0.0399883995323177
,,inspection,scalar,45,12,24,residual,ok,value_margin,0.9183324946143743,0.472431981563568,0.8219449169879931
,,inspection,scalar,45,12,24,jspace,ok,value_margin,0.17823464116408788,1.3165573295598056,-0.00029481568714739836
,,inspection,scalar,46,12,24,residual,ok,value_margin,0.966612180710808,0.3983528633912403,0.9127735714839043
,,inspection,scalar,46,12,24,jspace,ok,value_margin,0.15934782993744084,1.3166146216108454,0.00010134002477546478
,,inspection,scalar,47,12,24,residual,ok,value_margin,0.9706658512023209,0.37298134962717694,0.9130234059621019
,,inspection,scalar,47,12,24,jspace,ok,value_margin,0.9016356230331002,1.3149321277667216,0.0017965897457211666
,,inspection,scalar,48,12,24,residual,ok,value_margin,0.9566497061522541,0.46766144037246704,0.8725328728327737
,,inspection,scalar,48,12,24,jspace,ok,value_margin,0.6805789651984928,1.3149314764761522,0.0027140465258284063
,,inspection,scalar,49,12,24,residual,ok,value_margin,0.9032922154122647,0.9224587976932526,0.42501865682959206
,,inspection,scalar,49,12,24,jspace,ok,value_margin,0.756264053474182,1.3164475637417896,0.0003436895719800548
,,inspection,scalar,50,12,24,residual,ok,value_margin,0.9124858039173125,0.8117969055970509,0.5869255660549058
,,inspection,scalar,50,12,24,jspace,ok,value_margin,0.5672662739569015,1.3157719456659123,0.0012925204974539861
,,inspection,scalar,51,12,24,residual,ok,value_margin,0.7658851897114093,0.9949300388495127,0.41625345031275274
,,inspection,scalar,51,12,24,jspace,ok,value_margin,0.6051382716348164,1.3148186706566067,0.002771572103528297
,,inspection,scalar,52,12,24,residual,ok,value_margin,0.8878646011111684,0.9061192591985066,0.4475979003564642
,,inspection,scalar,52,12,24,jspace,ok,value_margin,0.7151747757896844,1.31431224542604,0.003689755682549589
,,inspection,scalar,53,12,24,residual,ok,value_margin,0.8777902800446301,0.9246991594632465,0.4150175818039886
,,inspection,scalar,53,12,24,jspace,ok,value_margin,0.6137917608529306,1.3135145827611197,0.004796736427230552
,,inspection,scalar,54,12,24,residual,ok,value_margin,0.9362353373760598,0.6773406366507212,0.7346854981227858
,,inspection,scalar,54,12,24,jspace,ok,value_margin,0.5254999999860643,1.3114262457448458,0.007740589762453287
,,inspection,scalar,55,12,24,residual,ok,value_margin,0.9322786815061291,0.6777880708376566,0.7117318341551478
,,inspection,scalar,55,12,24,jspace,ok,value_margin,0.5673231013008317,1.2914407922853124,0.035686354639351436
,,inspection,scalar,56,12,24,residual,ok,value_margin,0.8979309190425606,0.685645031929016,0.7177210135326111
,,inspection,scalar,56,12,24,jspace,ok,value_margin,0.5328944273143895,1.2869970935370063,0.03881231423279086
,,inspection,scalar,57,12,24,residual,ok,value_margin,0.91420369453178,0.6674794534842173,0.6886284494513518
,,inspection,scalar,57,12,24,jspace,ok,value_margin,0.5030022121273087,1.2713687962347207,0.056936109441509286
,,inspection,scalar,58,12,24,residual,ok,value_margin,0.9007320159838718,0.6592284142971039,0.7102832714022347
,,inspection,scalar,58,12,24,jspace,ok,value_margin,0.5545071993216663,1.2439766665510843,0.09172785659878913
,,inspection,scalar,59,12,24,residual,ok,value_margin,0.7802045376053831,0.85726464788119,0.5446498370204698
,,inspection,scalar,59,12,24,jspace,ok,value_margin,0.6417505413218606,1.303328368556399,0.020409784162459088
,,inspection,scalar,60,12,24,residual,ok,value_margin,0.9619934180620819,2.145109260082245,-1.3032023939353596
,,inspection,scalar,60,12,24,jspace,ok,value_margin,0.579001568159373,1.254183765496466,0.0872342829189261
,,inspection,scalar,61,12,24,residual,ok,value_margin,0.9626166178071794,2.108422104517619,-1.2072007451962756
,,inspection,scalar,61,12,24,jspace,ok,value_margin,0.5746430937070321,1.103242730480502,0.24277992487915978
,,inspection,scalar,62,12,24,residual,ok,value_margin,0.9301297494760928,1.9925256411234538,-1.0260789431176116
,,inspection,scalar,62,12,24,jspace,ok,value_margin,0.5478694840738477,1.1185939793746622,0.22315398452289859
0.3333333333333333,0.3333333333333333,kuhn,categorical,-1,12,24,output,ok,private_state,,,
0.3333333333333333,0.3333333333333333,kuhn,categorical,0,12,24,residual,ok,private_state,,,
0.3333333333333333,0.3333333333333333,kuhn,categorical,0,12,24,jspace,ok,private_state,,,
0.6666666666666666,0.6666666666666666,kuhn,categorical,1,12,24,residual,ok,private_state,,,
0.25,0.25,kuhn,categorical,1,12,24,jspace,ok,private_state,,,
0.3333333333333333,0.3333333333333333,kuhn,categorical,2,12,24,residual,ok,private_state,,,
0.3333333333333333,0.3333333333333333,kuhn,categorical,2,12,24,jspace,ok,private_state,,,
0.3333333333333333,0.3333333333333333,kuhn,categorical,3,12,24,residual,ok,private_state,,,
0.3333333333333333,0.3333333333333333,kuhn,categorical,3,12,24,jspace,ok,private_state,,,
0.3333333333333333,0.3333333333333333,kuhn,categorical,4,12,24,residual,ok,private_state,,,
0.3333333333333333,0.3333333333333333,kuhn,categorical,4,12,24,jspace,ok,private_state,,,
0.3333333333333333,0.3333333333333333,kuhn,categorical,5,12,24,residual,ok,private_state,,,
0.25,0.25,kuhn,categorical,5,12,24,jspace,ok,private_state,,,
0.3333333333333333,0.3333333333333333,kuhn,categorical,6,12,24,residual,ok,private_state,,,
0.4166666666666667,0.4166666666666667,kuhn,categorical,6,12,24,jspace,ok,private_state,,,
0.5,0.5,kuhn,categorical,7,12,24,residual,ok,private_state,,,
0.3333333333333333,0.3333333333333333,kuhn,categorical,7,12,24,jspace,ok,private_state,,,
0.3333333333333333,0.3333333333333333,kuhn,categorical,8,12,24,residual,ok,private_state,,,
0.4166666666666667,0.4166666666666667,kuhn,categorical,8,12,24,jspace,ok,private_state,,,
0.3333333333333333,0.3333333333333333,kuhn,categorical,9,12,24,residual,ok,private_state,,,
0.4166666666666667,0.4166666666666667,kuhn,categorical,9,12,24,jspace,ok,private_state,,,
0.3333333333333333,0.3333333333333333,kuhn,categorical,10,12,24,residual,ok,private_state,,,
0.3333333333333333,0.3333333333333333,kuhn,categorical,10,12,24,jspace,ok,private_state,,,
0.6666666666666666,0.6666666666666666,kuhn,categorical,11,12,24,residual,ok,private_state,,,
0.25,0.25,kuhn,categorical,11,12,24,jspace,ok,private_state,,,
0.3333333333333333,0.3333333333333333,kuhn,categorical,12,12,24,residual,ok,private_state,,,
0.3333333333333333,0.3333333333333333,kuhn,categorical,12,12,24,jspace,ok,private_state,,,
0.4166666666666667,0.4166666666666667,kuhn,categorical,13,12,24,residual,ok,private_state,,,
0.3333333333333333,0.3333333333333333,kuhn,categorical,13,12,24,jspace,ok,private_state,,,
0.5,0.5,kuhn,categorical,14,12,24,residual,ok,private_state,,,
0.16666666666666666,0.16666666666666666,kuhn,categorical,14,12,24,jspace,ok,private_state,,,
0.4166666666666667,0.4166666666666667,kuhn,categorical,15,12,24,residual,ok,private_state,,,
0.25,0.25,kuhn,categorical,15,12,24,jspace,ok,private_state,,,
0.3333333333333333,0.3333333333333333,kuhn,categorical,16,12,24,residual,ok,private_state,,,
0.3333333333333333,0.3333333333333333,kuhn,categorical,16,12,24,jspace,ok,private_state,,,
0.4166666666666667,0.4166666666666667,kuhn,categorical,17,12,24,residual,ok,private_state,,,
0.25,0.25,kuhn,categorical,17,12,24,jspace,ok,private_state,,,
0.3333333333333333,0.3333333333333333,kuhn,categorical,18,12,24,residual,ok,private_state,,,
0.3333333333333333,0.3333333333333333,kuhn,categorical,18,12,24,jspace,ok,private_state,,,
0.4166666666666667,0.4166666666666667,kuhn,categorical,19,12,24,residual,ok,private_state,,,
0.3333333333333333,0.3333333333333333,kuhn,categorical,19,12,24,jspace,ok,private_state,,,
0.3333333333333333,0.3333333333333333,kuhn,categorical,20,12,24,residual,ok,private_state,,,
0.3333333333333333,0.3333333333333333,kuhn,categorical,20,12,24,jspace,ok,private_state,,,
0.3333333333333333,0.3333333333333333,kuhn,categorical,21,12,24,residual,ok,private_state,,,
0.4166666666666667,0.4166666666666667,kuhn,categorical,21,12,24,jspace,ok,private_state,,,
0.3333333333333333,0.3333333333333333,kuhn,categorical,22,12,24,residual,ok,private_state,,,
0.3333333333333333,0.3333333333333333,kuhn,categorical,22,12,24,jspace,ok,private_state,,,
0.3333333333333333,0.3333333333333333,kuhn,categorical,23,12,24,residual,ok,private_state,,,
0.3333333333333333,0.3333333333333333,kuhn,categorical,23,12,24,jspace,ok,private_state,,,
0.3333333333333333,0.3333333333333333,kuhn,categorical,24,12,24,residual,ok,private_state,,,
0.3333333333333333,0.3333333333333333,kuhn,categorical,24,12,24,jspace,ok,private_state,,,
0.6666666666666666,0.6666666666666666,kuhn,categorical,25,12,24,residual,ok,private_state,,,
0.3333333333333333,0.3333333333333333,kuhn,categorical,25,12,24,jspace,ok,private_state,,,
0.6666666666666666,0.6666666666666666,kuhn,categorical,26,12,24,residual,ok,private_state,,,
0.3333333333333333,0.3333333333333333,kuhn,categorical,26,12,24,jspace,ok,private_state,,,
0.3333333333333333,0.3333333333333333,kuhn,categorical,27,12,24,residual,ok,private_state,,,
0.3333333333333333,0.3333333333333333,kuhn,categorical,27,12,24,jspace,ok,private_state,,,
0.3333333333333333,0.3333333333333333,kuhn,categorical,28,12,24,residual,ok,private_state,,,
0.3333333333333333,0.3333333333333333,kuhn,categorical,28,12,24,jspace,ok,private_state,,,
0.3333333333333333,0.3333333333333333,kuhn,categorical,29,12,24,residual,ok,private_state,,,
0.3333333333333333,0.3333333333333333,kuhn,categorical,29,12,24,jspace,ok,private_state,,,
0.3333333333333333,0.3333333333333333,kuhn,categorical,30,12,24,residual,ok,private_state,,,
0.3333333333333333,0.3333333333333333,kuhn,categorical,30,12,24,jspace,ok,private_state,,,
0.3333333333333333,0.3333333333333333,kuhn,categorical,31,12,24,residual,ok,private_state,,,
0.4166666666666667,0.4166666666666667,kuhn,categorical,31,12,24,jspace,ok,private_state,,,
0.3333333333333333,0.3333333333333333,kuhn,categorical,32,12,24,residual,ok,private_state,,,
0.3333333333333333,0.3333333333333333,kuhn,categorical,32,12,24,jspace,ok,private_state,,,
0.3333333333333333,0.3333333333333333,kuhn,categorical,33,12,24,residual,ok,private_state,,,
0.3333333333333333,0.3333333333333333,kuhn,categorical,33,12,24,jspace,ok,private_state,,,
0.3333333333333333,0.3333333333333333,kuhn,categorical,34,12,24,residual,ok,private_state,,,
0.5,0.5,kuhn,categorical,34,12,24,jspace,ok,private_state,,,
0.3333333333333333,0.3333333333333333,kuhn,categorical,35,12,24,residual,ok,private_state,,,
0.3333333333333333,0.3333333333333333,kuhn,categorical,35,12,24,jspace,ok,private_state,,,
0.3333333333333333,0.3333333333333333,kuhn,categorical,36,12,24,residual,ok,private_state,,,
0.5,0.5,kuhn,categorical,36,12,24,jspace,ok,private_state,,,
0.3333333333333333,0.3333333333333333,kuhn,categorical,37,12,24,residual,ok,private_state,,,
0.3333333333333333,0.3333333333333333,kuhn,categorical,37,12,24,jspace,ok,private_state,,,
0.3333333333333333,0.3333333333333333,kuhn,categorical,38,12,24,residual,ok,private_state,,,
0.3333333333333333,0.3333333333333333,kuhn,categorical,38,12,24,jspace,ok,private_state,,,
0.3333333333333333,0.3333333333333333,kuhn,categorical,39,12,24,residual,ok,private_state,,,
0.3333333333333333,0.3333333333333333,kuhn,categorical,39,12,24,jspace,ok,private_state,,,
0.3333333333333333,0.3333333333333333,kuhn,categorical,40,12,24,residual,ok,private_state,,,
0.3333333333333333,0.3333333333333333,kuhn,categorical,40,12,24,jspace,ok,private_state,,,
0.3333333333333333,0.3333333333333333,kuhn,categorical,41,12,24,residual,ok,private_state,,,
0.3333333333333333,0.3333333333333333,kuhn,categorical,41,12,24,jspace,ok,private_state,,,
0.3333333333333333,0.3333333333333333,kuhn,categorical,42,12,24,residual,ok,private_state,,,
0.3333333333333333,0.3333333333333333,kuhn,categorical,42,12,24,jspace,ok,private_state,,,
0.4166666666666667,0.4166666666666667,kuhn,categorical,43,12,24,residual,ok,private_state,,,
0.25,0.25,kuhn,categorical,43,12,24,jspace,ok,private_state,,,
0.5,0.5,kuhn,categorical,44,12,24,residual,ok,private_state,,,
0.3333333333333333,0.3333333333333333,kuhn,categorical,44,12,24,jspace,ok,private_state,,,
0.5833333333333334,0.5833333333333334,kuhn,categorical,45,12,24,residual,ok,private_state,,,
0.3333333333333333,0.3333333333333333,kuhn,categorical,45,12,24,jspace,ok,private_state,,,
0.4166666666666667,0.4166666666666667,kuhn,categorical,46,12,24,residual,ok,private_state,,,
0.3333333333333333,0.3333333333333333,kuhn,categorical,46,12,24,jspace,ok,private_state,,,
0.3333333333333333,0.3333333333333333,kuhn,categorical,47,12,24,residual,ok,private_state,,,
0.4166666666666667,0.4166666666666667,kuhn,categorical,47,12,24,jspace,ok,private_state,,,
0.5833333333333334,0.5833333333333334,kuhn,categorical,48,12,24,residual,ok,private_state,,,
0.3333333333333333,0.3333333333333333,kuhn,categorical,48,12,24,jspace,ok,private_state,,,
0.5833333333333334,0.5833333333333334,kuhn,categorical,49,12,24,residual,ok,private_state,,,
0.3333333333333333,0.3333333333333333,kuhn,categorical,49,12,24,jspace,ok,private_state,,,
0.5,0.5,kuhn,categorical,50,12,24,residual,ok,private_state,,,
0.3333333333333333,0.3333333333333333,kuhn,categorical,50,12,24,jspace,ok,private_state,,,
0.5,0.5,kuhn,categorical,51,12,24,residual,ok,private_state,,,
0.3333333333333333,0.3333333333333333,kuhn,categorical,51,12,24,jspace,ok,private_state,,,
0.5,0.5,kuhn,categorical,52,12,24,residual,ok,private_state,,,
0.3333333333333333,0.3333333333333333,kuhn,categorical,52,12,24,jspace,ok,private_state,,,
0.5833333333333334,0.5833333333333334,kuhn,categorical,53,12,24,residual,ok,private_state,,,
0.3333333333333333,0.3333333333333333,kuhn,categorical,53,12,24,jspace,ok,private_state,,,
0.5833333333333334,0.5833333333333334,kuhn,categorical,54,12,24,residual,ok,private_state,,,
0.3333333333333333,0.3333333333333333,kuhn,categorical,54,12,24,jspace,ok,private_state,,,
0.5833333333333334,0.5833333333333334,kuhn,categorical,55,12,24,residual,ok,private_state,,,
0.5833333333333334,0.5833333333333334,kuhn,categorical,55,12,24,jspace,ok,private_state,,,
0.5833333333333334,0.5833333333333334,kuhn,categorical,56,12,24,residual,ok,private_state,,,
0.25,0.25,kuhn,categorical,56,12,24,jspace,ok,private_state,,,
0.5833333333333334,0.5833333333333334,kuhn,categorical,57,12,24,residual,ok,private_state,,,
0.3333333333333333,0.3333333333333333,kuhn,categorical,57,12,24,jspace,ok,private_state,,,
0.5,0.5,kuhn,categorical,58,12,24,residual,ok,private_state,,,
0.25,0.25,kuhn,categorical,58,12,24,jspace,ok,private_state,,,
0.5833333333333334,0.5833333333333334,kuhn,categorical,59,12,24,residual,ok,private_state,,,
0.25,0.25,kuhn,categorical,59,12,24,jspace,ok,private_state,,,
0.5833333333333334,0.5833333333333334,kuhn,categorical,60,12,24,residual,ok,private_state,,,
0.3333333333333333,0.3333333333333333,kuhn,categorical,60,12,24,jspace,ok,private_state,,,
0.4166666666666667,0.4166666666666667,kuhn,categorical,61,12,24,residual,ok,private_state,,,
0.4166666666666667,0.4166666666666667,kuhn,categorical,61,12,24,jspace,ok,private_state,,,
0.3333333333333333,0.3333333333333333,kuhn,categorical,62,12,24,residual,ok,private_state,,,
0.3333333333333333,0.3333333333333333,kuhn,categorical,62,12,24,jspace,ok,private_state,,,
0.3333333333333333,0.3125,kuhn,categorical,-1,12,24,output,ok,strategy,,,
0.3333333333333333,0.25,kuhn,categorical,0,12,24,residual,ok,strategy,,,
0.3333333333333333,0.25,kuhn,categorical,0,12,24,jspace,ok,strategy,,,
0.5,0.5,kuhn,categorical,1,12,24,residual,ok,strategy,,,
0.3333333333333333,0.25,kuhn,categorical,1,12,24,jspace,ok,strategy,,,
0.3333333333333333,0.25,kuhn,categorical,2,12,24,residual,ok,strategy,,,
0.3333333333333333,0.25,kuhn,categorical,2,12,24,jspace,ok,strategy,,,
0.16666666666666666,0.25,kuhn,categorical,3,12,24,residual,ok,strategy,,,
0.3333333333333333,0.25,kuhn,categorical,3,12,24,jspace,ok,strategy,,,
0.16666666666666666,0.25,kuhn,categorical,4,12,24,residual,ok,strategy,,,
0.3333333333333333,0.25,kuhn,categorical,4,12,24,jspace,ok,strategy,,,
0.5,0.5,kuhn,categorical,5,12,24,residual,ok,strategy,,,
0.3333333333333333,0.25,kuhn,categorical,5,12,24,jspace,ok,strategy,,,
0.5,0.375,kuhn,categorical,6,12,24,residual,ok,strategy,,,
0.3333333333333333,0.25,kuhn,categorical,6,12,24,jspace,ok,strategy,,,
0.5,0.375,kuhn,categorical,7,12,24,residual,ok,strategy,,,
0.3333333333333333,0.25,kuhn,categorical,7,12,24,jspace,ok,strategy,,,
0.5833333333333334,0.5625,kuhn,categorical,8,12,24,residual,ok,strategy,,,
0.25,0.1875,kuhn,categorical,8,12,24,jspace,ok,strategy,,,
0.5,0.5,kuhn,categorical,9,12,24,residual,ok,strategy,,,
0.4166666666666667,0.3125,kuhn,categorical,9,12,24,jspace,ok,strategy,,,
0.3333333333333333,0.25,kuhn,categorical,10,12,24,residual,ok,strategy,,,
0.3333333333333333,0.25,kuhn,categorical,10,12,24,jspace,ok,strategy,,,
0.5,0.5,kuhn,categorical,11,12,24,residual,ok,strategy,,,
0.25,0.1875,kuhn,categorical,11,12,24,jspace,ok,strategy,,,
0.5,0.5,kuhn,categorical,12,12,24,residual,ok,strategy,,,
0.3333333333333333,0.25,kuhn,categorical,12,12,24,jspace,ok,strategy,,,
0.4166666666666667,0.375,kuhn,categorical,13,12,24,residual,ok,strategy,,,
0.3333333333333333,0.25,kuhn,categorical,13,12,24,jspace,ok,strategy,,,
0.3333333333333333,0.375,kuhn,categorical,14,12,24,residual,ok,strategy,,,
0.3333333333333333,0.25,kuhn,categorical,14,12,24,jspace,ok,strategy,,,
0.3333333333333333,0.375,kuhn,categorical,15,12,24,residual,ok,strategy,,,
0.3333333333333333,0.25,kuhn,categorical,15,12,24,jspace,ok,strategy,,,
0.4166666666666667,0.375,kuhn,categorical,16,12,24,residual,ok,strategy,,,
0.3333333333333333,0.25,kuhn,categorical,16,12,24,jspace,ok,strategy,,,
0.3333333333333333,0.25,kuhn,categorical,17,12,24,residual,ok,strategy,,,
0.3333333333333333,0.25,kuhn,categorical,17,12,24,jspace,ok,strategy,,,
0.3333333333333333,0.25,kuhn,categorical,18,12,24,residual,ok,strategy,,,
0.3333333333333333,0.25,kuhn,categorical,18,12,24,jspace,ok,strategy,,,
0.3333333333333333,0.25,kuhn,categorical,19,12,24,residual,ok,strategy,,,
0.3333333333333333,0.25,kuhn,categorical,19,12,24,jspace,ok,strategy,,,
0.4166666666666667,0.375,kuhn,categorical,20,12,24,residual,ok,strategy,,,
0.4166666666666667,0.3125,kuhn,categorical,20,12,24,jspace,ok,strategy,,,
0.3333333333333333,0.25,kuhn,categorical,21,12,24,residual,ok,strategy,,,
0.4166666666666667,0.3125,kuhn,categorical,21,12,24,jspace,ok,strategy,,,
0.3333333333333333,0.25,kuhn,categorical,22,12,24,residual,ok,strategy,,,
0.3333333333333333,0.25,kuhn,categorical,22,12,24,jspace,ok,strategy,,,
0.5,0.5,kuhn,categorical,23,12,24,residual,ok,strategy,,,
0.3333333333333333,0.25,kuhn,categorical,23,12,24,jspace,ok,strategy,,,
0.3333333333333333,0.25,kuhn,categorical,24,12,24,residual,ok,strategy,,,
0.3333333333333333,0.25,kuhn,categorical,24,12,24,jspace,ok,strategy,,,
0.5,0.375,kuhn,categorical,25,12,24,residual,ok,strategy,,,
0.3333333333333333,0.25,kuhn,categorical,25,12,24,jspace,ok,strategy,,,
0.6666666666666666,0.5,kuhn,categorical,26,12,24,residual,ok,strategy,,,
0.3333333333333333,0.25,kuhn,categorical,26,12,24,jspace,ok,strategy,,,
0.4166666666666667,0.4375,kuhn,categorical,27,12,24,residual,ok,strategy,,,
0.3333333333333333,0.25,kuhn,categorical,27,12,24,jspace,ok,strategy,,,
0.5833333333333334,0.5625,kuhn,categorical,28,12,24,residual,ok,strategy,,,
0.3333333333333333,0.25,kuhn,categorical,28,12,24,jspace,ok,strategy,,,
0.6666666666666666,0.625,kuhn,categorical,29,12,24,residual,ok,strategy,,,
0.3333333333333333,0.25,kuhn,categorical,29,12,24,jspace,ok,strategy,,,
0.5833333333333334,0.5625,kuhn,categorical,30,12,24,residual,ok,strategy,,,
0.3333333333333333,0.25,kuhn,categorical,30,12,24,jspace,ok,strategy,,,
0.4166666666666667,0.4375,kuhn,categorical,31,12,24,residual,ok,strategy,,,
0.25,0.1875,kuhn,categorical,31,12,24,jspace,ok,strategy,,,
0.3333333333333333,0.375,kuhn,categorical,32,12,24,residual,ok,strategy,,,
0.4166666666666667,0.3125,kuhn,categorical,32,12,24,jspace,ok,strategy,,,
0.5,0.5,kuhn,categorical,33,12,24,residual,ok,strategy,,,
0.3333333333333333,0.25,kuhn,categorical,33,12,24,jspace,ok,strategy,,,
0.5,0.5,kuhn,categorical,34,12,24,residual,ok,strategy,,,
0.3333333333333333,0.25,kuhn,categorical,34,12,24,jspace,ok,strategy,,,
0.5833333333333334,0.5625,kuhn,categorical,35,12,24,residual,ok,strategy,,,
0.3333333333333333,0.25,kuhn,categorical,35,12,24,jspace,ok,strategy,,,
0.5,0.5,kuhn,categorical,36,12,24,residual,ok,strategy,,,
0.4166666666666667,0.3125,kuhn,categorical,36,12,24,jspace,ok,strategy,,,
0.5,0.5,kuhn,categorical,37,12,24,residual,ok,strategy,,,
0.3333333333333333,0.25,kuhn,categorical,37,12,24,jspace,ok,strategy,,,
0.5,0.5,kuhn,categorical,38,12,24,residual,ok,strategy,,,
0.3333333333333333,0.25,kuhn,categorical,38,12,24,jspace,ok,strategy,,,
0.5,0.5,kuhn,categorical,39,12,24,residual,ok,strategy,,,
0.3333333333333333,0.25,kuhn,categorical,39,12,24,jspace,ok,strategy,,,
0.5,0.5,kuhn,categorical,40,12,24,residual,ok,strategy,,,
0.3333333333333333,0.25,kuhn,categorical,40,12,24,jspace,ok,strategy,,,
0.4166666666666667,0.4375,kuhn,categorical,41,12,24,residual,ok,strategy,,,
0.3333333333333333,0.25,kuhn,categorical,41,12,24,jspace,ok,strategy,,,
0.3333333333333333,0.375,kuhn,categorical,42,12,24,residual,ok,strategy,,,
0.3333333333333333,0.25,kuhn,categorical,42,12,24,jspace,ok,strategy,,,
0.5833333333333334,0.5625,kuhn,categorical,43,12,24,residual,ok,strategy,,,
0.25,0.1875,kuhn,categorical,43,12,24,jspace,ok,strategy,,,
0.5,0.5,kuhn,categorical,44,12,24,residual,ok,strategy,,,
0.3333333333333333,0.25,kuhn,categorical,44,12,24,jspace,ok,strategy,,,
0.4166666666666667,0.4375,kuhn,categorical,45,12,24,residual,ok,strategy,,,
0.3333333333333333,0.25,kuhn,categorical,45,12,24,jspace,ok,strategy,,,
0.5,0.5,kuhn,categorical,46,12,24,residual,ok,strategy,,,
0.3333333333333333,0.25,kuhn,categorical,46,12,24,jspace,ok,strategy,,,
0.5,0.5,kuhn,categorical,47,12,24,residual,ok,strategy,,,
0.3333333333333333,0.25,kuhn,categorical,47,12,24,jspace,ok,strategy,,,
0.5,0.5,kuhn,categorical,48,12,24,residual,ok,strategy,,,
0.3333333333333333,0.25,kuhn,categorical,48,12,24,jspace,ok,strategy,,,
0.5,0.5,kuhn,categorical,49,12,24,residual,ok,strategy,,,
0.3333333333333333,0.25,kuhn,categorical,49,12,24,jspace,ok,strategy,,,
0.5,0.5,kuhn,categorical,50,12,24,residual,ok,strategy,,,
0.3333333333333333,0.25,kuhn,categorical,50,12,24,jspace,ok,strategy,,,
0.5833333333333334,0.625,kuhn,categorical,51,12,24,residual,ok,strategy,,,
0.3333333333333333,0.25,kuhn,categorical,51,12,24,jspace,ok,strategy,,,
0.5,0.5,kuhn,categorical,52,12,24,residual,ok,strategy,,,
0.3333333333333333,0.25,kuhn,categorical,52,12,24,jspace,ok,strategy,,,
0.5,0.5,kuhn,categorical,53,12,24,residual,ok,strategy,,,
0.4166666666666667,0.3125,kuhn,categorical,53,12,24,jspace,ok,strategy,,,
0.4166666666666667,0.375,kuhn,categorical,54,12,24,residual,ok,strategy,,,
0.25,0.1875,kuhn,categorical,54,12,24,jspace,ok,strategy,,,
0.5,0.5,kuhn,categorical,55,12,24,residual,ok,strategy,,,
0.3333333333333333,0.25,kuhn,categorical,55,12,24,jspace,ok,strategy,,,
0.5,0.5,kuhn,categorical,56,12,24,residual,ok,strategy,,,
0.16666666666666666,0.125,kuhn,categorical,56,12,24,jspace,ok,strategy,,,
0.5,0.5,kuhn,categorical,57,12,24,residual,ok,strategy,,,
0.25,0.1875,kuhn,categorical,57,12,24,jspace,ok,strategy,,,
0.5,0.5,kuhn,categorical,58,12,24,residual,ok,strategy,,,
0.3333333333333333,0.25,kuhn,categorical,58,12,24,jspace,ok,strategy,,,
0.5,0.5,kuhn,categorical,59,12,24,residual,ok,strategy,,,
0.5,0.375,kuhn,categorical,59,12,24,jspace,ok,strategy,,,
0.5,0.5,kuhn,categorical,60,12,24,residual,ok,strategy,,,
0.4166666666666667,0.3125,kuhn,categorical,60,12,24,jspace,ok,strategy,,,
0.5,0.5,kuhn,categorical,61,12,24,residual,ok,strategy,,,
0.5,0.375,kuhn,categorical,61,12,24,jspace,ok,strategy,,,
0.4166666666666667,0.4375,kuhn,categorical,62,12,24,residual,ok,strategy,,,
0.4166666666666667,0.3125,kuhn,categorical,62,12,24,jspace,ok,strategy,,,
0.6666666666666666,0.5,kuhn,categorical,-1,12,24,output,ok,action,,,
0.75,0.625,kuhn,categorical,0,12,24,residual,ok,action,,,
0.6666666666666666,0.5,kuhn,categorical,0,12,24,jspace,ok,action,,,
0.6666666666666666,0.5,kuhn,categorical,1,12,24,residual,ok,action,,,
0.6666666666666666,0.5,kuhn,categorical,1,12,24,jspace,ok,action,,,
0.6666666666666666,0.5,kuhn,categorical,2,12,24,residual,ok,action,,,
0.6666666666666666,0.5,kuhn,categorical,2,12,24,jspace,ok,action,,,
0.6666666666666666,0.5,kuhn,categorical,3,12,24,residual,ok,action,,,
0.6666666666666666,0.5,kuhn,categorical,3,12,24,jspace,ok,action,,,
0.75,0.8125,kuhn,categorical,4,12,24,residual,ok,action,,,
0.6666666666666666,0.5,kuhn,categorical,4,12,24,jspace,ok,action,,,
0.75,0.8125,kuhn,categorical,5,12,24,residual,ok,action,,,
0.6666666666666666,0.5,kuhn,categorical,5,12,24,jspace,ok,action,,,
0.3333333333333333,0.5,kuhn,categorical,6,12,24,residual,ok,action,,,
0.6666666666666666,0.5,kuhn,categorical,6,12,24,jspace,ok,action,,,
0.5833333333333334,0.6875,kuhn,categorical,7,12,24,residual,ok,action,,,
0.6666666666666666,0.5,kuhn,categorical,7,12,24,jspace,ok,action,,,
0.75,0.625,kuhn,categorical,8,12,24,residual,ok,action,,,
0.6666666666666666,0.5,kuhn,categorical,8,12,24,jspace,ok,action,,,
0.6666666666666666,0.5,kuhn,categorical,9,12,24,residual,ok,action,,,
0.6666666666666666,0.5,kuhn,categorical,9,12,24,jspace,ok,action,,,
0.6666666666666666,0.5,kuhn,categorical,10,12,24,residual,ok,action,,,
0.6666666666666666,0.5,kuhn,categorical,10,12,24,jspace,ok,action,,,
0.6666666666666666,0.5,kuhn,categorical,11,12,24,residual,ok,action,,,
0.6666666666666666,0.5,kuhn,categorical,11,12,24,jspace,ok,action,,,
0.8333333333333334,0.875,kuhn,categorical,12,12,24,residual,ok,action,,,
0.6666666666666666,0.5,kuhn,categorical,12,12,24,jspace,ok,action,,,
0.6666666666666666,0.5,kuhn,categorical,13,12,24,residual,ok,action,,,
0.6666666666666666,0.5,kuhn,categorical,13,12,24,jspace,ok,action,,,
0.75,0.6875,kuhn,categorical,14,12,24,residual,ok,action,,,
0.6666666666666666,0.5,kuhn,categorical,14,12,24,jspace,ok,action,,,
0.5833333333333334,0.6875,kuhn,categorical,15,12,24,residual,ok,action,,,
0.6666666666666666,0.5,kuhn,categorical,15,12,24,jspace,ok,action,,,
0.3333333333333333,0.5,kuhn,categorical,16,12,24,residual,ok,action,,,
0.6666666666666666,0.5,kuhn,categorical,16,12,24,jspace,ok,action,,,
0.3333333333333333,0.5,kuhn,categorical,17,12,24,residual,ok,action,,,
0.6666666666666666,0.5,kuhn,categorical,17,12,24,jspace,ok,action,,,
0.3333333333333333,0.5,kuhn,categorical,18,12,24,residual,ok,action,,,
0.6666666666666666,0.5,kuhn,categorical,18,12,24,jspace,ok,action,,,
0.3333333333333333,0.5,kuhn,categorical,19,12,24,residual,ok,action,,,
0.6666666666666666,0.5,kuhn,categorical,19,12,24,jspace,ok,action,,,
0.3333333333333333,0.5,kuhn,categorical,20,12,24,residual,ok,action,,,
0.6666666666666666,0.5,kuhn,categorical,20,12,24,jspace,ok,action,,,
0.3333333333333333,0.5,kuhn,categorical,21,12,24,residual,ok,action,,,
0.6666666666666666,0.5,kuhn,categorical,21,12,24,jspace,ok,action,,,
0.3333333333333333,0.5,kuhn,categorical,22,12,24,residual,ok,action,,,
0.6666666666666666,0.5,kuhn,categorical,22,12,24,jspace,ok,action,,,
0.8333333333333334,0.875,kuhn,categorical,23,12,24,residual,ok,action,,,
0.6666666666666666,0.5,kuhn,categorical,23,12,24,jspace,ok,action,,,
0.5,0.625,kuhn,categorical,24,12,24,residual,ok,action,,,
0.6666666666666666,0.5,kuhn,categorical,24,12,24,jspace,ok,action,,,
0.5833333333333334,0.6875,kuhn,categorical,25,12,24,residual,ok,action,,,
0.6666666666666666,0.5,kuhn,categorical,25,12,24,jspace,ok,action,,,
0.8333333333333334,0.875,kuhn,categorical,26,12,24,residual,ok,action,,,
0.6666666666666666,0.5,kuhn,categorical,26,12,24,jspace,ok,action,,,
0.8333333333333334,0.875,kuhn,categorical,27,12,24,residual,ok,action,,,
0.6666666666666666,0.5,kuhn,categorical,27,12,24,jspace,ok,action,,,
0.8333333333333334,0.875,kuhn,categorical,28,12,24,residual,ok,action,,,
0.6666666666666666,0.5,kuhn,categorical,28,12,24,jspace,ok,action,,,
0.8333333333333334,0.875,kuhn,categorical,29,12,24,residual,ok,action,,,
0.6666666666666666,0.5,kuhn,categorical,29,12,24,jspace,ok,action,,,
0.9166666666666666,0.875,kuhn,categorical,30,12,24,residual,ok,action,,,
0.6666666666666666,0.5,kuhn,categorical,30,12,24,jspace,ok,action,,,
0.9166666666666666,0.9375,kuhn,categorical,31,12,24,residual,ok,action,,,
0.6666666666666666,0.5,kuhn,categorical,31,12,24,jspace,ok,action,,,
0.9166666666666666,0.9375,kuhn,categorical,32,12,24,residual,ok,action,,,
0.6666666666666666,0.5,kuhn,categorical,32,12,24,jspace,ok,action,,,
0.75,0.6875,kuhn,categorical,33,12,24,residual,ok,action,,,
0.6666666666666666,0.5,kuhn,categorical,33,12,24,jspace,ok,action,,,
0.9166666666666666,0.9375,kuhn,categorical,34,12,24,residual,ok,action,,,
0.6666666666666666,0.5,kuhn,categorical,34,12,24,jspace,ok,action,,,
0.9166666666666666,0.9375,kuhn,categorical,35,12,24,residual,ok,action,,,
0.6666666666666666,0.5,kuhn,categorical,35,12,24,jspace,ok,action,,,
0.9166666666666666,0.9375,kuhn,categorical,36,12,24,residual,ok,action,,,
0.6666666666666666,0.5,kuhn,categorical,36,12,24,jspace,ok,action,,,
0.9166666666666666,0.9375,kuhn,categorical,37,12,24,residual,ok,action,,,
0.6666666666666666,0.5,kuhn,categorical,37,12,24,jspace,ok,action,,,
0.8333333333333334,0.75,kuhn,categorical,38,12,24,residual,ok,action,,,
0.6666666666666666,0.5,kuhn,categorical,38,12,24,jspace,ok,action,,,
0.9166666666666666,0.9375,kuhn,categorical,39,12,24,residual,ok,action,,,
0.6666666666666666,0.5,kuhn,categorical,39,12,24,jspace,ok,action,,,
0.8333333333333334,0.75,kuhn,categorical,40,12,24,residual,ok,action,,,
0.6666666666666666,0.5,kuhn,categorical,40,12,24,jspace,ok,action,,,
0.8333333333333334,0.75,kuhn,categorical,41,12,24,residual,ok,action,,,
0.6666666666666666,0.5,kuhn,categorical,41,12,24,jspace,ok,action,,,
0.75,0.625,kuhn,categorical,42,12,24,residual,ok,action,,,
0.6666666666666666,0.5,kuhn,categorical,42,12,24,jspace,ok,action,,,
1.0,1.0,kuhn,categorical,43,12,24,residual,ok,action,,,
0.6666666666666666,0.5,kuhn,categorical,43,12,24,jspace,ok,action,,,
0.9166666666666666,0.875,kuhn,categorical,44,12,24,residual,ok,action,,,
0.6666666666666666,0.5,kuhn,categorical,44,12,24,jspace,ok,action,,,
0.75,0.625,kuhn,categorical,45,12,24,residual,ok,action,,,
0.6666666666666666,0.5,kuhn,categorical,45,12,24,jspace,ok,action,,,
0.9166666666666666,0.875,kuhn,categorical,46,12,24,residual,ok,action,,,
0.6666666666666666,0.5,kuhn,categorical,46,12,24,jspace,ok,action,,,
0.8333333333333334,0.875,kuhn,categorical,47,12,24,residual,ok,action,,,
0.6666666666666666,0.5,kuhn,categorical,47,12,24,jspace,ok,action,,,
0.8333333333333334,0.875,kuhn,categorical,48,12,24,residual,ok,action,,,
0.6666666666666666,0.5,kuhn,categorical,48,12,24,jspace,ok,action,,,
0.8333333333333334,0.875,kuhn,categorical,49,12,24,residual,ok,action,,,
0.6666666666666666,0.5,kuhn,categorical,49,12,24,jspace,ok,action,,,
0.8333333333333334,0.875,kuhn,categorical,50,12,24,residual,ok,action,,,
0.6666666666666666,0.5,kuhn,categorical,50,12,24,jspace,ok,action,,,
0.8333333333333334,0.875,kuhn,categorical,51,12,24,residual,ok,action,,,
0.6666666666666666,0.5,kuhn,categorical,51,12,24,jspace,ok,action,,,
0.8333333333333334,0.875,kuhn,categorical,52,12,24,residual,ok,action,,,
0.6666666666666666,0.5,kuhn,categorical,52,12,24,jspace,ok,action,,,
0.8333333333333334,0.875,kuhn,categorical,53,12,24,residual,ok,action,,,
0.6666666666666666,0.5,kuhn,categorical,53,12,24,jspace,ok,action,,,
0.8333333333333334,0.875,kuhn,categorical,54,12,24,residual,ok,action,,,
0.6666666666666666,0.5,kuhn,categorical,54,12,24,jspace,ok,action,,,
0.8333333333333334,0.875,kuhn,categorical,55,12,24,residual,ok,action,,,
0.6666666666666666,0.5,kuhn,categorical,55,12,24,jspace,ok,action,,,
0.8333333333333334,0.875,kuhn,categorical,56,12,24,residual,ok,action,,,
0.6666666666666666,0.5,kuhn,categorical,56,12,24,jspace,ok,action,,,
0.8333333333333334,0.875,kuhn,categorical,57,12,24,residual,ok,action,,,
0.6666666666666666,0.5,kuhn,categorical,57,12,24,jspace,ok,action,,,
0.8333333333333334,0.875,kuhn,categorical,58,12,24,residual,ok,action,,,
0.6666666666666666,0.5,kuhn,categorical,58,12,24,jspace,ok,action,,,
0.8333333333333334,0.875,kuhn,categorical,59,12,24,residual,ok,action,,,
0.6666666666666666,0.5,kuhn,categorical,59,12,24,jspace,ok,action,,,
0.8333333333333334,0.875,kuhn,categorical,60,12,24,residual,ok,action,,,
0.6666666666666666,0.5,kuhn,categorical,60,12,24,jspace,ok,action,,,
0.8333333333333334,0.875,kuhn,categorical,61,12,24,residual,ok,action,,,
0.6666666666666666,0.5,kuhn,categorical,61,12,24,jspace,ok,action,,,
0.8333333333333334,0.875,kuhn,categorical,62,12,24,residual,ok,action,,,
0.6666666666666666,0.5,kuhn,categorical,62,12,24,jspace,ok,action,,,
,,kuhn,scalar,-1,12,24,output,ok,belief,0.16893931211928867,0.24651819517215098,-0.11478289979323941
,,kuhn,scalar,0,12,24,residual,ok,belief,0.7282021607435162,0.2105273281534513,0.40823929975033935
,,kuhn,scalar,0,12,24,jspace,ok,belief,0.10458121354060011,0.23054253484292034,1.6535749436386027e-09
,,kuhn,scalar,1,12,24,residual,ok,belief,0.7748659082449398,0.16323135097821553,0.4573581304205775
,,kuhn,scalar,1,12,24,jspace,ok,belief,-0.3039501756362049,0.23056313437757794,-5.686608581134678e-05
,,kuhn,scalar,2,12,24,residual,ok,belief,0.7461502159606035,0.15559587726990382,0.3535320416543135
,,kuhn,scalar,2,12,24,jspace,ok,belief,-0.22903834054132158,0.23058603593137017,-7.566789711699329e-06
,,kuhn,scalar,3,12,24,residual,ok,belief,0.7732990604801419,0.35262206395467116,-0.8874725056916479
,,kuhn,scalar,3,12,24,jspace,ok,belief,-0.08479609917964322,0.23034385493390622,-3.792782444755893e-05
,,kuhn,scalar,4,12,24,residual,ok,belief,0.7937901434116198,0.8337475577990214,-7.584753588530871
,,kuhn,scalar,4,12,24,jspace,ok,belief,-0.509889738270511,0.23068908097519047,-1.1451146222363207e-05
,,kuhn,scalar,5,12,24,residual,ok,belief,0.7855374130993821,0.4497900823752085,-1.8117367141435134
,,kuhn,scalar,5,12,24,jspace,ok,belief,-0.27240169289026106,0.23056488224964913,-2.3132585628138358e-05
,,kuhn,scalar,6,12,24,residual,ok,belief,0.7611161443883268,1.101496837536494,-13.7394242326783
,,kuhn,scalar,6,12,24,jspace,ok,belief,0.02062334540094809,0.2304301290862906,-3.7104859438308324e-06
,,kuhn,scalar,7,12,24,residual,ok,belief,0.8365403788361987,1.4003798981507618,-22.413196211372885
,,kuhn,scalar,7,12,24,jspace,ok,belief,0.016703134814461926,0.2305402742181094,1.113357128268433e-06
,,kuhn,scalar,8,12,24,residual,ok,belief,0.8471282878080562,0.5567883570988973,-2.984908775077936
,,kuhn,scalar,8,12,24,jspace,ok,belief,-0.6545914706188662,0.23055670693074573,-9.273317080693566e-05
,,kuhn,scalar,9,12,24,residual,ok,belief,0.8654351162693796,0.9733964323997498,-10.444800395457252
,,kuhn,scalar,9,12,24,jspace,ok,belief,-0.40813359098905894,0.23054775382072293,-0.00012909059541477141
,,kuhn,scalar,10,12,24,residual,ok,belief,0.8578997126174993,0.4271647006273269,-1.4540472768599604
,,kuhn,scalar,10,12,24,jspace,ok,belief,0.31693555353002584,0.23055431886894903,1.954811206372753e-05
,,kuhn,scalar,11,12,24,residual,ok,belief,0.8854914130863957,0.5770234535137811,-3.154092482521026
,,kuhn,scalar,11,12,24,jspace,ok,belief,-0.2144858556585734,0.23055026592986536,-4.190184250019158e-06
,,kuhn,scalar,12,12,24,residual,ok,belief,0.8281164090665147,0.6238355790575346,-3.8930258452875037
,,kuhn,scalar,12,12,24,jspace,ok,belief,0.5775832168020693,0.23054656791420494,0.00010088133749441841
,,kuhn,scalar,13,12,24,residual,ok,belief,0.7939471030196323,1.5696637908617657,-28.32717913110227
,,kuhn,scalar,13,12,24,jspace,ok,belief,0.36889416597446745,0.2306483019314622,9.003636038928953e-05
,,kuhn,scalar,14,12,24,residual,ok,belief,0.7403994629245285,1.1341379712025323,-14.56747534314724
,,kuhn,scalar,14,12,24,jspace,ok,belief,0.12814447839196555,0.23058548858517436,6.775162695582537e-05
,,kuhn,scalar,15,12,24,residual,ok,belief,0.7217299667558985,0.9101883227626483,-9.226175734844736
,,kuhn,scalar,15,12,24,jspace,ok,belief,0.39024724913664155,0.23054290620817383,0.00024173062231724884
,,kuhn,scalar,16,12,24,residual,ok,belief,0.7585051469414724,0.7831391523281733,-6.661638148096997
,,kuhn,scalar,16,12,24,jspace,ok,belief,0.28390926572216607,0.23063938126542025,0.00022624841279350605
,,kuhn,scalar,17,12,24,residual,ok,belief,0.6998842623709179,1.3758847494920097,-21.757614260581995
,,kuhn,scalar,17,12,24,jspace,ok,belief,0.18271857282593884,0.23052828302251427,1.6046785056844648e-05
,,kuhn,scalar,18,12,24,residual,ok,belief,0.7708548360540034,1.061554442346096,-12.643345208854539
,,kuhn,scalar,18,12,24,jspace,ok,belief,0.2192937657326117,0.23071942028670836,6.654817743700914e-05
,,kuhn,scalar,19,12,24,residual,ok,belief,0.7625997947358972,0.4085410056014856,-1.4099902630778733
,,kuhn,scalar,19,12,24,jspace,ok,belief,0.2933515215657194,0.2305466666040569,2.1282617373552526e-05
,,kuhn,scalar,20,12,24,residual,ok,belief,0.7420031402106165,0.4981252655386925,-2.384246279829873
,,kuhn,scalar,20,12,24,jspace,ok,belief,-0.5790838443012837,0.2305587246044903,-7.380710820759084e-05
,,kuhn,scalar,21,12,24,residual,ok,belief,0.5371415458289532,0.33477106591065725,-0.5771130971791036
,,kuhn,scalar,21,12,24,jspace,ok,belief,-0.747946805886177,0.23058118403134628,-0.00021831148734641204
,,kuhn,scalar,22,12,24,residual,ok,belief,0.47197474249163673,0.3351557617386182,-0.47312457431658816
,,kuhn,scalar,22,12,24,jspace,ok,belief,0.26492990745125927,0.23055176792089513,1.0426213680747587e-05
,,kuhn,scalar,23,12,24,residual,ok,belief,0.23457767841003066,0.34613706295688945,-1.2252674961401113
,,kuhn,scalar,23,12,24,jspace,ok,belief,-0.23858878187650776,0.230575683677934,-8.886018727727318e-06
,,kuhn,scalar,24,12,24,residual,ok,belief,0.6291443184878694,0.17949453517794609,0.21526416609399057
,,kuhn,scalar,24,12,24,jspace,ok,belief,-0.13128329126032395,0.23055807580844412,-5.614314626978256e-06
,,kuhn,scalar,25,12,24,residual,ok,belief,0.479307102233211,0.21491118222475047,0.19898345382897642
,,kuhn,scalar,25,12,24,jspace,ok,belief,0.3951491758776841,0.23061852726512544,2.306588637845941e-05
,,kuhn,scalar,26,12,24,residual,ok,belief,0.525137495686117,0.18035071094830832,0.24672272441417276
,,kuhn,scalar,26,12,24,jspace,ok,belief,-0.3054285050900512,0.23105454092374397,-0.00013718048121025284
,,kuhn,scalar,27,12,24,residual,ok,belief,0.7271343854877912,0.16425260206063588,0.5189045821713943
,,kuhn,scalar,27,12,24,jspace,ok,belief,0.30973417331548087,0.2305446143511215,3.398284397371221e-05
,,kuhn,scalar,28,12,24,residual,ok,belief,0.7985859897774779,0.3623867924014727,-0.9064920115894404
,,kuhn,scalar,28,12,24,jspace,ok,belief,-0.24012393319308978,0.23043984867608344,-3.4838060923192415e-05
,,kuhn,scalar,29,12,24,residual,ok,belief,0.7801189746576948,0.5398593515157699,-2.851383181894252
,,kuhn,scalar,29,12,24,jspace,ok,belief,-0.18798423472698922,0.2305701424868175,-1.5252323664283196e-05
,,kuhn,scalar,30,12,24,residual,ok,belief,0.8160181649601245,0.639243882894516,-4.203295480078526
,,kuhn,scalar,30,12,24,jspace,ok,belief,0.31143782563311984,0.2305518986798141,2.3363462158476622e-05
,,kuhn,scalar,31,12,24,residual,ok,belief,0.8906049556977151,0.3222837716341018,-0.5674342774808117
,,kuhn,scalar,31,12,24,jspace,ok,belief,-0.8279891904244865,0.24190418872925154,-0.08699426603973626
,,kuhn,scalar,32,12,24,residual,ok,belief,0.6114362736743885,0.43492752015590663,-1.9010060002137266
,,kuhn,scalar,32,12,24,jspace,ok,belief,0.16801395647941797,0.23054600599079403,2.445609150991679e-05
,,kuhn,scalar,33,12,24,residual,ok,belief,0.7152652232319027,0.2867829049626986,-0.21968193588306262
,,kuhn,scalar,33,12,24,jspace,ok,belief,0.6019624817515232,0.2318137779591395,-0.0005275403082314334
,,kuhn,scalar,34,12,24,residual,ok,belief,0.7234093276121569,0.48153360883394875,-2.1873793956809857
,,kuhn,scalar,34,12,24,jspace,ok,belief,0.3475107746792224,0.23055448896924177,2.1647888105658097e-05
,,kuhn,scalar,35,12,24,residual,ok,belief,0.7262274660917749,0.16283579096198084,0.4563777269218483
,,kuhn,scalar,35,12,24,jspace,ok,belief,0.24846889892206164,0.23062414689217406,3.2726512835812294e-05
,,kuhn,scalar,36,12,24,residual,ok,belief,0.6985808943139192,0.2964476356903712,-0.502456214236533
,,kuhn,scalar,36,12,24,jspace,ok,belief,0.3472384261296302,0.23055113416644624,4.619425782270703e-05
,,kuhn,scalar,37,12,24,residual,ok,belief,0.6417593022062583,0.2972588427364827,-0.5601667219700792
,,kuhn,scalar,37,12,24,jspace,ok,belief,0.6138471544663029,0.23055366094045868,0.00015049289602186988
,,kuhn,scalar,38,12,24,residual,ok,belief,0.6724063756377611,0.26605345408121744,-0.24603339092851906
,,kuhn,scalar,38,12,24,jspace,ok,belief,0.40252629834369663,0.23235528224386767,-0.0013127044750405048
,,kuhn,scalar,39,12,24,residual,ok,belief,0.6166528725247845,0.38844590435425447,-1.4045291875853394
,,kuhn,scalar,39,12,24,jspace,ok,belief,0.44017222383306004,0.230434119374909,0.0006855336567884729
,,kuhn,scalar,40,12,24,residual,ok,belief,0.6538900727728296,0.5241211409370105,-2.8074485057270677
,,kuhn,scalar,40,12,24,jspace,ok,belief,0.5005802205622264,0.23062228524211295,0.00013443611970376246
,,kuhn,scalar,41,12,24,residual,ok,belief,0.7240776219591473,0.49242742036779724,-2.326773505329102
,,kuhn,scalar,41,12,24,jspace,ok,belief,0.42391998743184206,0.23059288047484097,0.00019192416874502793
,,kuhn,scalar,42,12,24,residual,ok,belief,0.7745465638159081,0.44154556021094327,-1.705952484238768
,,kuhn,scalar,42,12,24,jspace,ok,belief,0.4944175377834701,0.23036661431050856,0.0007003354377407289
,,kuhn,scalar,43,12,24,residual,ok,belief,0.7839568412905809,0.8665628015995025,-8.208166608914
,,kuhn,scalar,43,12,24,jspace,ok,belief,0.3082766951197643,0.23068721410479023,0.001033544375614981
,,kuhn,scalar,44,12,24,residual,ok,belief,0.6622416948411719,1.1183016553521157,-14.250711080175925
,,kuhn,scalar,44,12,24,jspace,ok,belief,0.5939495127101301,0.2309299413382365,0.0018161047544030806
,,kuhn,scalar,45,12,24,residual,ok,belief,0.6906163593537858,0.9566432913144429,-10.272330556136678
,,kuhn,scalar,45,12,24,jspace,ok,belief,0.4463655468814366,0.23060175989637743,0.000934736430494576
,,kuhn,scalar,46,12,24,residual,ok,belief,0.7226097906725507,1.026729725797971,-11.863015120274072
,,kuhn,scalar,46,12,24,jspace,ok,belief,-0.22336823800808922,0.23066295011155472,-0.0001323248422626655
,,kuhn,scalar,47,12,24,residual,ok,belief,0.7779204868444525,1.077051662405332,-13.090377262154313
,,kuhn,scalar,47,12,24,jspace,ok,belief,0.3460791384206877,0.2305066796717555,0.018524437888154832
,,kuhn,scalar,48,12,24,residual,ok,belief,0.7682856801386543,0.8807870204250018,-8.719316852514442
,,kuhn,scalar,48,12,24,jspace,ok,belief,-0.40361603525902623,0.23081427075013505,-0.0004897036997388859
,,kuhn,scalar,49,12,24,residual,ok,belief,0.8192401889586052,1.0249355862538019,-11.784018580532944
,,kuhn,scalar,49,12,24,jspace,ok,belief,-0.3100679032539739,0.22959150888094737,-0.0021775230943756885
,,kuhn,scalar,50,12,24,residual,ok,belief,0.8212713194074455,0.8155601724982261,-7.277942099910295
,,kuhn,scalar,50,12,24,jspace,ok,belief,0.5934021354614462,0.23055472743411173,0.00048423137155362284
,,kuhn,scalar,51,12,24,residual,ok,belief,0.7190185388821859,0.8625125591953595,-8.448633595124884
,,kuhn,scalar,51,12,24,jspace,ok,belief,0.22488558834506575,0.23064144892018515,0.000390065580141874
,,kuhn,scalar,52,12,24,residual,ok,belief,0.7350961144117379,0.8361569126447042,-7.979954917557334
,,kuhn,scalar,52,12,24,jspace,ok,belief,0.6500424332764032,0.23052284319060504,0.0014181230578447224
,,kuhn,scalar,53,12,24,residual,ok,belief,0.7443970633906164,0.7658586954077085,-6.5789962708135565
,,kuhn,scalar,53,12,24,jspace,ok,belief,0.34275218805827506,0.23043831439302473,0.000794247756848887
,,kuhn,scalar,54,12,24,residual,ok,belief,0.7197020350564193,0.7337925190726916,-6.129515607352945
,,kuhn,scalar,54,12,24,jspace,ok,belief,0.4652416420713797,0.23041247010095386,0.001644555268596748
,,kuhn,scalar,55,12,24,residual,ok,belief,0.6795808124570533,0.8354483003417651,-8.089924825543843
,,kuhn,scalar,55,12,24,jspace,ok,belief,0.18306390266545217,0.2297276704171869,0.0033979724024916225
,,kuhn,scalar,56,12,24,residual,ok,belief,0.7037352746961677,0.828286578754584,-7.815831288730836
,,kuhn,scalar,56,12,24,jspace,ok,belief,-0.8202630035285958,0.23210909461724558,-0.013599722802128511
,,kuhn,scalar,57,12,24,residual,ok,belief,0.6621852290700935,0.8121422658363978,-7.795833799182125
,,kuhn,scalar,57,12,24,jspace,ok,belief,-0.6534497816619116,0.23373871104746916,-0.02163142708676502
,,kuhn,scalar,58,12,24,residual,ok,belief,0.6689474133579674,0.7948674067854881,-7.381960549408959
,,kuhn,scalar,58,12,24,jspace,ok,belief,-0.6690290662260958,0.23080526918240163,-0.002072713557286443
,,kuhn,scalar,59,12,24,residual,ok,belief,0.6759212219987841,0.7422287705043952,-6.3939206108206585
,,kuhn,scalar,59,12,24,jspace,ok,belief,-0.273738937727269,0.23056185199572643,-0.0012303863668381432
,,kuhn,scalar,60,12,24,residual,ok,belief,0.7656957787730483,0.7403007254004478,-5.973140318207315
,,kuhn,scalar,60,12,24,jspace,ok,belief,0.2935301135069585,0.23006084138427774,0.0006866503912923427
,,kuhn,scalar,61,12,24,residual,ok,belief,0.786130282943734,0.5803041624526183,-3.408363795643523
,,kuhn,scalar,61,12,24,jspace,ok,belief,0.5157426103129195,0.22953328685232036,0.008912640749630052
,,kuhn,scalar,62,12,24,residual,ok,belief,0.7590837908849372,0.2086386350293954,0.2095433710119814
,,kuhn,scalar,62,12,24,jspace,ok,belief,0.2646185939882727,0.23018808878373817,0.0024018670741952075
,,kuhn,scalar,-1,12,24,output,ok,objective,0.3504067854171032,1.0425630676249662,0.023105148304931156
,,kuhn,scalar,0,12,24,residual,ok,objective,0.7500670844451048,1.150903019309044,-0.3372644434696712
,,kuhn,scalar,0,12,24,jspace,ok,objective,0.30975618999373206,1.0223342761793142,1.6905232713693152e-07
,,kuhn,scalar,1,12,24,residual,ok,objective,0.6718188275878566,0.7172345923880736,0.35774594616286903
,,kuhn,scalar,1,12,24,jspace,ok,objective,0.4095018148196745,1.022189351722152,9.685992268382293e-05
,,kuhn,scalar,2,12,24,residual,ok,objective,0.37934623291707226,1.524389175573985,-1.4549993010619948
,,kuhn,scalar,2,12,24,jspace,ok,objective,-0.29408937295747006,1.022383319297486,-1.9752421713592483e-05
,,kuhn,scalar,3,12,24,residual,ok,objective,0.5493248557796877,0.8711088756720224,0.12295999160223514
,,kuhn,scalar,3,12,24,jspace,ok,objective,0.26289184246302605,1.0211417380450671,0.0005195054817888067
,,kuhn,scalar,4,12,24,residual,ok,objective,0.5656973502604545,0.8183218250672022,0.2222689554649424
,,kuhn,scalar,4,12,24,jspace,ok,objective,0.625194232384211,1.0214810472444926,4.668340923397185e-05
,,kuhn,scalar,5,12,24,residual,ok,objective,0.3479603856495398,0.9170322487751642,0.1182878232250224
,,kuhn,scalar,5,12,24,jspace,ok,objective,-0.09091597140360844,1.022191420956736,-1.0376860894112383e-05
,,kuhn,scalar,6,12,24,residual,ok,objective,0.29864440913711543,1.3688195407390593,-0.6082404423129308
,,kuhn,scalar,6,12,24,jspace,ok,objective,0.14044400048555616,1.0229114854940018,5.579367353858444e-05
,,kuhn,scalar,7,12,24,residual,ok,objective,0.43730479942517236,0.9218407213687895,0.13855453727796185
,,kuhn,scalar,7,12,24,jspace,ok,objective,-0.16061848513708196,1.0222853829799152,-1.1646030131373664e-05
,,kuhn,scalar,8,12,24,residual,ok,objective,0.6562814511208809,1.3748846819003422,-0.8281689255640456
,,kuhn,scalar,8,12,24,jspace,ok,objective,-0.5298597134144609,1.0222703235081998,-6.569557282132266e-05
,,kuhn,scalar,9,12,24,residual,ok,objective,0.6240558823790002,1.029876705010732,0.011910216991132816
,,kuhn,scalar,9,12,24,jspace,ok,objective,0.19022009104528792,1.0222971215044765,0.00010343569436188638
,,kuhn,scalar,10,12,24,residual,ok,objective,0.7557585581316072,5.582596619923909,-21.009311460351626
,,kuhn,scalar,10,12,24,jspace,ok,objective,0.2099518329149417,1.0221524345153135,2.176335541315133e-05
,,kuhn,scalar,11,12,24,residual,ok,objective,0.6712699001508863,1.8305772364139559,-1.8405841764102324
,,kuhn,scalar,11,12,24,jspace,ok,objective,-0.25276771528478853,1.0222403956173516,-1.721884846128674e-05
,,kuhn,scalar,12,12,24,residual,ok,objective,0.5827120243531413,3.807361721992493,-9.634073114194303
,,kuhn,scalar,12,12,24,jspace,ok,objective,0.4804152435528188,1.0232160502580518,6.276606458444078e-05
,,kuhn,scalar,13,12,24,residual,ok,objective,0.6729965002508316,6.350554943084716,-27.298965824818197
,,kuhn,scalar,13,12,24,jspace,ok,objective,-0.24691237609113004,1.0245656666435525,-0.00014293352949024118
,,kuhn,scalar,14,12,24,residual,ok,objective,0.6537205594060704,5.954196095466613,-23.973005469497206
,,kuhn,scalar,14,12,24,jspace,ok,objective,-0.32330597511947473,1.0225187365001602,-0.00016599701184638604
,,kuhn,scalar,15,12,24,residual,ok,objective,0.5766481227757327,2.8450931708017984,-5.237697031600975
,,kuhn,scalar,15,12,24,jspace,ok,objective,0.17614585437119862,1.022492408808092,0.00020937590474534584
,,kuhn,scalar,16,12,24,residual,ok,objective,0.6230485164773113,0.7344585587581,0.3601193846306031
,,kuhn,scalar,16,12,24,jspace,ok,objective,0.24542510765861045,1.0225106582464576,7.069412671578679e-05
,,kuhn,scalar,17,12,24,residual,ok,objective,0.7910076507705996,2.6438913146654768,-4.262590151674241
,,kuhn,scalar,17,12,24,jspace,ok,objective,0.1570051399136042,1.022464485513242,1.4878571871879132e-05
,,kuhn,scalar,18,12,24,residual,ok,objective,0.7408844110746902,1.27971218029658,-0.5983305151548417
,,kuhn,scalar,18,12,24,jspace,ok,objective,0.21944224710312762,1.022074474616022,3.301591638893431e-05
,,kuhn,scalar,19,12,24,residual,ok,objective,0.5769837249366441,0.941827826698621,0.21852620666550782
,,kuhn,scalar,19,12,24,jspace,ok,objective,0.10624584242645618,1.0222720203641653,5.275451160358102e-06
,,kuhn,scalar,20,12,24,residual,ok,objective,0.6840598677669445,0.7944031561414401,0.31742501033407655
,,kuhn,scalar,20,12,24,jspace,ok,objective,0.11875640717972188,1.0221781961437177,6.686294645175117e-06
,,kuhn,scalar,21,12,24,residual,ok,objective,0.6414121550782699,1.4172374106943606,-0.6777291709223439
,,kuhn,scalar,21,12,24,jspace,ok,objective,-0.4137760850693193,1.0222466727855266,-9.205255108279964e-05
,,kuhn,scalar,22,12,24,residual,ok,objective,0.5136492944904687,2.2431265612443285,-3.253556201722458
,,kuhn,scalar,22,12,24,jspace,ok,objective,0.2755357992106703,1.0221758517104662,1.2375180902801652e-05
,,kuhn,scalar,23,12,24,residual,ok,objective,0.18746910765291364,2.024777889251709,-2.7933152140801485
,,kuhn,scalar,23,12,24,jspace,ok,objective,0.1516975238452862,1.0221768925073036,6.615792491282413e-06
,,kuhn,scalar,24,12,24,residual,ok,objective,0.6375624471249561,1.3945858379205067,-1.0636494717393608
,,kuhn,scalar,24,12,24,jspace,ok,objective,0.14038614051640522,1.0221780805676985,5.8093462588226785e-06
,,kuhn,scalar,25,12,24,residual,ok,objective,0.5329287513664628,1.7344956497351331,-1.8242288236853135
,,kuhn,scalar,25,12,24,jspace,ok,objective,0.48948249791271914,1.0218387150107664,2.95407019370586e-05
,,kuhn,scalar,26,12,24,residual,ok,objective,0.4388084869611516,1.5842298368612926,-1.5587183353287437
,,kuhn,scalar,26,12,24,jspace,ok,objective,-0.09605016233490762,1.0189243586275,-7.476799850936189e-05
,,kuhn,scalar,27,12,24,residual,ok,objective,0.5054110802920846,1.2603825564185778,-0.5180157365788041
,,kuhn,scalar,27,12,24,jspace,ok,objective,0.42838267365217203,1.0222313690688516,4.212305803164007e-05
,,kuhn,scalar,28,12,24,residual,ok,objective,0.6559632458169905,0.7134352033336958,0.3735228325527
,,kuhn,scalar,28,12,24,jspace,ok,objective,0.16007306040421979,1.0238380861303933,-2.022333694284839e-06
,,kuhn,scalar,29,12,24,residual,ok,objective,0.772063320397461,0.8978739999234676,0.23842764534167016
,,kuhn,scalar,29,12,24,jspace,ok,objective,-0.13788355780872605,1.0221684093220231,-1.0831551943812912e-05
,,kuhn,scalar,30,12,24,residual,ok,objective,0.7008625530648727,1.1296514878670374,-0.2423263105473994
,,kuhn,scalar,30,12,24,jspace,ok,objective,-0.14263549640998457,1.0221863521383474,-7.211294180686778e-06
,,kuhn,scalar,31,12,24,residual,ok,objective,0.6322677186641934,1.1927971238891282,-0.2945365801216633
,,kuhn,scalar,31,12,24,jspace,ok,objective,-0.2590527165320118,1.061928051223772,-0.03245962487270826
,,kuhn,scalar,32,12,24,residual,ok,objective,0.4563030316922936,1.669070849816004,-1.5494829555249057
,,kuhn,scalar,32,12,24,jspace,ok,objective,0.20534306549149628,1.0221490926548522,3.200777292344803e-05
,,kuhn,scalar,33,12,24,residual,ok,objective,0.33758648441559264,1.0128754826883473,0.10703424588558264
,,kuhn,scalar,33,12,24,jspace,ok,objective,0.27670269822684473,1.026796304158572,-9.627532191469612e-05
,,kuhn,scalar,34,12,24,residual,ok,objective,0.590484839762479,0.9350917056202886,0.26349903892686577
,,kuhn,scalar,34,12,24,jspace,ok,objective,-0.06109089270618202,1.0222213459717124,-2.7644121212144768e-06
,,kuhn,scalar,35,12,24,residual,ok,objective,0.525600440158081,0.9512180055181186,-0.05481148258412882
,,kuhn,scalar,35,12,24,jspace,ok,objective,0.20827767259096572,1.0218546230253933,2.0619223865425695e-05
,,kuhn,scalar,36,12,24,residual,ok,objective,0.6289513026078392,1.2090628668665886,-0.4600838395492559
,,kuhn,scalar,36,12,24,jspace,ok,objective,0.12540962553996265,1.0222168025680514,6.525738272311621e-06
,,kuhn,scalar,37,12,24,residual,ok,objective,0.5210186767986889,1.4398901045322416,-1.08208671234684
,,kuhn,scalar,37,12,24,jspace,ok,objective,-0.027770537352246553,1.022082343951746,-7.817061881132403e-06
,,kuhn,scalar,38,12,24,residual,ok,objective,0.5650706480893714,1.6210354248682661,-1.5039898018894169
,,kuhn,scalar,38,12,24,jspace,ok,objective,0.036592017793432866,1.01369456841561,-0.0004465573944685275
,,kuhn,scalar,39,12,24,residual,ok,objective,0.489364208367203,2.253701508045197,-3.298351755470221
,,kuhn,scalar,39,12,24,jspace,ok,objective,-0.19026746775719403,1.0217412398785706,-7.835371906739219e-05
,,kuhn,scalar,40,12,24,residual,ok,objective,0.3394291263314412,3.0728085239728293,-6.389195566732023
,,kuhn,scalar,40,12,24,jspace,ok,objective,0.253204214841897,1.0215722565635612,0.00015663990573400177
,,kuhn,scalar,41,12,24,residual,ok,objective,0.4485362103237193,2.5773764848709106,-4.393811489397906
,,kuhn,scalar,41,12,24,jspace,ok,objective,0.14667786780560318,1.021427276737603,9.69601674922771e-05
,,kuhn,scalar,42,12,24,residual,ok,objective,0.4983669041530733,2.5565806329250336,-4.277128321945989
,,kuhn,scalar,42,12,24,jspace,ok,objective,0.649739636739773,1.0190176372922346,0.0006507329415131879
,,kuhn,scalar,43,12,24,residual,ok,objective,0.41749072562680345,3.6187259356180834,-8.843948477898842
,,kuhn,scalar,43,12,24,jspace,ok,objective,-0.24247817332971974,1.0245840249425873,-0.01501953917223986
,,kuhn,scalar,44,12,24,residual,ok,objective,0.2211182492375777,3.5110152761141467,-8.43760180121098
,,kuhn,scalar,44,12,24,jspace,ok,objective,-0.470256494288229,1.019641358347877,-0.0033375505649415604
,,kuhn,scalar,45,12,24,residual,ok,objective,0.33561283092961913,2.252642760674159,-3.37891650115351
,,kuhn,scalar,45,12,24,jspace,ok,objective,-0.4697525813731434,1.0251444272057029,-0.0015106798139059574
,,kuhn,scalar,46,12,24,residual,ok,objective,0.4740703217772426,2.004173815250397,-2.5553084405551645
,,kuhn,scalar,46,12,24,jspace,ok,objective,-0.32690339190348106,1.02180655705883,-0.0002888207401405829
,,kuhn,scalar,47,12,24,residual,ok,objective,0.5451784224650876,1.5344480636219184,-1.0331208724915864
,,kuhn,scalar,47,12,24,jspace,ok,objective,0.4372353992023344,0.9855864119153699,0.036190791468546424
,,kuhn,scalar,48,12,24,residual,ok,objective,0.5407507439810966,1.284996156891187,-0.3685375185906399
,,kuhn,scalar,48,12,24,jspace,ok,objective,-0.09570321786920435,1.0208141219245426,-0.00024993121348226843
,,kuhn,scalar,49,12,24,residual,ok,objective,0.5300845630466042,1.4045571324725943,-0.6136326658499394
,,kuhn,scalar,49,12,24,jspace,ok,objective,-0.1395254363148086,1.0289111518638017,-0.0011375915464868491
,,kuhn,scalar,50,12,24,residual,ok,objective,0.4603720117316997,1.3662767137090361,-0.6077971201551919
,,kuhn,scalar,50,12,24,jspace,ok,objective,0.4365368860351202,1.0215936886732948,0.00047582896675957276
,,kuhn,scalar,51,12,24,residual,ok,objective,0.37726692754402374,1.554156683385372,-1.1670362677660835
,,kuhn,scalar,51,12,24,jspace,ok,objective,0.44709182049028073,1.0215347774418007,0.0003982028046497499
,,kuhn,scalar,52,12,24,residual,ok,objective,0.4097436190494237,1.5687941610813143,-1.2353295911700237
,,kuhn,scalar,52,12,24,jspace,ok,objective,0.5224555315293254,1.0201591729250583,0.0025407920246939275
,,kuhn,scalar,53,12,24,residual,ok,objective,0.3949730998021472,1.372984918455283,-0.8238435034427913
,,kuhn,scalar,53,12,24,jspace,ok,objective,0.18167702608492606,1.023163415709089,0.000485644442104638
,,kuhn,scalar,54,12,24,residual,ok,objective,0.3883618947663121,1.5362436150511105,-1.1398885837432902
,,kuhn,scalar,54,12,24,jspace,ok,objective,0.03293674000507564,1.0235566499955775,0.00012213422017504083
,,kuhn,scalar,55,12,24,residual,ok,objective,0.36820243298157834,1.5127456200619536,-1.1081400050938903
,,kuhn,scalar,55,12,24,jspace,ok,objective,0.39746063854874236,1.0226168018748931,0.0033049667623397117
,,kuhn,scalar,56,12,24,residual,ok,objective,0.4348191515916131,1.4159039941926796,-0.8087316061733172
,,kuhn,scalar,56,12,24,jspace,ok,objective,0.04698285933485304,1.0282703206834125,0.000807819882281402
,,kuhn,scalar,57,12,24,residual,ok,objective,0.4037851066417736,1.3865155441065626,-0.7863924278433012
,,kuhn,scalar,57,12,24,jspace,ok,objective,-0.0678703940733908,1.0274282735030045,-0.0007913663925840364
,,kuhn,scalar,58,12,24,residual,ok,objective,0.4097625658667944,1.3744092285633087,-0.7163480423751207
,,kuhn,scalar,58,12,24,jspace,ok,objective,0.47216499899548003,1.0217139225768737,0.0026563448074410356
,,kuhn,scalar,59,12,24,residual,ok,objective,0.426179150046776,1.2878366683920222,-0.5509508672766201
,,kuhn,scalar,59,12,24,jspace,ok,objective,0.6696487030678462,1.0215205125876838,0.002477146496144389
,,kuhn,scalar,60,12,24,residual,ok,objective,0.5273130467119339,1.0693126772840817,0.01433839765627376
,,kuhn,scalar,60,12,24,jspace,ok,objective,0.3528098757059364,1.0226233490087777,0.0020273688369509824
,,kuhn,scalar,61,12,24,residual,ok,objective,0.5674460225649934,0.8747449239095051,0.24863937250517942
,,kuhn,scalar,61,12,24,jspace,ok,objective,0.5824568176643822,0.9742598037721732,0.09445059403329403
,,kuhn,scalar,62,12,24,residual,ok,objective,0.44423200164673987,0.947193623582522,-0.11716018223851865
,,kuhn,scalar,62,12,24,jspace,ok,objective,0.2526738219317439,1.0342229886898608,0.02017135488584343
,,kuhn,scalar,-1,12,24,output,ok,value_margin,0.13172013993737083,0.4123234371344249,-0.17242834969898202
,,kuhn,scalar,0,12,24,residual,ok,value_margin,0.6386039607448876,0.8743037164211273,-3.643319380084633
,,kuhn,scalar,0,12,24,jspace,ok,value_margin,0.34913915715092836,0.3666665566476596,6.377542589586227e-07
,,kuhn,scalar,1,12,24,residual,ok,value_margin,0.7243749662144514,0.33044386704762774,0.11370215735127942
,,kuhn,scalar,1,12,24,jspace,ok,value_margin,-0.2930456749612984,0.36670674408605136,-0.00010971777952906159
,,kuhn,scalar,2,12,24,residual,ok,value_margin,0.7203446202636448,0.5925902664661408,-1.2897956355555293
,,kuhn,scalar,2,12,24,jspace,ok,value_margin,0.19336501435025472,0.3666670483321836,1.0782276650078693e-05
,,kuhn,scalar,3,12,24,residual,ok,value_margin,0.6683159864112154,2.8699746052424118,-42.66115401226708
,,kuhn,scalar,3,12,24,jspace,ok,value_margin,-0.33836647303726963,0.3666686434842654,-0.0007085334693341938
,,kuhn,scalar,4,12,24,residual,ok,value_margin,0.7124692408146233,4.938131403923034,-127.01538336135323
,,kuhn,scalar,4,12,24,jspace,ok,value_margin,0.07760685274178096,0.3666668679095231,1.8958497666199392e-06
,,kuhn,scalar,5,12,24,residual,ok,value_margin,0.6809373644406986,1.9955239613850912,-20.43346357009257
,,kuhn,scalar,5,12,24,jspace,ok,value_margin,-0.2049133710798354,0.3666693133107901,-1.3325906328409687e-05
,,kuhn,scalar,6,12,24,residual,ok,value_margin,0.643192492059212,1.6181481003761293,-13.334618301752158
,,kuhn,scalar,6,12,24,jspace,ok,value_margin,-0.28135122539635793,0.36667613077538924,-2.7234984013801977e-05
,,kuhn,scalar,7,12,24,residual,ok,value_margin,0.7065648937923018,1.824038596947988,-16.946811731935817
,,kuhn,scalar,7,12,24,jspace,ok,value_margin,0.051534723117368,0.36667144703951293,7.052305388666191e-06
,,kuhn,scalar,8,12,24,residual,ok,value_margin,0.808199215471887,2.413219920794169,-29.870102509806483
,,kuhn,scalar,8,12,24,jspace,ok,value_margin,0.38377229808093016,0.3666651912116461,7.008923911588916e-06
,,kuhn,scalar,9,12,24,residual,ok,value_margin,0.8321254422761182,0.8996034582455953,-3.6109874980584253
,,kuhn,scalar,9,12,24,jspace,ok,value_margin,0.4129227411913358,0.3666372322812394,0.00024221430461135451
,,kuhn,scalar,10,12,24,residual,ok,value_margin,0.8054173755426169,2.022903633117676,-20.875645971541868
,,kuhn,scalar,10,12,24,jspace,ok,value_margin,0.09572534194184318,0.36666604095181504,6.990607788415204e-06
,,kuhn,scalar,11,12,24,residual,ok,value_margin,0.6698848685424029,1.528005184729894,-11.759785317233394
,,kuhn,scalar,11,12,24,jspace,ok,value_margin,-0.4018032042255004,0.3666694443510284,-1.9014961339935965e-05
,,kuhn,scalar,12,12,24,residual,ok,value_margin,0.5321810206243678,1.1133551319440207,-6.20290916323951
,,kuhn,scalar,12,12,24,jspace,ok,value_margin,0.37018018210244114,0.3666521145680674,6.622719627935592e-05
,,kuhn,scalar,13,12,24,residual,ok,value_margin,0.6124537390134451,0.2732239877184232,0.22550494252932485
,,kuhn,scalar,13,12,24,jspace,ok,value_margin,0.2045622437746276,0.36665169666844416,5.230587730731262e-05
,,kuhn,scalar,14,12,24,residual,ok,value_margin,0.749039136270614,1.6731659491856894,-14.123970031110993
,,kuhn,scalar,14,12,24,jspace,ok,value_margin,-0.5015291491595311,0.36671046403824786,-0.00021019142213640762
,,kuhn,scalar,15,12,24,residual,ok,value_margin,0.46507466075937975,1.47872771024704,-11.270663534615176
,,kuhn,scalar,15,12,24,jspace,ok,value_margin,-0.37151733034996554,0.3666794572855781,-4.967708760394984e-05
,,kuhn,scalar,16,12,24,residual,ok,value_margin,0.5368755821397744,0.382328109939893,-0.039258106410927196
,,kuhn,scalar,16,12,24,jspace,ok,value_margin,0.27986523943119634,0.36665849582275395,5.634846941393601e-05
,,kuhn,scalar,17,12,24,residual,ok,value_margin,0.6850387753014868,0.5471757421890895,-1.0966680932756887
,,kuhn,scalar,17,12,24,jspace,ok,value_margin,0.6791518698545798,0.3666519554266558,7.304482671954826e-05
,,kuhn,scalar,18,12,24,residual,ok,value_margin,0.7387862667987105,1.0929749429225923,-5.886122104325542
,,kuhn,scalar,18,12,24,jspace,ok,value_margin,0.5374366175191111,0.36661279144198494,0.00017391084579110316
,,kuhn,scalar,19,12,24,residual,ok,value_margin,0.6302833898030262,1.1621091584364576,-6.665700180804216
,,kuhn,scalar,19,12,24,jspace,ok,value_margin,0.7151353556237567,0.3666567886522705,4.410357636319695e-05
,,kuhn,scalar,20,12,24,residual,ok,value_margin,0.5448323341076898,1.3222773989041647,-8.846727836624423
,,kuhn,scalar,20,12,24,jspace,ok,value_margin,0.14041619580417689,0.3666467893737309,2.847318833620882e-05
,,kuhn,scalar,21,12,24,residual,ok,value_margin,0.4252417243277516,0.7908263325691224,-3.0899167426426644
,,kuhn,scalar,21,12,24,jspace,ok,value_margin,-0.11960716902079893,0.36667660608558944,-3.6245929575962066e-05
,,kuhn,scalar,22,12,24,residual,ok,value_margin,0.6177015400366785,0.995757055282593,-4.834192371183442
,,kuhn,scalar,22,12,24,jspace,ok,value_margin,0.23795191808248592,0.3666654253161215,7.715885556036639e-06
,,kuhn,scalar,23,12,24,residual,ok,value_margin,0.37992914490520596,1.800564738114675,-16.818080344488042
,,kuhn,scalar,23,12,24,jspace,ok,value_margin,-0.10759554235931384,0.3666651770808504,-1.0283435899038906e-05
,,kuhn,scalar,24,12,24,residual,ok,value_margin,0.6735762856356294,0.7234366009632747,-2.286595674270256
,,kuhn,scalar,24,12,24,jspace,ok,value_margin,0.08274761784914811,0.3666649377993012,2.3674407033658085e-06
,,kuhn,scalar,25,12,24,residual,ok,value_margin,0.5915059971751169,0.32989066640535986,0.04018378262021172
,,kuhn,scalar,25,12,24,jspace,ok,value_margin,0.04361732098031215,0.36666960360721323,2.1172091494436884e-06
,,kuhn,scalar,26,12,24,residual,ok,value_margin,0.6033852570687053,0.8407154897848765,-3.352534041380834
,,kuhn,scalar,26,12,24,jspace,ok,value_margin,0.42731668499607184,0.3666630372643111,-4.733256461530999e-05
,,kuhn,scalar,27,12,24,residual,ok,value_margin,0.6898072318366624,1.1441138009230298,-6.379041700542343
,,kuhn,scalar,27,12,24,jspace,ok,value_margin,0.3165740564977779,0.3666604248072993,3.305559733790542e-05
,,kuhn,scalar,28,12,24,residual,ok,value_margin,0.6516318641297444,0.8610718766848247,-3.4842650438789526
,,kuhn,scalar,28,12,24,jspace,ok,value_margin,0.23204054945799638,0.3666650153697142,1.1924724819478705e-05
,,kuhn,scalar,29,12,24,residual,ok,value_margin,0.6413465521115961,1.0256884713967642,-5.089520834542827
,,kuhn,scalar,29,12,24,jspace,ok,value_margin,0.23353438635210594,0.3666455702800964,5.772370490808587e-05
,,kuhn,scalar,30,12,24,residual,ok,value_margin,0.6142280474744463,1.110933017730713,-6.087752647348717
,,kuhn,scalar,30,12,24,jspace,ok,value_margin,-0.3455878368606353,0.36667474530184735,-2.742678312417368e-05
,,kuhn,scalar,31,12,24,residual,ok,value_margin,0.24159979158925257,1.3378319859504701,-9.343001602478868
,,kuhn,scalar,31,12,24,jspace,ok,value_margin,0.36382253937718495,0.3630924884957591,0.01621560086270679
,,kuhn,scalar,32,12,24,residual,ok,value_margin,0.28613272471857465,1.1989632467428846,-7.46327674499088
,,kuhn,scalar,32,12,24,jspace,ok,value_margin,0.27089471927152936,0.36666046912625494,3.237410372514127e-05
,,kuhn,scalar,33,12,24,residual,ok,value_margin,0.5848017968796767,1.4140272855758669,-10.130388438035652
,,kuhn,scalar,33,12,24,jspace,ok,value_margin,0.3373991266260226,0.36665457814747016,-0.00024232886354269567
,,kuhn,scalar,34,12,24,residual,ok,value_margin,0.46729152773937455,1.6829289515813193,-14.590840514160654
,,kuhn,scalar,34,12,24,jspace,ok,value_margin,0.5107803497085873,0.36666044699145134,2.7966663294742844e-05
,,kuhn,scalar,35,12,24,residual,ok,value_margin,0.2100518977134847,1.6361797372500104,-14.093865729495535
,,kuhn,scalar,35,12,24,jspace,ok,value_margin,0.6528556355877971,0.36664265199840473,0.00012212863854665912
,,kuhn,scalar,36,12,24,residual,ok,value_margin,0.4944517290507071,1.5746140201886496,-12.721523079013451
,,kuhn,scalar,36,12,24,jspace,ok,value_margin,0.40187960407258305,0.36666270082707314,1.4275137202979238e-05
,,kuhn,scalar,37,12,24,residual,ok,value_margin,0.5746379697571586,1.5265796303749086,-11.858727416924824
,,kuhn,scalar,37,12,24,jspace,ok,value_margin,0.10607676854509114,0.366664080257532,1.6569266021337903e-05
,,kuhn,scalar,38,12,24,residual,ok,value_margin,0.606735454078676,1.6808086554209394,-14.40835826374443
,,kuhn,scalar,38,12,24,jspace,ok,value_margin,0.12430718440567001,0.3666654628057681,-6.330470841064972e-05
,,kuhn,scalar,39,12,24,residual,ok,value_margin,0.47175413732149185,2.1022239446640016,-22.896587290009418
,,kuhn,scalar,39,12,24,jspace,ok,value_margin,-0.42525737451356344,0.36677898436862083,-0.0009048114511427396
,,kuhn,scalar,40,12,24,residual,ok,value_margin,0.46095839581151093,2.39424444437027,-29.760895539536683
,,kuhn,scalar,40,12,24,jspace,ok,value_margin,0.43758241064742953,0.3665617447442368,0.00037197820833956285
,,kuhn,scalar,41,12,24,residual,ok,value_margin,0.33527054060292816,2.3601643562316896,-29.015886736371954
,,kuhn,scalar,41,12,24,jspace,ok,value_margin,0.32795162795488303,0.36665755693259156,0.00010672316865578679
,,kuhn,scalar,42,12,24,residual,ok,value_margin,0.2531663833063715,2.2913456281026208,-27.40895559288577
,,kuhn,scalar,42,12,24,jspace,ok,value_margin,-0.004231701319019124,0.36664782852399624,-4.759766127637732e-05
,,kuhn,scalar,43,12,24,residual,ok,value_margin,0.4381973866050244,1.759354106585185,-15.993108489546852
,,kuhn,scalar,43,12,24,jspace,ok,value_margin,-0.40870185581410207,0.3682502527694971,-0.028863525869616602
,,kuhn,scalar,44,12,24,residual,ok,value_margin,0.4988984658168138,1.5043962121009828,-11.58573207615096
,,kuhn,scalar,44,12,24,jspace,ok,value_margin,-0.16964474554235814,0.3665516568623712,-0.0017990618568850536
,,kuhn,scalar,45,12,24,residual,ok,value_margin,0.3768678038840439,1.023507736126582,-5.353533748856737
,,kuhn,scalar,45,12,24,jspace,ok,value_margin,0.2626516141711677,0.3661808932261476,0.0009032156046430151
,,kuhn,scalar,46,12,24,residual,ok,value_margin,0.39430626139467956,0.9583120564619702,-4.6576199520128485
,,kuhn,scalar,46,12,24,jspace,ok,value_margin,0.6109315627432031,0.36655929144634536,0.0005615413474241437
,,kuhn,scalar,47,12,24,residual,ok,value_margin,0.7659731738295893,0.6214806606372197,-1.4329458017949053
,,kuhn,scalar,47,12,24,jspace,ok,value_margin,0.45209105476716277,0.3640727536972009,0.014511584170161851
,,kuhn,scalar,48,12,24,residual,ok,value_margin,0.7244012818590642,0.32370831668376915,-0.004882255642353561
,,kuhn,scalar,48,12,24,jspace,ok,value_margin,0.29183002209985265,0.36636605524204424,0.0008270675649756365
,,kuhn,scalar,49,12,24,residual,ok,value_margin,0.6952262968876526,0.34572787185509996,-0.17180638779374235
,,kuhn,scalar,49,12,24,jspace,ok,value_margin,0.5980621060981786,0.36617513013196823,0.0016501247678691877
,,kuhn,scalar,50,12,24,residual,ok,value_margin,0.6694504498901549,0.46781902462244035,-1.0768726557039878
,,kuhn,scalar,50,12,24,jspace,ok,value_margin,0.7225795847403055,0.3664603148157592,0.0009138542862692223
,,kuhn,scalar,51,12,24,residual,ok,value_margin,0.6480902210900013,0.4426222776373228,-0.8971656245965636
,,kuhn,scalar,51,12,24,jspace,ok,value_margin,0.5346690545627556,0.3662715399033793,0.0013684510745882728
,,kuhn,scalar,52,12,24,residual,ok,value_margin,0.6303391039849744,0.505668372909228,-1.4010005867020916
,,kuhn,scalar,52,12,24,jspace,ok,value_margin,0.7082762062419513,0.36587227394916283,0.004252818649956636
,,kuhn,scalar,53,12,24,residual,ok,value_margin,0.6241071867990253,0.48957686225573216,-1.233741906311752
,,kuhn,scalar,53,12,24,jspace,ok,value_margin,0.5731677174721462,0.3663515221082511,0.0016114742906787605
,,kuhn,scalar,54,12,24,residual,ok,value_margin,0.6175268721255261,0.5804845700661341,-1.7486404086141025
,,kuhn,scalar,54,12,24,jspace,ok,value_margin,0.4566020632122521,0.36609107637194294,0.0021434238597856092
,,kuhn,scalar,55,12,24,residual,ok,value_margin,0.6458484731035194,0.5795523196458817,-1.851509724262693
,,kuhn,scalar,55,12,24,jspace,ok,value_margin,0.62065771478551,0.3649018547626068,0.01504525103902532
,,kuhn,scalar,56,12,24,residual,ok,value_margin,0.621307757684608,0.5999075631300608,-1.8477301107809376
,,kuhn,scalar,56,12,24,jspace,ok,value_margin,0.2571843688802354,0.36411584260607216,0.006174730768138126
,,kuhn,scalar,57,12,24,residual,ok,value_margin,0.621617650033794,0.5888217399517695,-1.8799744835869836
,,kuhn,scalar,57,12,24,jspace,ok,value_margin,0.252807130734574,0.36456019236755904,0.004661049157208774
,,kuhn,scalar,58,12,24,residual,ok,value_margin,0.6232431506064154,0.616772985458374,-2.0672266649920994
,,kuhn,scalar,58,12,24,jspace,ok,value_margin,-0.1879252263802059,0.3667020971083846,-0.0014495621599346364
,,kuhn,scalar,59,12,24,residual,ok,value_margin,0.6369132030429847,0.5416119952996571,-1.4314210277008477
,,kuhn,scalar,59,12,24,jspace,ok,value_margin,0.21633421355009233,0.3656680186681062,0.0018279290088297762
,,kuhn,scalar,60,12,24,residual,ok,value_margin,0.634129178362934,0.720599588751793,-2.4640580235646463
,,kuhn,scalar,60,12,24,jspace,ok,value_margin,-0.47988982075889935,0.3670269329275828,-0.002332384543448862
,,kuhn,scalar,61,12,24,residual,ok,value_margin,0.6335200208151561,0.5689516335725785,-1.420775781261494
,,kuhn,scalar,61,12,24,jspace,ok,value_margin,-0.3226633598601368,0.3750577029597688,-0.07300266204652561
,,kuhn,scalar,62,12,24,residual,ok,value_margin,0.6872299194815232,0.50990050137043,-0.9379300633314536
,,kuhn,scalar,62,12,24,jspace,ok,value_margin,-0.19819748200746376,0.3717519502290037,-0.060267010715238545
0.4166666666666667,0.4166666666666667,cheap_talk,categorical,-1,12,24,output,ok,private_state,,,
0.16666666666666666,0.16666666666666666,cheap_talk,categorical,0,12,24,residual,ok,private_state,,,
0.16666666666666666,0.16666666666666666,cheap_talk,categorical,0,12,24,jspace,ok,private_state,,,
0.3333333333333333,0.3333333333333333,cheap_talk,categorical,1,12,24,residual,ok,private_state,,,
0.16666666666666666,0.16666666666666666,cheap_talk,categorical,1,12,24,jspace,ok,private_state,,,
0.6666666666666666,0.6666666666666666,cheap_talk,categorical,2,12,24,residual,ok,private_state,,,
0.16666666666666666,0.16666666666666666,cheap_talk,categorical,2,12,24,jspace,ok,private_state,,,
0.16666666666666666,0.16666666666666666,cheap_talk,categorical,3,12,24,residual,ok,private_state,,,
0.16666666666666666,0.16666666666666666,cheap_talk,categorical,3,12,24,jspace,ok,private_state,,,
0.16666666666666666,0.16666666666666666,cheap_talk,categorical,4,12,24,residual,ok,private_state,,,
0.16666666666666666,0.16666666666666666,cheap_talk,categorical,4,12,24,jspace,ok,private_state,,,
0.16666666666666666,0.16666666666666666,cheap_talk,categorical,5,12,24,residual,ok,private_state,,,
0.25,0.25,cheap_talk,categorical,5,12,24,jspace,ok,private_state,,,
0.16666666666666666,0.16666666666666666,cheap_talk,categorical,6,12,24,residual,ok,private_state,,,
0.16666666666666666,0.16666666666666666,cheap_talk,categorical,6,12,24,jspace,ok,private_state,,,
0.16666666666666666,0.16666666666666666,cheap_talk,categorical,7,12,24,residual,ok,private_state,,,
0.16666666666666666,0.16666666666666666,cheap_talk,categorical,7,12,24,jspace,ok,private_state,,,
0.25,0.25,cheap_talk,categorical,8,12,24,residual,ok,private_state,,,
0.16666666666666666,0.16666666666666666,cheap_talk,categorical,8,12,24,jspace,ok,private_state,,,
0.16666666666666666,0.16666666666666666,cheap_talk,categorical,9,12,24,residual,ok,private_state,,,
0.0,0.0,cheap_talk,categorical,9,12,24,jspace,ok,private_state,,,
0.16666666666666666,0.16666666666666666,cheap_talk,categorical,10,12,24,residual,ok,private_state,,,
0.16666666666666666,0.16666666666666666,cheap_talk,categorical,10,12,24,jspace,ok,private_state,,,
0.4166666666666667,0.4166666666666667,cheap_talk,categorical,11,12,24,residual,ok,private_state,,,
0.16666666666666666,0.16666666666666666,cheap_talk,categorical,11,12,24,jspace,ok,private_state,,,
0.16666666666666666,0.16666666666666666,cheap_talk,categorical,12,12,24,residual,ok,private_state,,,
0.16666666666666666,0.16666666666666666,cheap_talk,categorical,12,12,24,jspace,ok,private_state,,,
0.16666666666666666,0.16666666666666666,cheap_talk,categorical,13,12,24,residual,ok,private_state,,,
0.25,0.25,cheap_talk,categorical,13,12,24,jspace,ok,private_state,,,
0.16666666666666666,0.16666666666666666,cheap_talk,categorical,14,12,24,residual,ok,private_state,,,
0.16666666666666666,0.16666666666666666,cheap_talk,categorical,14,12,24,jspace,ok,private_state,,,
0.16666666666666666,0.16666666666666666,cheap_talk,categorical,15,12,24,residual,ok,private_state,,,
0.0,0.0,cheap_talk,categorical,15,12,24,jspace,ok,private_state,,,
0.16666666666666666,0.16666666666666666,cheap_talk,categorical,16,12,24,residual,ok,private_state,,,
0.16666666666666666,0.16666666666666666,cheap_talk,categorical,16,12,24,jspace,ok,private_state,,,
0.3333333333333333,0.3333333333333333,cheap_talk,categorical,17,12,24,residual,ok,private_state,,,
0.16666666666666666,0.16666666666666666,cheap_talk,categorical,17,12,24,jspace,ok,private_state,,,
0.25,0.25,cheap_talk,categorical,18,12,24,residual,ok,private_state,,,
0.25,0.25,cheap_talk,categorical,18,12,24,jspace,ok,private_state,,,
0.16666666666666666,0.16666666666666666,cheap_talk,categorical,19,12,24,residual,ok,private_state,,,
0.16666666666666666,0.16666666666666666,cheap_talk,categorical,19,12,24,jspace,ok,private_state,,,
0.16666666666666666,0.16666666666666666,cheap_talk,categorical,20,12,24,residual,ok,private_state,,,
0.16666666666666666,0.16666666666666666,cheap_talk,categorical,20,12,24,jspace,ok,private_state,,,
0.25,0.25,cheap_talk,categorical,21,12,24,residual,ok,private_state,,,
0.3333333333333333,0.3333333333333333,cheap_talk,categorical,21,12,24,jspace,ok,private_state,,,
0.16666666666666666,0.16666666666666666,cheap_talk,categorical,22,12,24,residual,ok,private_state,,,
0.0,0.0,cheap_talk,categorical,22,12,24,jspace,ok,private_state,,,
0.25,0.25,cheap_talk,categorical,23,12,24,residual,ok,private_state,,,
0.16666666666666666,0.16666666666666666,cheap_talk,categorical,23,12,24,jspace,ok,private_state,,,
0.16666666666666666,0.16666666666666666,cheap_talk,categorical,24,12,24,residual,ok,private_state,,,
0.16666666666666666,0.16666666666666666,cheap_talk,categorical,24,12,24,jspace,ok,private_state,,,
0.25,0.25,cheap_talk,categorical,25,12,24,residual,ok,private_state,,,
0.16666666666666666,0.16666666666666666,cheap_talk,categorical,25,12,24,jspace,ok,private_state,,,
0.16666666666666666,0.16666666666666666,cheap_talk,categorical,26,12,24,residual,ok,private_state,,,
0.16666666666666666,0.16666666666666666,cheap_talk,categorical,26,12,24,jspace,ok,private_state,,,
0.16666666666666666,0.16666666666666666,cheap_talk,categorical,27,12,24,residual,ok,private_state,,,
0.16666666666666666,0.16666666666666666,cheap_talk,categorical,27,12,24,jspace,ok,private_state,,,
0.25,0.25,cheap_talk,categorical,28,12,24,residual,ok,private_state,,,
0.3333333333333333,0.3333333333333333,cheap_talk,categorical,28,12,24,jspace,ok,private_state,,,
0.3333333333333333,0.3333333333333333,cheap_talk,categorical,29,12,24,residual,ok,private_state,,,
0.16666666666666666,0.16666666666666666,cheap_talk,categorical,29,12,24,jspace,ok,private_state,,,
0.25,0.25,cheap_talk,categorical,30,12,24,residual,ok,private_state,,,
0.16666666666666666,0.16666666666666666,cheap_talk,categorical,30,12,24,jspace,ok,private_state,,,
0.3333333333333333,0.3333333333333333,cheap_talk,categorical,31,12,24,residual,ok,private_state,,,
0.3333333333333333,0.3333333333333333,cheap_talk,categorical,31,12,24,jspace,ok,private_state,,,
0.16666666666666666,0.16666666666666666,cheap_talk,categorical,32,12,24,residual,ok,private_state,,,
0.3333333333333333,0.3333333333333333,cheap_talk,categorical,32,12,24,jspace,ok,private_state,,,
0.5,0.5,cheap_talk,categorical,33,12,24,residual,ok,private_state,,,
0.3333333333333333,0.3333333333333333,cheap_talk,categorical,33,12,24,jspace,ok,private_state,,,
0.4166666666666667,0.4166666666666667,cheap_talk,categorical,34,12,24,residual,ok,private_state,,,
0.16666666666666666,0.16666666666666666,cheap_talk,categorical,34,12,24,jspace,ok,private_state,,,
0.5833333333333334,0.5833333333333334,cheap_talk,categorical,35,12,24,residual,ok,private_state,,,
0.16666666666666666,0.16666666666666666,cheap_talk,categorical,35,12,24,jspace,ok,private_state,,,
0.5833333333333334,0.5833333333333334,cheap_talk,categorical,36,12,24,residual,ok,private_state,,,
0.3333333333333333,0.3333333333333333,cheap_talk,categorical,36,12,24,jspace,ok,private_state,,,
0.5833333333333334,0.5833333333333334,cheap_talk,categorical,37,12,24,residual,ok,private_state,,,
0.16666666666666666,0.16666666666666666,cheap_talk,categorical,37,12,24,jspace,ok,private_state,,,
0.4166666666666667,0.4166666666666667,cheap_talk,categorical,38,12,24,residual,ok,private_state,,,
0.4166666666666667,0.4166666666666667,cheap_talk,categorical,38,12,24,jspace,ok,private_state,,,
0.3333333333333333,0.3333333333333333,cheap_talk,categorical,39,12,24,residual,ok,private_state,,,
0.25,0.25,cheap_talk,categorical,39,12,24,jspace,ok,private_state,,,
0.3333333333333333,0.3333333333333333,cheap_talk,categorical,40,12,24,residual,ok,private_state,,,
0.4166666666666667,0.4166666666666667,cheap_talk,categorical,40,12,24,jspace,ok,private_state,,,
0.3333333333333333,0.3333333333333333,cheap_talk,categorical,41,12,24,residual,ok,private_state,,,
0.16666666666666666,0.16666666666666666,cheap_talk,categorical,41,12,24,jspace,ok,private_state,,,
0.4166666666666667,0.4166666666666667,cheap_talk,categorical,42,12,24,residual,ok,private_state,,,
0.3333333333333333,0.3333333333333333,cheap_talk,categorical,42,12,24,jspace,ok,private_state,,,
0.6666666666666666,0.6666666666666666,cheap_talk,categorical,43,12,24,residual,ok,private_state,,,
0.25,0.25,cheap_talk,categorical,43,12,24,jspace,ok,private_state,,,
0.6666666666666666,0.6666666666666666,cheap_talk,categorical,44,12,24,residual,ok,private_state,,,
0.4166666666666667,0.4166666666666667,cheap_talk,categorical,44,12,24,jspace,ok,private_state,,,
0.4166666666666667,0.4166666666666667,cheap_talk,categorical,45,12,24,residual,ok,private_state,,,
0.5833333333333334,0.5833333333333334,cheap_talk,categorical,45,12,24,jspace,ok,private_state,,,
0.3333333333333333,0.3333333333333333,cheap_talk,categorical,46,12,24,residual,ok,private_state,,,
0.4166666666666667,0.4166666666666667,cheap_talk,categorical,46,12,24,jspace,ok,private_state,,,
0.5,0.5,cheap_talk,categorical,47,12,24,residual,ok,private_state,,,
0.3333333333333333,0.3333333333333333,cheap_talk,categorical,47,12,24,jspace,ok,private_state,,,
0.5,0.5,cheap_talk,categorical,48,12,24,residual,ok,private_state,,,
0.25,0.25,cheap_talk,categorical,48,12,24,jspace,ok,private_state,,,
0.4166666666666667,0.4166666666666667,cheap_talk,categorical,49,12,24,residual,ok,private_state,,,
0.25,0.25,cheap_talk,categorical,49,12,24,jspace,ok,private_state,,,
0.4166666666666667,0.4166666666666667,cheap_talk,categorical,50,12,24,residual,ok,private_state,,,
0.3333333333333333,0.3333333333333333,cheap_talk,categorical,50,12,24,jspace,ok,private_state,,,
0.5833333333333334,0.5833333333333334,cheap_talk,categorical,51,12,24,residual,ok,private_state,,,
0.4166666666666667,0.4166666666666667,cheap_talk,categorical,51,12,24,jspace,ok,private_state,,,
0.5833333333333334,0.5833333333333334,cheap_talk,categorical,52,12,24,residual,ok,private_state,,,
0.3333333333333333,0.3333333333333333,cheap_talk,categorical,52,12,24,jspace,ok,private_state,,,
0.4166666666666667,0.4166666666666667,cheap_talk,categorical,53,12,24,residual,ok,private_state,,,
0.25,0.25,cheap_talk,categorical,53,12,24,jspace,ok,private_state,,,
0.5,0.5,cheap_talk,categorical,54,12,24,residual,ok,private_state,,,
0.5,0.5,cheap_talk,categorical,54,12,24,jspace,ok,private_state,,,
0.4166666666666667,0.4166666666666667,cheap_talk,categorical,55,12,24,residual,ok,private_state,,,
0.3333333333333333,0.3333333333333333,cheap_talk,categorical,55,12,24,jspace,ok,private_state,,,
0.3333333333333333,0.3333333333333333,cheap_talk,categorical,56,12,24,residual,ok,private_state,,,
0.4166666666666667,0.4166666666666667,cheap_talk,categorical,56,12,24,jspace,ok,private_state,,,
0.3333333333333333,0.3333333333333333,cheap_talk,categorical,57,12,24,residual,ok,private_state,,,
0.3333333333333333,0.3333333333333333,cheap_talk,categorical,57,12,24,jspace,ok,private_state,,,
0.3333333333333333,0.3333333333333333,cheap_talk,categorical,58,12,24,residual,ok,private_state,,,
0.4166666666666667,0.4166666666666667,cheap_talk,categorical,58,12,24,jspace,ok,private_state,,,
0.3333333333333333,0.3333333333333333,cheap_talk,categorical,59,12,24,residual,ok,private_state,,,
0.4166666666666667,0.4166666666666667,cheap_talk,categorical,59,12,24,jspace,ok,private_state,,,
0.3333333333333333,0.3333333333333333,cheap_talk,categorical,60,12,24,residual,ok,private_state,,,
0.5,0.5,cheap_talk,categorical,60,12,24,jspace,ok,private_state,,,
0.3333333333333333,0.3333333333333333,cheap_talk,categorical,61,12,24,residual,ok,private_state,,,
0.4166666666666667,0.4166666666666667,cheap_talk,categorical,61,12,24,jspace,ok,private_state,,,
0.3333333333333333,0.3333333333333333,cheap_talk,categorical,62,12,24,residual,ok,private_state,,,
0.4166666666666667,0.4166666666666667,cheap_talk,categorical,62,12,24,jspace,ok,private_state,,,
0.75,0.5,cheap_talk,categorical,-1,12,24,output,ok,strategy,,,
0.75,0.5,cheap_talk,categorical,0,12,24,residual,ok,strategy,,,
0.75,0.5,cheap_talk,categorical,0,12,24,jspace,ok,strategy,,,
0.25,0.5,cheap_talk,categorical,1,12,24,residual,ok,strategy,,,
0.75,0.5,cheap_talk,categorical,1,12,24,jspace,ok,strategy,,,
0.25,0.5,cheap_talk,categorical,2,12,24,residual,ok,strategy,,,
0.75,0.5,cheap_talk,categorical,2,12,24,jspace,ok,strategy,,,
0.25,0.5,cheap_talk,categorical,3,12,24,residual,ok,strategy,,,
0.75,0.5,cheap_talk,categorical,3,12,24,jspace,ok,strategy,,,
0.25,0.5,cheap_talk,categorical,4,12,24,residual,ok,strategy,,,
0.75,0.5,cheap_talk,categorical,4,12,24,jspace,ok,strategy,,,
0.25,0.5,cheap_talk,categorical,5,12,24,residual,ok,strategy,,,
0.75,0.5,cheap_talk,categorical,5,12,24,jspace,ok,strategy,,,
0.25,0.5,cheap_talk,categorical,6,12,24,residual,ok,strategy,,,
0.75,0.5,cheap_talk,categorical,6,12,24,jspace,ok,strategy,,,
0.25,0.5,cheap_talk,categorical,7,12,24,residual,ok,strategy,,,
0.75,0.5,cheap_talk,categorical,7,12,24,jspace,ok,strategy,,,
0.25,0.5,cheap_talk,categorical,8,12,24,residual,ok,strategy,,,
0.75,0.5,cheap_talk,categorical,8,12,24,jspace,ok,strategy,,,
0.25,0.5,cheap_talk,categorical,9,12,24,residual,ok,strategy,,,
0.75,0.5,cheap_talk,categorical,9,12,24,jspace,ok,strategy,,,
0.6666666666666666,0.6666666666666666,cheap_talk,categorical,10,12,24,residual,ok,strategy,,,
0.75,0.5,cheap_talk,categorical,10,12,24,jspace,ok,strategy,,,
0.4166666666666667,0.5,cheap_talk,categorical,11,12,24,residual,ok,strategy,,,
0.75,0.5,cheap_talk,categorical,11,12,24,jspace,ok,strategy,,,
0.5833333333333334,0.6111111111111112,cheap_talk,categorical,12,12,24,residual,ok,strategy,,,
0.75,0.5,cheap_talk,categorical,12,12,24,jspace,ok,strategy,,,
0.6666666666666666,0.6666666666666666,cheap_talk,categorical,13,12,24,residual,ok,strategy,,,
0.75,0.5,cheap_talk,categorical,13,12,24,jspace,ok,strategy,,,
0.5833333333333334,0.6111111111111112,cheap_talk,categorical,14,12,24,residual,ok,strategy,,,
0.75,0.5,cheap_talk,categorical,14,12,24,jspace,ok,strategy,,,
0.6666666666666666,0.6666666666666666,cheap_talk,categorical,15,12,24,residual,ok,strategy,,,
0.75,0.5,cheap_talk,categorical,15,12,24,jspace,ok,strategy,,,
0.4166666666666667,0.6111111111111112,cheap_talk,categorical,16,12,24,residual,ok,strategy,,,
0.75,0.5,cheap_talk,categorical,16,12,24,jspace,ok,strategy,,,
0.75,0.7222222222222222,cheap_talk,categorical,17,12,24,residual,ok,strategy,,,
0.75,0.5,cheap_talk,categorical,17,12,24,jspace,ok,strategy,,,
0.6666666666666666,0.6666666666666666,cheap_talk,categorical,18,12,24,residual,ok,strategy,,,
0.75,0.5,cheap_talk,categorical,18,12,24,jspace,ok,strategy,,,
0.9166666666666666,0.8333333333333333,cheap_talk,categorical,19,12,24,residual,ok,strategy,,,
0.75,0.5,cheap_talk,categorical,19,12,24,jspace,ok,strategy,,,
0.9166666666666666,0.8333333333333333,cheap_talk,categorical,20,12,24,residual,ok,strategy,,,
0.75,0.5,cheap_talk,categorical,20,12,24,jspace,ok,strategy,,,
0.6666666666666666,0.6666666666666666,cheap_talk,categorical,21,12,24,residual,ok,strategy,,,
0.75,0.5,cheap_talk,categorical,21,12,24,jspace,ok,strategy,,,
0.5833333333333334,0.6111111111111112,cheap_talk,categorical,22,12,24,residual,ok,strategy,,,
0.75,0.5,cheap_talk,categorical,22,12,24,jspace,ok,strategy,,,
0.25,0.5,cheap_talk,categorical,23,12,24,residual,ok,strategy,,,
0.75,0.5,cheap_talk,categorical,23,12,24,jspace,ok,strategy,,,
0.25,0.5,cheap_talk,categorical,24,12,24,residual,ok,strategy,,,
0.75,0.5,cheap_talk,categorical,24,12,24,jspace,ok,strategy,,,
0.25,0.5,cheap_talk,categorical,25,12,24,residual,ok,strategy,,,
0.75,0.5,cheap_talk,categorical,25,12,24,jspace,ok,strategy,,,
0.5,0.5555555555555556,cheap_talk,categorical,26,12,24,residual,ok,strategy,,,
0.75,0.5,cheap_talk,categorical,26,12,24,jspace,ok,strategy,,,
0.3333333333333333,0.5555555555555556,cheap_talk,categorical,27,12,24,residual,ok,strategy,,,
0.75,0.5,cheap_talk,categorical,27,12,24,jspace,ok,strategy,,,
0.25,0.5,cheap_talk,categorical,28,12,24,residual,ok,strategy,,,
0.75,0.5,cheap_talk,categorical,28,12,24,jspace,ok,strategy,,,
0.25,0.5,cheap_talk,categorical,29,12,24,residual,ok,strategy,,,
0.75,0.5,cheap_talk,categorical,29,12,24,jspace,ok,strategy,,,
0.5,0.6666666666666666,cheap_talk,categorical,30,12,24,residual,ok,strategy,,,
0.75,0.5,cheap_talk,categorical,30,12,24,jspace,ok,strategy,,,
0.3333333333333333,0.5555555555555556,cheap_talk,categorical,31,12,24,residual,ok,strategy,,,
0.75,0.5,cheap_talk,categorical,31,12,24,jspace,ok,strategy,,,
0.4166666666666667,0.5,cheap_talk,categorical,32,12,24,residual,ok,strategy,,,
0.75,0.5,cheap_talk,categorical,32,12,24,jspace,ok,strategy,,,
0.5,0.5555555555555556,cheap_talk,categorical,33,12,24,residual,ok,strategy,,,
0.75,0.5,cheap_talk,categorical,33,12,24,jspace,ok,strategy,,,
0.9166666666666666,0.8333333333333333,cheap_talk,categorical,34,12,24,residual,ok,strategy,,,
0.75,0.5,cheap_talk,categorical,34,12,24,jspace,ok,strategy,,,
0.75,0.7222222222222222,cheap_talk,categorical,35,12,24,residual,ok,strategy,,,
0.75,0.5,cheap_talk,categorical,35,12,24,jspace,ok,strategy,,,
0.6666666666666666,0.7777777777777778,cheap_talk,categorical,36,12,24,residual,ok,strategy,,,
0.75,0.5,cheap_talk,categorical,36,12,24,jspace,ok,strategy,,,
0.75,0.7222222222222222,cheap_talk,categorical,37,12,24,residual,ok,strategy,,,
0.75,0.5,cheap_talk,categorical,37,12,24,jspace,ok,strategy,,,
0.6666666666666666,0.6666666666666666,cheap_talk,categorical,38,12,24,residual,ok,strategy,,,
0.75,0.5,cheap_talk,categorical,38,12,24,jspace,ok,strategy,,,
0.75,0.7222222222222222,cheap_talk,categorical,39,12,24,residual,ok,strategy,,,
0.75,0.5,cheap_talk,categorical,39,12,24,jspace,ok,strategy,,,
0.9166666666666666,0.8333333333333333,cheap_talk,categorical,40,12,24,residual,ok,strategy,,,
0.75,0.5,cheap_talk,categorical,40,12,24,jspace,ok,strategy,,,
0.9166666666666666,0.8333333333333333,cheap_talk,categorical,41,12,24,residual,ok,strategy,,,
0.75,0.5,cheap_talk,categorical,41,12,24,jspace,ok,strategy,,,
0.9166666666666666,0.8333333333333333,cheap_talk,categorical,42,12,24,residual,ok,strategy,,,
0.75,0.5,cheap_talk,categorical,42,12,24,jspace,ok,strategy,,,
0.75,0.5,cheap_talk,categorical,43,12,24,residual,ok,strategy,,,
0.75,0.5,cheap_talk,categorical,43,12,24,jspace,ok,strategy,,,
0.75,0.5,cheap_talk,categorical,44,12,24,residual,ok,strategy,,,
0.75,0.5,cheap_talk,categorical,44,12,24,jspace,ok,strategy,,,
0.75,0.5,cheap_talk,categorical,45,12,24,residual,ok,strategy,,,
0.75,0.5,cheap_talk,categorical,45,12,24,jspace,ok,strategy,,,
0.75,0.5,cheap_talk,categorical,46,12,24,residual,ok,strategy,,,
0.75,0.5,cheap_talk,categorical,46,12,24,jspace,ok,strategy,,,
0.5833333333333334,0.3888888888888889,cheap_talk,categorical,47,12,24,residual,ok,strategy,,,
0.75,0.5,cheap_talk,categorical,47,12,24,jspace,ok,strategy,,,
0.5833333333333334,0.3888888888888889,cheap_talk,categorical,48,12,24,residual,ok,strategy,,,
0.75,0.5,cheap_talk,categorical,48,12,24,jspace,ok,strategy,,,
0.5833333333333334,0.3888888888888889,cheap_talk,categorical,49,12,24,residual,ok,strategy,,,
0.75,0.5,cheap_talk,categorical,49,12,24,jspace,ok,strategy,,,
0.5833333333333334,0.3888888888888889,cheap_talk,categorical,50,12,24,residual,ok,strategy,,,
0.75,0.5,cheap_talk,categorical,50,12,24,jspace,ok,strategy,,,
0.5833333333333334,0.3888888888888889,cheap_talk,categorical,51,12,24,residual,ok,strategy,,,
0.75,0.5,cheap_talk,categorical,51,12,24,jspace,ok,strategy,,,
0.5833333333333334,0.3888888888888889,cheap_talk,categorical,52,12,24,residual,ok,strategy,,,
0.75,0.5,cheap_talk,categorical,52,12,24,jspace,ok,strategy,,,
0.5833333333333334,0.3888888888888889,cheap_talk,categorical,53,12,24,residual,ok,strategy,,,
0.75,0.5,cheap_talk,categorical,53,12,24,jspace,ok,strategy,,,
0.4166666666666667,0.2777777777777778,cheap_talk,categorical,54,12,24,residual,ok,strategy,,,
0.75,0.5,cheap_talk,categorical,54,12,24,jspace,ok,strategy,,,
0.3333333333333333,0.2222222222222222,cheap_talk,categorical,55,12,24,residual,ok,strategy,,,
0.75,0.5,cheap_talk,categorical,55,12,24,jspace,ok,strategy,,,
0.3333333333333333,0.2222222222222222,cheap_talk,categorical,56,12,24,residual,ok,strategy,,,
0.75,0.5,cheap_talk,categorical,56,12,24,jspace,ok,strategy,,,
0.3333333333333333,0.2222222222222222,cheap_talk,categorical,57,12,24,residual,ok,strategy,,,
0.75,0.5,cheap_talk,categorical,57,12,24,jspace,ok,strategy,,,
0.3333333333333333,0.2222222222222222,cheap_talk,categorical,58,12,24,residual,ok,strategy,,,
0.75,0.5,cheap_talk,categorical,58,12,24,jspace,ok,strategy,,,
0.4166666666666667,0.38888888888888884,cheap_talk,categorical,59,12,24,residual,ok,strategy,,,
0.75,0.5,cheap_talk,categorical,59,12,24,jspace,ok,strategy,,,
0.5,0.6666666666666666,cheap_talk,categorical,60,12,24,residual,ok,strategy,,,
0.75,0.5,cheap_talk,categorical,60,12,24,jspace,ok,strategy,,,
0.5,0.6666666666666666,cheap_talk,categorical,61,12,24,residual,ok,strategy,,,
0.75,0.5,cheap_talk,categorical,61,12,24,jspace,ok,strategy,,,
0.4166666666666667,0.5,cheap_talk,categorical,62,12,24,residual,ok,strategy,,,
0.75,0.5,cheap_talk,categorical,62,12,24,jspace,ok,strategy,,,
0.75,0.7111111111111111,cheap_talk,categorical,-1,12,24,output,ok,action,,,
0.4166666666666667,0.3333333333333333,cheap_talk,categorical,0,12,24,residual,ok,action,,,
0.4166666666666667,0.3333333333333333,cheap_talk,categorical,0,12,24,jspace,ok,action,,,
0.5,0.4166666666666667,cheap_talk,categorical,1,12,24,residual,ok,action,,,
0.4166666666666667,0.3333333333333333,cheap_talk,categorical,1,12,24,jspace,ok,action,,,
0.6666666666666666,0.5833333333333334,cheap_talk,categorical,2,12,24,residual,ok,action,,,
0.4166666666666667,0.3333333333333333,cheap_talk,categorical,2,12,24,jspace,ok,action,,,
0.25,0.3333333333333333,cheap_talk,categorical,3,12,24,residual,ok,action,,,
0.4166666666666667,0.3333333333333333,cheap_talk,categorical,3,12,24,jspace,ok,action,,,
0.25,0.3333333333333333,cheap_talk,categorical,4,12,24,residual,ok,action,,,
0.4166666666666667,0.3333333333333333,cheap_talk,categorical,4,12,24,jspace,ok,action,,,
0.25,0.3333333333333333,cheap_talk,categorical,5,12,24,residual,ok,action,,,
0.4166666666666667,0.3333333333333333,cheap_talk,categorical,5,12,24,jspace,ok,action,,,
0.25,0.3333333333333333,cheap_talk,categorical,6,12,24,residual,ok,action,,,
0.4166666666666667,0.3333333333333333,cheap_talk,categorical,6,12,24,jspace,ok,action,,,
0.25,0.3333333333333333,cheap_talk,categorical,7,12,24,residual,ok,action,,,
0.4166666666666667,0.3333333333333333,cheap_talk,categorical,7,12,24,jspace,ok,action,,,
0.25,0.3333333333333333,cheap_talk,categorical,8,12,24,residual,ok,action,,,
0.4166666666666667,0.3333333333333333,cheap_talk,categorical,8,12,24,jspace,ok,action,,,
0.25,0.3333333333333333,cheap_talk,categorical,9,12,24,residual,ok,action,,,
0.4166666666666667,0.3333333333333333,cheap_talk,categorical,9,12,24,jspace,ok,action,,,
0.25,0.3333333333333333,cheap_talk,categorical,10,12,24,residual,ok,action,,,
0.4166666666666667,0.3333333333333333,cheap_talk,categorical,10,12,24,jspace,ok,action,,,
0.25,0.3333333333333333,cheap_talk,categorical,11,12,24,residual,ok,action,,,
0.4166666666666667,0.3333333333333333,cheap_talk,categorical,11,12,24,jspace,ok,action,,,
0.4166666666666667,0.3333333333333333,cheap_talk,categorical,12,12,24,residual,ok,action,,,
0.4166666666666667,0.3333333333333333,cheap_talk,categorical,12,12,24,jspace,ok,action,,,
0.4166666666666667,0.3333333333333333,cheap_talk,categorical,13,12,24,residual,ok,action,,,
0.4166666666666667,0.3333333333333333,cheap_talk,categorical,13,12,24,jspace,ok,action,,,
0.4166666666666667,0.3333333333333333,cheap_talk,categorical,14,12,24,residual,ok,action,,,
0.4166666666666667,0.3333333333333333,cheap_talk,categorical,14,12,24,jspace,ok,action,,,
0.5,0.4444444444444444,cheap_talk,categorical,15,12,24,residual,ok,action,,,
0.4166666666666667,0.3333333333333333,cheap_talk,categorical,15,12,24,jspace,ok,action,,,
0.5,0.4444444444444444,cheap_talk,categorical,16,12,24,residual,ok,action,,,
0.4166666666666667,0.3333333333333333,cheap_talk,categorical,16,12,24,jspace,ok,action,,,
0.6666666666666666,0.6666666666666666,cheap_talk,categorical,17,12,24,residual,ok,action,,,
0.4166666666666667,0.3333333333333333,cheap_talk,categorical,17,12,24,jspace,ok,action,,,
0.4166666666666667,0.3333333333333333,cheap_talk,categorical,18,12,24,residual,ok,action,,,
0.4166666666666667,0.3333333333333333,cheap_talk,categorical,18,12,24,jspace,ok,action,,,
0.5833333333333334,0.5555555555555555,cheap_talk,categorical,19,12,24,residual,ok,action,,,
0.4166666666666667,0.3333333333333333,cheap_talk,categorical,19,12,24,jspace,ok,action,,,
0.5,0.4444444444444444,cheap_talk,categorical,20,12,24,residual,ok,action,,,
0.4166666666666667,0.3333333333333333,cheap_talk,categorical,20,12,24,jspace,ok,action,,,
0.5833333333333334,0.6,cheap_talk,categorical,21,12,24,residual,ok,action,,,
0.4166666666666667,0.3333333333333333,cheap_talk,categorical,21,12,24,jspace,ok,action,,,
0.5833333333333334,0.5555555555555555,cheap_talk,categorical,22,12,24,residual,ok,action,,,
0.4166666666666667,0.3333333333333333,cheap_talk,categorical,22,12,24,jspace,ok,action,,,
0.5,0.5333333333333333,cheap_talk,categorical,23,12,24,residual,ok,action,,,
0.4166666666666667,0.3333333333333333,cheap_talk,categorical,23,12,24,jspace,ok,action,,,
0.25,0.3333333333333333,cheap_talk,categorical,24,12,24,residual,ok,action,,,
0.4166666666666667,0.3333333333333333,cheap_talk,categorical,24,12,24,jspace,ok,action,,,
0.25,0.3333333333333333,cheap_talk,categorical,25,12,24,residual,ok,action,,,
0.4166666666666667,0.3333333333333333,cheap_talk,categorical,25,12,24,jspace,ok,action,,,
0.4166666666666667,0.4666666666666666,cheap_talk,categorical,26,12,24,residual,ok,action,,,
0.4166666666666667,0.3333333333333333,cheap_talk,categorical,26,12,24,jspace,ok,action,,,
0.25,0.3333333333333333,cheap_talk,categorical,27,12,24,residual,ok,action,,,
0.4166666666666667,0.3333333333333333,cheap_talk,categorical,27,12,24,jspace,ok,action,,,
0.25,0.3333333333333333,cheap_talk,categorical,28,12,24,residual,ok,action,,,
0.4166666666666667,0.3333333333333333,cheap_talk,categorical,28,12,24,jspace,ok,action,,,
0.4166666666666667,0.4666666666666666,cheap_talk,categorical,29,12,24,residual,ok,action,,,
0.4166666666666667,0.3333333333333333,cheap_talk,categorical,29,12,24,jspace,ok,action,,,
0.5833333333333334,0.6,cheap_talk,categorical,30,12,24,residual,ok,action,,,
0.4166666666666667,0.3333333333333333,cheap_talk,categorical,30,12,24,jspace,ok,action,,,
0.5833333333333334,0.6,cheap_talk,categorical,31,12,24,residual,ok,action,,,
0.4166666666666667,0.3333333333333333,cheap_talk,categorical,31,12,24,jspace,ok,action,,,
0.75,0.7666666666666666,cheap_talk,categorical,32,12,24,residual,ok,action,,,
0.4166666666666667,0.3333333333333333,cheap_talk,categorical,32,12,24,jspace,ok,action,,,
0.75,0.6666666666666666,cheap_talk,categorical,33,12,24,residual,ok,action,,,
0.4166666666666667,0.3333333333333333,cheap_talk,categorical,33,12,24,jspace,ok,action,,,
0.75,0.6666666666666666,cheap_talk,categorical,34,12,24,residual,ok,action,,,
0.4166666666666667,0.3333333333333333,cheap_talk,categorical,34,12,24,jspace,ok,action,,,
0.75,0.6666666666666666,cheap_talk,categorical,35,12,24,residual,ok,action,,,
0.4166666666666667,0.3333333333333333,cheap_talk,categorical,35,12,24,jspace,ok,action,,,
0.75,0.6666666666666666,cheap_talk,categorical,36,12,24,residual,ok,action,,,
0.4166666666666667,0.3333333333333333,cheap_talk,categorical,36,12,24,jspace,ok,action,,,
0.8333333333333334,0.7777777777777777,cheap_talk,categorical,37,12,24,residual,ok,action,,,
0.4166666666666667,0.3333333333333333,cheap_talk,categorical,37,12,24,jspace,ok,action,,,
0.75,0.6666666666666666,cheap_talk,categorical,38,12,24,residual,ok,action,,,
0.4166666666666667,0.3333333333333333,cheap_talk,categorical,38,12,24,jspace,ok,action,,,
0.8333333333333334,0.8222222222222223,cheap_talk,categorical,39,12,24,residual,ok,action,,,
0.4166666666666667,0.3333333333333333,cheap_talk,categorical,39,12,24,jspace,ok,action,,,
0.8333333333333334,0.7777777777777777,cheap_talk,categorical,40,12,24,residual,ok,action,,,
0.4166666666666667,0.3333333333333333,cheap_talk,categorical,40,12,24,jspace,ok,action,,,
0.9166666666666666,0.8888888888888888,cheap_talk,categorical,41,12,24,residual,ok,action,,,
0.4166666666666667,0.3333333333333333,cheap_talk,categorical,41,12,24,jspace,ok,action,,,
0.8333333333333334,0.7777777777777777,cheap_talk,categorical,42,12,24,residual,ok,action,,,
0.4166666666666667,0.3333333333333333,cheap_talk,categorical,42,12,24,jspace,ok,action,,,
0.9166666666666666,0.8888888888888888,cheap_talk,categorical,43,12,24,residual,ok,action,,,
0.4166666666666667,0.3333333333333333,cheap_talk,categorical,43,12,24,jspace,ok,action,,,
0.9166666666666666,0.8888888888888888,cheap_talk,categorical,44,12,24,residual,ok,action,,,
0.4166666666666667,0.3333333333333333,cheap_talk,categorical,44,12,24,jspace,ok,action,,,
1.0,1.0,cheap_talk,categorical,45,12,24,residual,ok,action,,,
0.4166666666666667,0.3333333333333333,cheap_talk,categorical,45,12,24,jspace,ok,action,,,
1.0,1.0,cheap_talk,categorical,46,12,24,residual,ok,action,,,
0.4166666666666667,0.3333333333333333,cheap_talk,categorical,46,12,24,jspace,ok,action,,,
0.9166666666666666,0.8888888888888888,cheap_talk,categorical,47,12,24,residual,ok,action,,,
0.4166666666666667,0.3333333333333333,cheap_talk,categorical,47,12,24,jspace,ok,action,,,
0.9166666666666666,0.8888888888888888,cheap_talk,categorical,48,12,24,residual,ok,action,,,
0.4166666666666667,0.3333333333333333,cheap_talk,categorical,48,12,24,jspace,ok,action,,,
0.9166666666666666,0.8888888888888888,cheap_talk,categorical,49,12,24,residual,ok,action,,,
0.4166666666666667,0.3333333333333333,cheap_talk,categorical,49,12,24,jspace,ok,action,,,
0.9166666666666666,0.8888888888888888,cheap_talk,categorical,50,12,24,residual,ok,action,,,
0.4166666666666667,0.3333333333333333,cheap_talk,categorical,50,12,24,jspace,ok,action,,,
0.9166666666666666,0.8888888888888888,cheap_talk,categorical,51,12,24,residual,ok,action,,,
0.4166666666666667,0.3333333333333333,cheap_talk,categorical,51,12,24,jspace,ok,action,,,
0.9166666666666666,0.8888888888888888,cheap_talk,categorical,52,12,24,residual,ok,action,,,
0.4166666666666667,0.3333333333333333,cheap_talk,categorical,52,12,24,jspace,ok,action,,,
0.9166666666666666,0.8888888888888888,cheap_talk,categorical,53,12,24,residual,ok,action,,,
0.4166666666666667,0.3333333333333333,cheap_talk,categorical,53,12,24,jspace,ok,action,,,
0.9166666666666666,0.8888888888888888,cheap_talk,categorical,54,12,24,residual,ok,action,,,
0.4166666666666667,0.3333333333333333,cheap_talk,categorical,54,12,24,jspace,ok,action,,,
0.9166666666666666,0.8888888888888888,cheap_talk,categorical,55,12,24,residual,ok,action,,,
0.4166666666666667,0.3333333333333333,cheap_talk,categorical,55,12,24,jspace,ok,action,,,
0.9166666666666666,0.8888888888888888,cheap_talk,categorical,56,12,24,residual,ok,action,,,
0.4166666666666667,0.3333333333333333,cheap_talk,categorical,56,12,24,jspace,ok,action,,,
0.9166666666666666,0.8888888888888888,cheap_talk,categorical,57,12,24,residual,ok,action,,,
0.4166666666666667,0.3333333333333333,cheap_talk,categorical,57,12,24,jspace,ok,action,,,
0.9166666666666666,0.8888888888888888,cheap_talk,categorical,58,12,24,residual,ok,action,,,
0.4166666666666667,0.3333333333333333,cheap_talk,categorical,58,12,24,jspace,ok,action,,,
0.9166666666666666,0.8888888888888888,cheap_talk,categorical,59,12,24,residual,ok,action,,,
0.4166666666666667,0.3333333333333333,cheap_talk,categorical,59,12,24,jspace,ok,action,,,
0.8333333333333334,0.8222222222222223,cheap_talk,categorical,60,12,24,residual,ok,action,,,
0.4166666666666667,0.3333333333333333,cheap_talk,categorical,60,12,24,jspace,ok,action,,,
0.8333333333333334,0.8222222222222223,cheap_talk,categorical,61,12,24,residual,ok,action,,,
0.6666666666666666,0.6,cheap_talk,categorical,61,12,24,jspace,ok,action,,,
0.8333333333333334,0.8222222222222223,cheap_talk,categorical,62,12,24,residual,ok,action,,,
0.6666666666666666,0.6,cheap_talk,categorical,62,12,24,jspace,ok,action,,,
,,cheap_talk,scalar,-1,12,24,output,ok,belief,0.8206710331405299,0.2308727502822876,0.5829068342945725
,,cheap_talk,scalar,0,12,24,residual,ok,belief,0.9162466882296043,0.7591186662515005,-2.719005131212402
,,cheap_talk,scalar,0,12,24,jspace,ok,belief,-0.04767097429570195,0.3333378185611768,-4.685735594867069e-06
,,cheap_talk,scalar,1,12,24,residual,ok,belief,0.936780086383902,0.333492673933506,0.19374386357500084
,,cheap_talk,scalar,1,12,24,jspace,ok,belief,0.008360005690840857,0.33467384681292534,-2.4123901809280923e-05
,,cheap_talk,scalar,2,12,24,residual,ok,belief,0.9505302510684968,0.7581788773338,-2.5810460910836652
,,cheap_talk,scalar,2,12,24,jspace,ok,belief,-0.21404476509048898,0.3333735995775584,-4.428546989121429e-06
,,cheap_talk,scalar,3,12,24,residual,ok,belief,0.9460033663616431,0.24590049932400385,0.5173131487117417
,,cheap_talk,scalar,3,12,24,jspace,ok,belief,-0.36681796657864285,0.33333805638070085,-1.9618096048334976e-05
,,cheap_talk,scalar,4,12,24,residual,ok,belief,0.9453201096348246,1.284909983476003,-9.047302637596061
,,cheap_talk,scalar,4,12,24,jspace,ok,belief,0.2725249847535655,0.3333788362241535,1.0483091205215622e-05
,,cheap_talk,scalar,5,12,24,residual,ok,belief,0.943131262547594,1.6339224179585774,-15.153448735136237
,,cheap_talk,scalar,5,12,24,jspace,ok,belief,-0.6338737264172501,0.3333826024879196,-0.0001703856961090544
,,cheap_talk,scalar,6,12,24,residual,ok,belief,0.9597848559908936,1.406153400739034,-10.98257497467904
,,cheap_talk,scalar,6,12,24,jspace,ok,belief,-0.019608403749799885,0.33372608346425,-6.38847308804813e-05
,,cheap_talk,scalar,7,12,24,residual,ok,belief,0.9343076111813265,0.35353047649065655,0.10448462908744105
,,cheap_talk,scalar,7,12,24,jspace,ok,belief,-0.5414306934825812,0.3333469224160483,-2.754796710502383e-05
,,cheap_talk,scalar,8,12,24,residual,ok,belief,0.9428506893987927,0.39985433717568714,-0.09729590225235718
,,cheap_talk,scalar,8,12,24,jspace,ok,belief,-0.554577357235652,0.3333406432051686,-2.5302346696953748e-05
,,cheap_talk,scalar,9,12,24,residual,ok,belief,0.9377472096212375,0.15577571342388788,0.8243604193428822
,,cheap_talk,scalar,9,12,24,jspace,ok,belief,-0.6954576351188684,0.3333554494271896,-8.06743780992214e-05
,,cheap_talk,scalar,10,12,24,residual,ok,belief,0.9368929721565249,0.17456327875455221,0.7500861829135488
,,cheap_talk,scalar,10,12,24,jspace,ok,belief,0.7848498302042319,0.3339761496617528,9.717864626468398e-05
,,cheap_talk,scalar,11,12,24,residual,ok,belief,0.9652463784713198,0.8076243698596954,-3.036885927299984
,,cheap_talk,scalar,11,12,24,jspace,ok,belief,0.4624189853052057,0.3334356675399656,0.00011983085821520856
,,cheap_talk,scalar,12,12,24,residual,ok,belief,0.955965621808784,0.23113805800676346,0.49195065461100507
,,cheap_talk,scalar,12,12,24,jspace,ok,belief,0.39386360983596547,0.33334603018563014,8.418757049677428e-05
,,cheap_talk,scalar,13,12,24,residual,ok,belief,0.9778354637144508,0.22200995435317358,0.5389020637852044
,,cheap_talk,scalar,13,12,24,jspace,ok,belief,0.5101326764147867,0.3409255312175259,0.011429728696967234
,,cheap_talk,scalar,14,12,24,residual,ok,belief,0.9686171635408996,0.17991667240858078,0.6380814697159152
,,cheap_talk,scalar,14,12,24,jspace,ok,belief,0.7156169013286339,0.33343335451575196,0.00038416326981582927
,,cheap_talk,scalar,15,12,24,residual,ok,belief,0.8991570894537398,0.19744465748469034,0.6408457503624518
,,cheap_talk,scalar,15,12,24,jspace,ok,belief,-0.5839519692569385,0.33379514737519766,-0.001073940176486765
,,cheap_talk,scalar,16,12,24,residual,ok,belief,0.9262349013473715,0.3686223154266675,-0.02800212324110296
,,cheap_talk,scalar,16,12,24,jspace,ok,belief,-0.05466485672677954,0.33508155203668205,-0.00026965470078388343
,,cheap_talk,scalar,17,12,24,residual,ok,belief,0.897995440938407,0.18961223463217416,0.7288388297558788
,,cheap_talk,scalar,17,12,24,jspace,ok,belief,-0.4632712148257201,0.33342979478438783,-0.00029718352838425943
,,cheap_talk,scalar,18,12,24,residual,ok,belief,0.864606088306457,0.598653587202231,-1.440769498665936
,,cheap_talk,scalar,18,12,24,jspace,ok,belief,0.10588572898798965,0.33334274484955556,1.4404580056082139e-05
,,cheap_talk,scalar,19,12,24,residual,ok,belief,0.859595390209499,0.8734134236971537,-3.868712092755363
,,cheap_talk,scalar,19,12,24,jspace,ok,belief,0.1477479037807423,0.3338328686066072,0.0001521636867909404
,,cheap_talk,scalar,20,12,24,residual,ok,belief,0.8158708187969652,0.6659200365344683,-2.00845796872744
,,cheap_talk,scalar,20,12,24,jspace,ok,belief,-0.0565163713911158,0.333337845686641,-3.0625371185699635e-06
,,cheap_talk,scalar,21,12,24,residual,ok,belief,0.8521598574001099,0.41507745534181595,-0.33988042603957647
,,cheap_talk,scalar,21,12,24,jspace,ok,belief,0.7888008618484008,0.3333398437159943,8.748889365639556e-05
,,cheap_talk,scalar,22,12,24,residual,ok,belief,0.8521328813096913,0.860031376282374,-3.7497176704716537
,,cheap_talk,scalar,22,12,24,jspace,ok,belief,-0.6919729762058477,0.35879272772254384,-0.0742767700493312
,,cheap_talk,scalar,23,12,24,residual,ok,belief,0.8888984877572632,0.428967406352361,-0.38332127625425994
,,cheap_talk,scalar,23,12,24,jspace,ok,belief,0.6462773694385849,0.3332930756434403,0.002078968582066354
,,cheap_talk,scalar,24,12,24,residual,ok,belief,0.9157005434433293,0.4765990674495697,-0.7027318954507917
,,cheap_talk,scalar,24,12,24,jspace,ok,belief,0.3236885886661577,0.33333289100788804,1.4820439520613071e-05
,,cheap_talk,scalar,25,12,24,residual,ok,belief,0.9254445470355155,0.19504627337058386,0.6925364682247612
,,cheap_talk,scalar,25,12,24,jspace,ok,belief,-0.19336816900465592,0.3335048087001258,-1.8877880158418847e-05
,,cheap_talk,scalar,26,12,24,residual,ok,belief,0.8875892019486444,0.20405573149522147,0.6151433667187058
,,cheap_talk,scalar,26,12,24,jspace,ok,belief,0.7520930735595595,0.33332568576578975,6.243269911432314e-05
,,cheap_talk,scalar,27,12,24,residual,ok,belief,0.9046917370246617,0.21950520078341165,0.5357248627112314
,,cheap_talk,scalar,27,12,24,jspace,ok,belief,0.5946065354080151,0.3336018709005148,6.71044219680006e-05
,,cheap_talk,scalar,28,12,24,residual,ok,belief,0.9242362628466133,0.3537660116950671,0.04532006276157352
,,cheap_talk,scalar,28,12,24,jspace,ok,belief,0.8208487810819087,0.33332580619967106,0.00019663166411842958
,,cheap_talk,scalar,29,12,24,residual,ok,belief,0.8948356380381007,0.8095980584621429,-3.1819882422015766
,,cheap_talk,scalar,29,12,24,jspace,ok,belief,0.1320001399284685,0.3352896166504901,-0.00018519802107941352
,,cheap_talk,scalar,30,12,24,residual,ok,belief,0.927033752316136,0.7846466898918152,-2.931096987309516
,,cheap_talk,scalar,30,12,24,jspace,ok,belief,0.017291460061450305,0.3342632738942198,8.220808401493418e-05
,,cheap_talk,scalar,31,12,24,residual,ok,belief,0.9079848981755945,0.6068869630495707,-1.4614977552191135
,,cheap_talk,scalar,31,12,24,jspace,ok,belief,0.7898327018404172,0.33814351897151523,-0.0010487703982191565
,,cheap_talk,scalar,32,12,24,residual,ok,belief,0.8835520379967707,0.5831720928351084,-1.2731110091306057
,,cheap_talk,scalar,32,12,24,jspace,ok,belief,0.4827904479783481,0.3332839024324073,0.002421439147925808
,,cheap_talk,scalar,33,12,24,residual,ok,belief,0.882579451352324,0.3851374685764313,-0.057846286074901165
,,cheap_talk,scalar,33,12,24,jspace,ok,belief,0.41068102330639883,0.333350400956726,0.0008596099101656485
,,cheap_talk,scalar,34,12,24,residual,ok,belief,0.8881616642310534,0.20608115444580713,0.6827245379885265
,,cheap_talk,scalar,34,12,24,jspace,ok,belief,0.6133713070411626,0.3333486776430412,0.00011792949213318416
,,cheap_talk,scalar,35,12,24,residual,ok,belief,0.8713392969317272,0.20766360312700272,0.5949973581171597
,,cheap_talk,scalar,35,12,24,jspace,ok,belief,0.6724735437127057,0.3334904089445198,0.0005774671227691819
,,cheap_talk,scalar,36,12,24,residual,ok,belief,0.8729138431391356,0.22017000367244086,0.5666915625651447
,,cheap_talk,scalar,36,12,24,jspace,ok,belief,0.024228185572423382,0.3333762759865977,5.903084004055259e-06
,,cheap_talk,scalar,37,12,24,residual,ok,belief,0.8810354559216099,0.2012873888015747,0.6376371751275256
,,cheap_talk,scalar,37,12,24,jspace,ok,belief,0.2999251458657492,0.333406222779358,0.00014819220985595738
,,cheap_talk,scalar,38,12,24,residual,ok,belief,0.8621711434637251,0.21390940248966217,0.6266545304118747
,,cheap_talk,scalar,38,12,24,jspace,ok,belief,0.5356887856282498,0.33326329683344597,0.0011336454930673812
,,cheap_talk,scalar,39,12,24,residual,ok,belief,0.8456029866509042,0.2688279052575429,0.4627460309232134
,,cheap_talk,scalar,39,12,24,jspace,ok,belief,0.7223145432878665,0.3331634340047764,0.00253167189077963
,,cheap_talk,scalar,40,12,24,residual,ok,belief,0.8351678440964456,0.2564411982893944,0.4035334409960707
,,cheap_talk,scalar,40,12,24,jspace,ok,belief,0.5669004672806863,0.3332545935617643,0.0010588686525883073
,,cheap_talk,scalar,41,12,24,residual,ok,belief,0.8316592789758452,0.2556825702389081,0.4134418039300134
,,cheap_talk,scalar,41,12,24,jspace,ok,belief,0.4083567746572129,0.33194020410408437,0.02330901189066159
,,cheap_talk,scalar,42,12,24,residual,ok,belief,0.8218912822348707,0.2536439796288808,0.45187812202621647
,,cheap_talk,scalar,42,12,24,jspace,ok,belief,0.6781841885489821,0.3326272861937018,0.008538347919811895
,,cheap_talk,scalar,43,12,24,residual,ok,belief,0.8217150713747029,0.20408687243858972,0.5486260741495808
,,cheap_talk,scalar,43,12,24,jspace,ok,belief,0.0017777509406277491,0.33387516783416843,-0.0006272672500116094
,,cheap_talk,scalar,44,12,24,residual,ok,belief,0.82194627314647,0.1977428545554479,0.6080611144101908
,,cheap_talk,scalar,44,12,24,jspace,ok,belief,0.057204674485131175,0.3355354852452468,0.0018329505341279084
,,cheap_talk,scalar,45,12,24,residual,ok,belief,0.855859116161254,0.17548015962044397,0.6714287875220841
,,cheap_talk,scalar,45,12,24,jspace,ok,belief,0.20979977455579665,0.3408192883006876,0.023581870631323665
,,cheap_talk,scalar,46,12,24,residual,ok,belief,0.8515783924919099,0.21102337539196014,0.5988440859241182
,,cheap_talk,scalar,46,12,24,jspace,ok,belief,0.20304739504817612,0.346201503838145,0.03638102720729386
,,cheap_talk,scalar,47,12,24,residual,ok,belief,0.8931541827713158,0.349134882291158,-0.15582503514902157
,,cheap_talk,scalar,47,12,24,jspace,ok,belief,0.17261974533707036,0.3374796260389125,0.01500469569138052
,,cheap_talk,scalar,48,12,24,residual,ok,belief,0.8904036359123458,0.33945266405741376,-0.028001431360759277
,,cheap_talk,scalar,48,12,24,jspace,ok,belief,0.3139525262067193,0.3340324690576468,0.004642133013789018
,,cheap_talk,scalar,49,12,24,residual,ok,belief,0.8855649144820921,0.37710536022981006,-0.03965136570807193
,,cheap_talk,scalar,49,12,24,jspace,ok,belief,0.4919666506295865,0.3304324924268081,0.023299016887095014
,,cheap_talk,scalar,50,12,24,residual,ok,belief,0.8752879854863362,0.43485280871391296,-0.37303056658263767
,,cheap_talk,scalar,50,12,24,jspace,ok,belief,0.33293204221976774,0.3337543858460525,0.007948396290382576
,,cheap_talk,scalar,51,12,24,residual,ok,belief,0.8753508280552611,0.43799637754758197,-0.36505788049555843
,,cheap_talk,scalar,51,12,24,jspace,ok,belief,0.18125325782721707,0.33357979785810765,0.00399450132017487
,,cheap_talk,scalar,52,12,24,residual,ok,belief,0.8824399298885024,0.4792364239692688,-0.6144335405121408
,,cheap_talk,scalar,52,12,24,jspace,ok,belief,0.2617925515420411,0.3338487677051632,0.002435091530449518
,,cheap_talk,scalar,53,12,24,residual,ok,belief,0.8700643340681763,0.41812797884146374,-0.253699834643764
,,cheap_talk,scalar,53,12,24,jspace,ok,belief,0.22899027502739186,0.3342706770794941,0.001618610597946324
,,cheap_talk,scalar,54,12,24,residual,ok,belief,0.8600882789072117,0.5283618370691935,-0.9575077094177855
,,cheap_talk,scalar,54,12,24,jspace,ok,belief,0.28756326357615974,0.33185883183362624,0.013604794527054986
,,cheap_talk,scalar,55,12,24,residual,ok,belief,0.8452945048811992,0.5118090361356735,-0.8090615209888457
,,cheap_talk,scalar,55,12,24,jspace,ok,belief,0.403691592595319,0.33328220155885074,0.009683940593145368
,,cheap_talk,scalar,56,12,24,residual,ok,belief,0.8376683997661469,0.5318297073245049,-0.9499388109637548
,,cheap_talk,scalar,56,12,24,jspace,ok,belief,0.47906351303917266,0.3317561340235661,0.03106932384015526
,,cheap_talk,scalar,57,12,24,residual,ok,belief,0.8463301721955496,0.4752479667464892,-0.5375200302761312
,,cheap_talk,scalar,57,12,24,jspace,ok,belief,0.5733802550806613,0.3303532533948644,0.043232689075286546
,,cheap_talk,scalar,58,12,24,residual,ok,belief,0.8573468816164312,0.48068520426750183,-0.5959577280683233
,,cheap_talk,scalar,58,12,24,jspace,ok,belief,0.6821648787205854,0.32330282323972775,0.10260547920396157
,,cheap_talk,scalar,59,12,24,residual,ok,belief,0.852522469868789,0.46652642140785855,-0.5486074811068105
,,cheap_talk,scalar,59,12,24,jspace,ok,belief,0.6292749116787475,0.328721657871721,0.051475191262308595
,,cheap_talk,scalar,60,12,24,residual,ok,belief,0.8442863096142407,0.7163661321004232,-2.4329402704688547
,,cheap_talk,scalar,60,12,24,jspace,ok,belief,0.77868173308169,0.3223265561107316,0.09303065795417831
,,cheap_talk,scalar,61,12,24,residual,ok,belief,0.8303665611684545,0.7613753974437714,-2.829584801345412
,,cheap_talk,scalar,61,12,24,jspace,ok,belief,0.7090663920022884,0.2977499429192589,0.26777282069994146
,,cheap_talk,scalar,62,12,24,residual,ok,belief,0.8611948505024494,0.6605278005202612,-1.9076080963407431
,,cheap_talk,scalar,62,12,24,jspace,ok,belief,0.7369863301043926,0.29277466183967893,0.31865712619861
,,cheap_talk,scalar,-1,12,24,output,ok,objective,0.9483005085157562,0.8227722744146982,0.7609094822675779
,,cheap_talk,scalar,0,12,24,residual,ok,objective,0.8953347278807049,1.0048590699831645,0.571643504621248
,,cheap_talk,scalar,0,12,24,jspace,ok,objective,-0.19916508141171638,1.6944442745857013,-7.851835357675085e-06
,,cheap_talk,scalar,1,12,24,residual,ok,objective,0.9600713056751428,0.9246088067690531,0.6654972055129026
,,cheap_talk,scalar,1,12,24,jspace,ok,objective,-0.012620111855898043,1.6987160758226485,-0.00017072452163047203
,,cheap_talk,scalar,2,12,24,residual,ok,objective,0.944167179921418,1.116750031709671,0.5102681009624883
,,cheap_talk,scalar,2,12,24,jspace,ok,objective,0.11806661740415354,1.6943505985608383,4.391530627367857e-06
,,cheap_talk,scalar,3,12,24,residual,ok,objective,0.9379938917658233,3.2339996496836343,-2.0254021417332635
,,cheap_talk,scalar,3,12,24,jspace,ok,objective,-0.19079067200232488,1.694482570926616,-2.6430416515399457e-06
,,cheap_talk,scalar,4,12,24,residual,ok,objective,0.9539015158402762,3.6103691260019937,-2.762840403760391
,,cheap_talk,scalar,4,12,24,jspace,ok,objective,-0.15017790892690586,1.6943924195463627,-1.1241899271263733e-05
,,cheap_talk,scalar,5,12,24,residual,ok,objective,0.9495361766346527,4.442547639211019,-4.595149489466822
,,cheap_talk,scalar,5,12,24,jspace,ok,objective,-0.44527951684370737,1.6944858148299529,-5.853072192563147e-05
,,cheap_talk,scalar,6,12,24,residual,ok,objective,0.9575291620870138,1.9719742735226948,-0.2353665538970069
,,cheap_talk,scalar,6,12,24,jspace,ok,objective,-0.12740081497896938,1.694550752048934,-2.823071803481625e-05
,,cheap_talk,scalar,7,12,24,residual,ok,objective,0.9626674228112185,1.617077002922694,0.12024680523838216
,,cheap_talk,scalar,7,12,24,jspace,ok,objective,-0.22609997008064972,1.6945114031587494,-1.306272134748987e-05
,,cheap_talk,scalar,8,12,24,residual,ok,objective,0.9647369480365965,1.260779470205307,0.4391930544417547
,,cheap_talk,scalar,8,12,24,jspace,ok,objective,-0.22931984609270264,1.694905191502882,-6.364731095498399e-06
,,cheap_talk,scalar,9,12,24,residual,ok,objective,0.9625487432299343,2.4780264695485434,-0.801542854996264
,,cheap_talk,scalar,9,12,24,jspace,ok,objective,0.4478897207586893,1.6943834521168872,0.0001303291732095424
,,cheap_talk,scalar,10,12,24,residual,ok,objective,0.9543253416873069,0.7843489448229471,0.7217175008217561
,,cheap_talk,scalar,10,12,24,jspace,ok,objective,0.8967718957336959,1.6959743157844684,0.00010306018293004815
,,cheap_talk,scalar,11,12,24,residual,ok,objective,0.9102635211624415,0.7160068452358246,0.7806717994855908
,,cheap_talk,scalar,11,12,24,jspace,ok,objective,0.13370804370910028,1.6946281035029422,6.361431282708718e-05
,,cheap_talk,scalar,12,12,24,residual,ok,objective,0.8723456681693387,3.2118426163991294,-2.152382448458489
,,cheap_talk,scalar,12,12,24,jspace,ok,objective,0.009507278402775519,1.6944228615542254,1.2983316016734747e-06
,,cheap_talk,scalar,13,12,24,residual,ok,objective,0.910689542007456,0.9127916991710663,0.5854031580193799
,,cheap_talk,scalar,13,12,24,jspace,ok,objective,0.41947745179548523,1.658249342743309,0.010429769882360329
,,cheap_talk,scalar,14,12,24,residual,ok,objective,0.9255817396818616,1.3027686774730682,0.2872499736730697
,,cheap_talk,scalar,14,12,24,jspace,ok,objective,0.48150895796565835,1.6943704878385593,0.00030610321360102777
,,cheap_talk,scalar,15,12,24,residual,ok,objective,0.9462066658631744,3.6458243131637573,-2.8548293461602112
,,cheap_talk,scalar,15,12,24,jspace,ok,objective,-0.3068708937543987,1.6943918738482744,-0.0005168157522124073
,,cheap_talk,scalar,16,12,24,residual,ok,objective,0.9334813106571836,4.285028060277303,-4.314214775800735
,,cheap_talk,scalar,16,12,24,jspace,ok,objective,0.04571027802828943,1.6905322866403782,-8.794731253969346e-05
,,cheap_talk,scalar,17,12,24,residual,ok,objective,0.9405255334791586,0.8948284486929575,0.6344738674685592
,,cheap_talk,scalar,17,12,24,jspace,ok,objective,-0.32214152140294716,1.6946192856491658,-0.00018411316940936118
,,cheap_talk,scalar,18,12,24,residual,ok,objective,0.9542018359760319,1.4852739572525024,0.1401397883388399
,,cheap_talk,scalar,18,12,24,jspace,ok,objective,-0.011384645059968628,1.6939930745281864,-3.700943519202582e-06
,,cheap_talk,scalar,19,12,24,residual,ok,objective,0.9626816921872767,2.171222080787023,-0.5100517942909946
,,cheap_talk,scalar,19,12,24,jspace,ok,objective,0.24057511674912466,1.6936140632691996,0.000225328582941553
,,cheap_talk,scalar,20,12,24,residual,ok,objective,0.9355774133270404,2.4241663614908853,-0.817734382785358
,,cheap_talk,scalar,20,12,24,jspace,ok,objective,0.16068718501368037,1.6944417971381653,8.180465640550416e-06
,,cheap_talk,scalar,21,12,24,residual,ok,objective,0.9425630854290976,1.2309424380461376,0.42630010829172815
,,cheap_talk,scalar,21,12,24,jspace,ok,objective,0.8470223387428192,1.6943715333505367,0.0001011651981153161
,,cheap_talk,scalar,22,12,24,residual,ok,objective,0.9212706224162408,2.9504153231779733,-1.6263474588355016
,,cheap_talk,scalar,22,12,24,jspace,ok,objective,-0.5487979545350524,1.7066980969054206,-0.04141254742153899
,,cheap_talk,scalar,23,12,24,residual,ok,objective,0.9369699248282582,1.9744999011357625,-0.25946767704602736
,,cheap_talk,scalar,23,12,24,jspace,ok,objective,0.6728056696171516,1.692655059889943,0.0019214280358061941
,,cheap_talk,scalar,24,12,24,residual,ok,objective,0.9385184203696194,1.5639401972293854,0.07335695294586575
,,cheap_talk,scalar,24,12,24,jspace,ok,objective,0.09207456865342169,1.6943957252621364,3.3974124314939402e-06
,,cheap_talk,scalar,25,12,24,residual,ok,objective,0.9570335634530251,1.046066403388977,0.5453126178260822
,,cheap_talk,scalar,25,12,24,jspace,ok,objective,-0.4606759022125681,1.6943130912122413,-3.2127363819300925e-05
,,cheap_talk,scalar,26,12,24,residual,ok,objective,0.9556024589666358,0.7798397342363993,0.6779872831088312
,,cheap_talk,scalar,26,12,24,jspace,ok,objective,0.5508883610864377,1.695032459637198,3.268362800490365e-05
,,cheap_talk,scalar,27,12,24,residual,ok,objective,0.9448255826106867,2.3929129441579184,-0.819308446553557
,,cheap_talk,scalar,27,12,24,jspace,ok,objective,0.6396883399410085,1.6952985236880176,7.286024023323012e-05
,,cheap_talk,scalar,28,12,24,residual,ok,objective,0.9415389524603869,2.086902300516764,-0.48712264589010323
,,cheap_talk,scalar,28,12,24,jspace,ok,objective,0.7530899492083382,1.694332499302875,0.00015565138907669418
,,cheap_talk,scalar,29,12,24,residual,ok,objective,0.9479782433939854,1.5977791448434193,-0.011020447565786018
,,cheap_talk,scalar,29,12,24,jspace,ok,objective,0.19733433518916954,1.6862168374580155,-0.0006291101751314532
,,cheap_talk,scalar,30,12,24,residual,ok,objective,0.879377707028104,1.2639708518981934,0.2510913632799926
,,cheap_talk,scalar,30,12,24,jspace,ok,objective,0.09328833164905868,1.690026100005137,0.0012957760808762764
,,cheap_talk,scalar,31,12,24,residual,ok,objective,0.869590754280132,0.9201651712258657,0.5922785208012158
,,cheap_talk,scalar,31,12,24,jspace,ok,objective,0.7715998049389657,1.6785032826605744,-0.0023214998274088128
,,cheap_talk,scalar,32,12,24,residual,ok,objective,0.9398700434936365,0.6753678619861603,0.8128614762068462
,,cheap_talk,scalar,32,12,24,jspace,ok,objective,0.5436478099478365,1.6918464983356174,0.0026670748614590067
,,cheap_talk,scalar,33,12,24,residual,ok,objective,0.9564997728865593,1.013898213704427,0.6021925420447563
,,cheap_talk,scalar,33,12,24,jspace,ok,objective,0.3877493713457594,1.6940056723803485,0.0007521046032704648
,,cheap_talk,scalar,34,12,24,residual,ok,objective,0.9363637756210821,0.7455217937628428,0.7707234026491518
,,cheap_talk,scalar,34,12,24,jspace,ok,objective,0.6485302417034942,1.6943942821095863,0.00011542932797137251
,,cheap_talk,scalar,35,12,24,residual,ok,objective,0.9505423459329563,0.5206231872240702,0.9018238659011287
,,cheap_talk,scalar,35,12,24,jspace,ok,objective,0.7784567266520266,1.6945734459431614,0.0008495145808735671
,,cheap_talk,scalar,36,12,24,residual,ok,objective,0.9559395147951726,0.5457817018032074,0.8941510055152111
,,cheap_talk,scalar,36,12,24,jspace,ok,objective,0.18701870725141156,1.6945283714040933,4.534689395963021e-05
,,cheap_talk,scalar,37,12,24,residual,ok,objective,0.9559393562703742,0.5330974956353506,0.8972446524955259
,,cheap_talk,scalar,37,12,24,jspace,ok,objective,0.45577621329058876,1.6944292600969908,0.0002673571648604822
,,cheap_talk,scalar,38,12,24,residual,ok,objective,0.9556127607841799,0.48194002111752826,0.9104549460222195
,,cheap_talk,scalar,38,12,24,jspace,ok,objective,0.6493002195997777,1.6931320518623245,0.0012865179252194991
,,cheap_talk,scalar,39,12,24,residual,ok,objective,0.9578597199741927,0.561238686243693,0.8596734649406091
,,cheap_talk,scalar,39,12,24,jspace,ok,objective,0.8769807768125134,1.692173988499366,0.0032594318377212605
,,cheap_talk,scalar,40,12,24,residual,ok,objective,0.9592172558765991,0.5293691158294678,0.8739262606179472
,,cheap_talk,scalar,40,12,24,jspace,ok,objective,0.679024565307948,1.6935093423423624,0.001359877978073687
,,cheap_talk,scalar,41,12,24,residual,ok,objective,0.9597345269014564,0.46645333369572956,0.9144463611929025
,,cheap_talk,scalar,41,12,24,jspace,ok,objective,0.38273070538873233,1.68450460095404,0.017180356006349706
,,cheap_talk,scalar,42,12,24,residual,ok,objective,0.9586144220526409,0.47692569096883136,0.9152682276072589
,,cheap_talk,scalar,42,12,24,jspace,ok,objective,0.7211638224248796,1.6889017100102093,0.009276157020996711
,,cheap_talk,scalar,43,12,24,residual,ok,objective,0.9769343686500147,0.7871609727541605,0.803765670394089
,,cheap_talk,scalar,43,12,24,jspace,ok,objective,0.39682785407144905,1.6762502478935308,0.025934523255950914
,,cheap_talk,scalar,44,12,24,residual,ok,objective,0.9771902138977896,0.506425122419993,0.9032324360985781
,,cheap_talk,scalar,44,12,24,jspace,ok,objective,-0.07409949847499553,1.7281983383363742,-0.011276731290496
,,cheap_talk,scalar,45,12,24,residual,ok,objective,0.9704714543086168,0.5738551219304403,0.8759361991204598
,,cheap_talk,scalar,45,12,24,jspace,ok,objective,0.3171922148653608,1.684660649290226,0.0473207580061793
,,cheap_talk,scalar,46,12,24,residual,ok,objective,0.9685364596225511,0.5257872740427653,0.8860932926127586
,,cheap_talk,scalar,46,12,24,jspace,ok,objective,0.20141112542406286,1.667995337846626,0.03570729164134556
,,cheap_talk,scalar,47,12,24,residual,ok,objective,0.9521007299797627,0.7655585010846456,0.7435795718841804
,,cheap_talk,scalar,47,12,24,jspace,ok,objective,0.09914499963670564,1.6941190222389941,0.0060524710503744306
,,cheap_talk,scalar,48,12,24,residual,ok,objective,0.9496200541861537,0.7028880715370178,0.8003971356456172
,,cheap_talk,scalar,48,12,24,jspace,ok,objective,0.14045430207619963,1.6940363762460524,0.0009863030991701383
,,cheap_talk,scalar,49,12,24,residual,ok,objective,0.9386884132207621,0.7314804792404175,0.7687037363881438
,,cheap_talk,scalar,49,12,24,jspace,ok,objective,0.4416918511810126,1.6702619577553997,0.020673828988791887
,,cheap_talk,scalar,50,12,24,residual,ok,objective,0.9190877370341698,0.8031670649846395,0.7639162547394728
,,cheap_talk,scalar,50,12,24,jspace,ok,objective,0.30619560821066183,1.6883128940084315,0.007994932803808807
,,cheap_talk,scalar,51,12,24,residual,ok,objective,0.9096266583473492,0.8510594169298807,0.7319689883795095
,,cheap_talk,scalar,51,12,24,jspace,ok,objective,0.04582149531661989,1.6929967851035375,0.001003674687460987
,,cheap_talk,scalar,52,12,24,residual,ok,objective,0.9204586794722835,0.788657953341802,0.7619345410793597
,,cheap_talk,scalar,52,12,24,jspace,ok,objective,0.08836735534396117,1.6952676394854296,0.0008605911146787326
,,cheap_talk,scalar,53,12,24,residual,ok,objective,0.9165822783304964,0.7723082105318705,0.7943143735555545
,,cheap_talk,scalar,53,12,24,jspace,ok,objective,0.34450522377155646,1.6954129377205007,0.002443014879135341
,,cheap_talk,scalar,54,12,24,residual,ok,objective,0.9172002270417032,0.7686697443326315,0.7955532089846182
,,cheap_talk,scalar,54,12,24,jspace,ok,objective,0.24612688299880423,1.6867067515151186,0.007700225288181817
,,cheap_talk,scalar,55,12,24,residual,ok,objective,0.9309493543207374,0.7005259394645691,0.8311502018353099
,,cheap_talk,scalar,55,12,24,jspace,ok,objective,0.5177939328562399,1.6848535440743173,0.01410037298053124
,,cheap_talk,scalar,56,12,24,residual,ok,objective,0.9328078419080351,0.6826562583446503,0.826475370053275
,,cheap_talk,scalar,56,12,24,jspace,ok,objective,0.6489446404763821,1.6598442924187105,0.04886558808123065
,,cheap_talk,scalar,57,12,24,residual,ok,objective,0.9308970462478532,0.6835524042447408,0.8340842752422607
,,cheap_talk,scalar,57,12,24,jspace,ok,objective,0.7412368993868356,1.6408637995579405,0.06648140313888662
,,cheap_talk,scalar,58,12,24,residual,ok,objective,0.9280211132624229,0.7000659008820852,0.8215587416137956
,,cheap_talk,scalar,58,12,24,jspace,ok,objective,0.848352889719647,1.5604312142140353,0.15189127955106496
,,cheap_talk,scalar,59,12,24,residual,ok,objective,0.9216226038953806,0.7668644587198893,0.7612689703267337
,,cheap_talk,scalar,59,12,24,jspace,ok,objective,0.7057562201706639,1.6384739557051902,0.06805808210134368
,,cheap_talk,scalar,60,12,24,residual,ok,objective,0.9428755867163154,0.8529644906520844,0.6574015487846672
,,cheap_talk,scalar,60,12,24,jspace,ok,objective,0.8890252006077605,1.5972574460425697,0.12402789023986982
,,cheap_talk,scalar,61,12,24,residual,ok,objective,0.9442848502527184,0.7607374787330627,0.7230613835961821
,,cheap_talk,scalar,61,12,24,jspace,ok,objective,0.8892326927569528,1.2649531796705151,0.41379887588220354
,,cheap_talk,scalar,62,12,24,residual,ok,objective,0.9378524543705637,0.6833720803260803,0.7870246904260239
,,cheap_talk,scalar,62,12,24,jspace,ok,objective,0.9044950827902335,1.2800420678306783,0.4449966135321356
,,cheap_talk,scalar,-1,12,24,output,ok,value_margin,0.6177393257513943,1.3905276854832966,0.3190384948373288
,,cheap_talk,scalar,0,12,24,residual,ok,value_margin,0.7567119032396203,1.5803352793057759,0.17315944700346086
,,cheap_talk,scalar,0,12,24,jspace,ok,value_margin,-0.5282249255288058,1.8750565794371905,-5.1892456232938144e-05
,,cheap_talk,scalar,1,12,24,residual,ok,value_margin,0.6890439103035038,2.8348032236099243,-1.4115298449442588
,,cheap_talk,scalar,1,12,24,jspace,ok,value_margin,-0.0834533894022538,1.8779395119181987,-0.0011037266985116645
,,cheap_talk,scalar,2,12,24,residual,ok,value_margin,0.82915334426342,1.9906209707260132,-0.4895485932290664
,,cheap_talk,scalar,2,12,24,jspace,ok,value_margin,0.3915406369694964,1.8749798900314527,2.1147292610712576e-05
,,cheap_talk,scalar,3,12,24,residual,ok,value_margin,0.6130077915916544,6.862651268641154,-10.655137933961814
,,cheap_talk,scalar,3,12,24,jspace,ok,value_margin,0.37188495270999766,1.8749814359553632,1.4878924824990314e-05
,,cheap_talk,scalar,4,12,24,residual,ok,value_margin,0.029858728722924055,4.802602390448253,-5.556751220096799
,,cheap_talk,scalar,4,12,24,jspace,ok,value_margin,0.19681991903703736,1.8749888668514973,2.0314565966739195e-05
,,cheap_talk,scalar,5,12,24,residual,ok,value_margin,0.016008873660932205,3.4968012968699136,-2.7326292537147254
,,cheap_talk,scalar,5,12,24,jspace,ok,value_margin,0.2661022681129377,1.8748307052059363,8.418965017553681e-05
,,cheap_talk,scalar,6,12,24,residual,ok,value_margin,0.04630504271207096,3.0665741562843323,-1.7534986680387252
,,cheap_talk,scalar,6,12,24,jspace,ok,value_margin,0.1934189128266465,1.8745703561553848,0.00039135504917908737
,,cheap_talk,scalar,7,12,24,residual,ok,value_margin,-0.026635784815126278,12.641645312309265,-37.40578326521934
,,cheap_talk,scalar,7,12,24,jspace,ok,value_margin,0.3618747644249901,1.874978356482275,1.86595612565732e-05
,,cheap_talk,scalar,8,12,24,residual,ok,value_margin,0.28481413656215604,12.246622880299887,-34.89785434167578
,,cheap_talk,scalar,8,12,24,jspace,ok,value_margin,0.32549273799855377,1.8749902728396155,-1.880842972212804e-05
,,cheap_talk,scalar,9,12,24,residual,ok,value_margin,0.22884130302734362,7.217875599861145,-12.17714445818523
,,cheap_talk,scalar,9,12,24,jspace,ok,value_margin,0.5327620486679486,1.8747677920120915,0.00016836929861940853
,,cheap_talk,scalar,10,12,24,residual,ok,value_margin,0.21096902142054128,3.3378414511680603,-2.5992057763718086
,,cheap_talk,scalar,10,12,24,jspace,ok,value_margin,-0.010047617771410396,1.875005072258964,-3.1689834447679033e-06
,,cheap_talk,scalar,11,12,24,residual,ok,value_margin,0.2770599117004668,3.5260687271753945,-2.759746775452048
,,cheap_talk,scalar,11,12,24,jspace,ok,value_margin,0.1979366326523728,1.8749309613251246,-0.0003520487308832365
,,cheap_talk,scalar,12,12,24,residual,ok,value_margin,0.2822161252250812,6.987011551856995,-11.444981588272931
,,cheap_talk,scalar,12,12,24,jspace,ok,value_margin,-0.14635152827995482,1.8750509876881638,-2.289183875237022e-05
,,cheap_talk,scalar,13,12,24,residual,ok,value_margin,0.019741392169173734,5.85736225048701,-8.31256779672481
,,cheap_talk,scalar,13,12,24,jspace,ok,value_margin,-0.08151945419531158,1.867886705930956,-0.005096860141512449
,,cheap_talk,scalar,14,12,24,residual,ok,value_margin,0.03663965297960559,6.670762817064921,-10.622052921956977
,,cheap_talk,scalar,14,12,24,jspace,ok,value_margin,0.3796597287629365,1.874591208166483,0.0002766117750612196
,,cheap_talk,scalar,15,12,24,residual,ok,value_margin,-0.23212653809196487,2.3401385148366294,-1.1494466902924678
,,cheap_talk,scalar,15,12,24,jspace,ok,value_margin,-0.29379043358084717,1.8755459085460455,-0.00030636559489383153
,,cheap_talk,scalar,16,12,24,residual,ok,value_margin,-0.09140014680073279,1.96617595354716,-0.35407812977706876
,,cheap_talk,scalar,16,12,24,jspace,ok,value_margin,0.5136405907059751,1.874565913520805,0.0004434400000351557
,,cheap_talk,scalar,17,12,24,residual,ok,value_margin,-0.15656121966025063,3.003720760345459,-1.9201137460626163
,,cheap_talk,scalar,17,12,24,jspace,ok,value_margin,-0.5701552597848024,1.875146887520276,-0.000121947688988433
,,cheap_talk,scalar,18,12,24,residual,ok,value_margin,-0.19592167607714617,9.395705302556356,-21.039731107211768
,,cheap_talk,scalar,18,12,24,jspace,ok,value_margin,0.3175338550196605,1.8749669784877785,2.6955846825882368e-05
,,cheap_talk,scalar,19,12,24,residual,ok,value_margin,-0.27047922347930237,3.934941530227661,-3.903192304211795
,,cheap_talk,scalar,19,12,24,jspace,ok,value_margin,-0.1809495946496021,1.875109497650091,-7.632353152686733e-05
,,cheap_talk,scalar,20,12,24,residual,ok,value_margin,-0.07846607180728901,2.7535863518714905,-1.2998356479810163
,,cheap_talk,scalar,20,12,24,jspace,ok,value_margin,-0.09362942727119251,1.8750140599306164,-2.9533412924109825e-06
,,cheap_talk,scalar,21,12,24,residual,ok,value_margin,0.014682925850540153,1.8615770141283672,-0.4025841970415842
,,cheap_talk,scalar,21,12,24,jspace,ok,value_margin,0.10383499605231424,1.8749929202936435,1.0059723634880946e-05
,,cheap_talk,scalar,22,12,24,residual,ok,value_margin,-0.09015558635839288,2.5985719164212546,-1.0935888196968362
,,cheap_talk,scalar,22,12,24,jspace,ok,value_margin,0.04343397202982388,1.871099986232372,0.0007084363147008554
,,cheap_talk,scalar,23,12,24,residual,ok,value_margin,0.21855519065390164,1.6432485580444336,-0.051990204012271946
,,cheap_talk,scalar,23,12,24,jspace,ok,value_margin,-0.004420077416520091,1.8750257626829985,-1.672933550445066e-05
,,cheap_talk,scalar,24,12,24,residual,ok,value_margin,0.2692125100789255,1.6645959814389546,0.03893127896498105
,,cheap_talk,scalar,24,12,24,jspace,ok,value_margin,0.25789874321030043,1.8749987015551148,3.230839689116749e-06
,,cheap_talk,scalar,25,12,24,residual,ok,value_margin,0.12314109335372429,3.1382086674372354,-2.2339005102921905
,,cheap_talk,scalar,25,12,24,jspace,ok,value_margin,-0.42086867839189596,1.8750645471462797,-5.7434686637769516e-05
,,cheap_talk,scalar,26,12,24,residual,ok,value_margin,-0.04740399902488899,3.6140125592549643,-3.230186114858882
,,cheap_talk,scalar,26,12,24,jspace,ok,value_margin,0.08523747134945918,1.874980833132373,1.0084858389936002e-05
,,cheap_talk,scalar,27,12,24,residual,ok,value_margin,-0.11166653323206456,6.297488689422607,-9.459932079973214
,,cheap_talk,scalar,27,12,24,jspace,ok,value_margin,0.3875115358512673,1.8749225700958252,6.257161865008687e-05
,,cheap_talk,scalar,28,12,24,residual,ok,value_margin,-0.014049612484230915,4.9040913581848145,-5.744647028272774
,,cheap_talk,scalar,28,12,24,jspace,ok,value_margin,-0.20457208081611872,1.8750206219107124,-1.751661044391284e-05
,,cheap_talk,scalar,29,12,24,residual,ok,value_margin,-0.05249105560865477,9.448010206222534,-20.901084127694837
,,cheap_talk,scalar,29,12,24,jspace,ok,value_margin,0.6635116756463579,1.874896395709662,-0.0004081443312731192
,,cheap_talk,scalar,30,12,24,residual,ok,value_margin,0.23948771096382465,8.83420213063558,-18.12773194616798
,,cheap_talk,scalar,30,12,24,jspace,ok,value_margin,0.5963880533979917,1.866587601536405,0.007396631126005637
,,cheap_talk,scalar,31,12,24,residual,ok,value_margin,0.6657570088490784,3.9994667371114097,-3.3039539535263476
,,cheap_talk,scalar,31,12,24,jspace,ok,value_margin,0.705794902596684,1.8748682480230847,-0.0014558607690293712
,,cheap_talk,scalar,32,12,24,residual,ok,value_margin,0.7785319270748521,1.9172291159629822,-0.20058540972831307
,,cheap_talk,scalar,32,12,24,jspace,ok,value_margin,0.2602664835491508,1.8727800985331111,0.0013814199915187508
,,cheap_talk,scalar,33,12,24,residual,ok,value_margin,0.7818997837956031,1.3920154372851055,0.44034845232294506
,,cheap_talk,scalar,33,12,24,jspace,ok,value_margin,0.4239264963842579,1.8738969366219476,0.0007150956838087863
,,cheap_talk,scalar,34,12,24,residual,ok,value_margin,0.8761900830144885,2.4725200732549033,-0.6686573628095798
,,cheap_talk,scalar,34,12,24,jspace,ok,value_margin,0.7074785224828444,1.874802310927433,0.00017516101744807777
,,cheap_talk,scalar,35,12,24,residual,ok,value_margin,0.8716105696306896,2.3414748708407083,-0.5187778670606118
,,cheap_talk,scalar,35,12,24,jspace,ok,value_margin,0.6397884807894942,1.874241719095562,0.0006375502855880955
,,cheap_talk,scalar,36,12,24,residual,ok,value_margin,0.8715346637266111,1.1179238359133403,0.5396973484474075
,,cheap_talk,scalar,36,12,24,jspace,ok,value_margin,0.38791555559258667,1.8748754030754091,7.721495209311868e-05
,,cheap_talk,scalar,37,12,24,residual,ok,value_margin,0.8770458650443161,1.3695537249247234,0.36296522919198626
,,cheap_talk,scalar,37,12,24,jspace,ok,value_margin,0.7000840305275021,1.8745490138648162,0.00042057240415283026
,,cheap_talk,scalar,38,12,24,residual,ok,value_margin,0.8832759974558028,2.436816155910492,-0.6877976242986639
,,cheap_talk,scalar,38,12,24,jspace,ok,value_margin,0.21438213810924708,1.874368773636996,0.0005331226287015323
,,cheap_talk,scalar,39,12,24,residual,ok,value_margin,0.8774716536390693,1.9386581381162007,-0.11729819893589033
,,cheap_talk,scalar,39,12,24,jspace,ok,value_margin,0.48253206142231975,1.8726467864850267,0.001872315150183712
,,cheap_talk,scalar,40,12,24,residual,ok,value_margin,0.8676209030487554,1.5280593832333882,0.2824302895665691
,,cheap_talk,scalar,40,12,24,jspace,ok,value_margin,0.6069323368287866,1.8733858870935343,0.0013172328367300201
,,cheap_talk,scalar,41,12,24,residual,ok,value_margin,0.8530099289635824,1.3338263432184856,0.3919999088986559
,,cheap_talk,scalar,41,12,24,jspace,ok,value_margin,-0.2304605593173272,1.882418981244354,-0.0066972854295106465
,,cheap_talk,scalar,42,12,24,residual,ok,value_margin,0.8399124946238462,1.1276030540466309,0.5001664426342198
,,cheap_talk,scalar,42,12,24,jspace,ok,value_margin,0.6385966216973843,1.8617559104382693,0.010866040682324107
,,cheap_talk,scalar,43,12,24,residual,ok,value_margin,0.800709425975329,1.3602181673049927,0.46879244958675403
,,cheap_talk,scalar,43,12,24,jspace,ok,value_margin,0.3472284606053163,1.8093459252652642,0.04058706562252146
,,cheap_talk,scalar,44,12,24,residual,ok,value_margin,0.739103242670715,1.3066306908925374,0.4254106938830735
,,cheap_talk,scalar,44,12,24,jspace,ok,value_margin,0.3278537648536207,1.721952065999836,0.08451839020985086
,,cheap_talk,scalar,45,12,24,residual,ok,value_margin,0.6461569569723332,1.909420092900594,-0.36547588088114
,,cheap_talk,scalar,45,12,24,jspace,ok,value_margin,0.4926424395314952,1.6385116338262515,0.14601498934595236
,,cheap_talk,scalar,46,12,24,residual,ok,value_margin,0.6115761452921034,1.9683585564295452,-0.43601452670361285
,,cheap_talk,scalar,46,12,24,jspace,ok,value_margin,0.4613038543133184,1.7209306404899156,0.08164658701080507
,,cheap_talk,scalar,47,12,24,residual,ok,value_margin,0.6259796293553003,1.7822144031524658,-0.1195543755017856
,,cheap_talk,scalar,47,12,24,jspace,ok,value_margin,0.7170918659516876,1.7911184324637077,0.06520319587954437
,,cheap_talk,scalar,48,12,24,residual,ok,value_margin,0.7361021637193838,1.8626976013183594,-0.1813453667969478
,,cheap_talk,scalar,48,12,24,jspace,ok,value_margin,0.7668343118799852,1.8615448717103933,0.011527354085474784
,,cheap_talk,scalar,49,12,24,residual,ok,value_margin,0.7520683699978608,1.9451871315638225,-0.2957482718283295
,,cheap_talk,scalar,49,12,24,jspace,ok,value_margin,0.5965205406594274,1.8369007685527796,0.04382798193479065
,,cheap_talk,scalar,50,12,24,residual,ok,value_margin,0.7423840978869476,2.5709036588668823,-0.9884798734625457
,,cheap_talk,scalar,50,12,24,jspace,ok,value_margin,0.8618570172890485,1.8421871922648034,0.028058848232322964
,,cheap_talk,scalar,51,12,24,residual,ok,value_margin,0.4786794609176753,2.9273280700047812,-1.7835938610664743
,,cheap_talk,scalar,51,12,24,jspace,ok,value_margin,0.7481786019522061,1.8514467564119463,0.018908163117337118
,,cheap_talk,scalar,52,12,24,residual,ok,value_margin,0.3759247932853819,3.028748710950216,-2.0722374619551003
,,cheap_talk,scalar,52,12,24,jspace,ok,value_margin,0.5657655263041057,1.861460669784435,0.00909231111521358
,,cheap_talk,scalar,53,12,24,residual,ok,value_margin,0.28707498749365595,3.231891393661499,-2.526873923473344
,,cheap_talk,scalar,53,12,24,jspace,ok,value_margin,0.4881187265296721,1.8650911409848572,0.006641775808450601
,,cheap_talk,scalar,54,12,24,residual,ok,value_margin,0.35540743247659096,3.577490488688151,-3.0256904516279857
,,cheap_talk,scalar,54,12,24,jspace,ok,value_margin,0.5480794784452465,1.806007414852581,0.05598275946523246
,,cheap_talk,scalar,55,12,24,residual,ok,value_margin,0.42062910884471144,3.742595831553141,-3.1866854313042747
,,cheap_talk,scalar,55,12,24,jspace,ok,value_margin,0.5985457912519567,1.832715514152112,0.03201404067051539
,,cheap_talk,scalar,56,12,24,residual,ok,value_margin,0.4190610085744102,3.5977816581726074,-2.950600364125161
,,cheap_talk,scalar,56,12,24,jspace,ok,value_margin,0.6490534221584633,1.8103492516634756,0.0499478886059368
,,cheap_talk,scalar,57,12,24,residual,ok,value_margin,0.36712623225910007,3.738970994949341,-3.2840787089675594
,,cheap_talk,scalar,57,12,24,jspace,ok,value_margin,0.6891237281495134,1.7866139616852965,0.06721954377673534
,,cheap_talk,scalar,58,12,24,residual,ok,value_margin,0.3949985233515605,3.600425958633423,-2.993788959427523
,,cheap_talk,scalar,58,12,24,jspace,ok,value_margin,0.7212757108191759,1.751859849853308,0.09394434385326933
,,cheap_talk,scalar,59,12,24,residual,ok,value_margin,0.444050504202346,2.973408023516337,-1.9327877812432503
,,cheap_talk,scalar,59,12,24,jspace,ok,value_margin,0.651828741846114,1.75086664778463,0.10038857870394813
,,cheap_talk,scalar,60,12,24,residual,ok,value_margin,0.5031770001260433,2.1186837752660117,-0.8434073807683087
,,cheap_talk,scalar,60,12,24,jspace,ok,value_margin,0.7240313993665815,1.75669198595137,0.09092031257342337
,,cheap_talk,scalar,61,12,24,residual,ok,value_margin,0.5260790286298774,1.7386050422986348,-0.3436225540223754
,,cheap_talk,scalar,61,12,24,jspace,ok,value_margin,0.7314473099415163,1.7750445743125904,0.08389267285275004
,,cheap_talk,scalar,62,12,24,residual,ok,value_margin,0.5435356216423946,1.6611408988634746,-0.03737207829417888
,,cheap_talk,scalar,62,12,24,jspace,ok,value_margin,0.5309723432070929,1.6992696339930005,0.10063691881977199
0.4166666666666667,0.4166666666666667,signaling,categorical,-1,12,24,output,ok,private_state,,,
0.6666666666666666,0.6666666666666666,signaling,categorical,0,12,24,residual,ok,private_state,,,
0.4166666666666667,0.4166666666666667,signaling,categorical,0,12,24,jspace,ok,private_state,,,
0.9166666666666666,0.9166666666666666,signaling,categorical,1,12,24,residual,ok,private_state,,,
0.4166666666666667,0.4166666666666667,signaling,categorical,1,12,24,jspace,ok,private_state,,,
0.9166666666666666,0.9166666666666666,signaling,categorical,2,12,24,residual,ok,private_state,,,
0.3333333333333333,0.3333333333333333,signaling,categorical,2,12,24,jspace,ok,private_state,,,
0.3333333333333333,0.3333333333333333,signaling,categorical,3,12,24,residual,ok,private_state,,,
0.3333333333333333,0.3333333333333333,signaling,categorical,3,12,24,jspace,ok,private_state,,,
0.6666666666666666,0.6666666666666666,signaling,categorical,4,12,24,residual,ok,private_state,,,
0.3333333333333333,0.3333333333333333,signaling,categorical,4,12,24,jspace,ok,private_state,,,
0.8333333333333334,0.8333333333333334,signaling,categorical,5,12,24,residual,ok,private_state,,,
0.5,0.5,signaling,categorical,5,12,24,jspace,ok,private_state,,,
0.6666666666666666,0.6666666666666666,signaling,categorical,6,12,24,residual,ok,private_state,,,
0.3333333333333333,0.3333333333333333,signaling,categorical,6,12,24,jspace,ok,private_state,,,
0.5833333333333334,0.5833333333333334,signaling,categorical,7,12,24,residual,ok,private_state,,,
0.5833333333333334,0.5833333333333334,signaling,categorical,7,12,24,jspace,ok,private_state,,,
0.3333333333333333,0.3333333333333333,signaling,categorical,8,12,24,residual,ok,private_state,,,
0.3333333333333333,0.3333333333333333,signaling,categorical,8,12,24,jspace,ok,private_state,,,
0.6666666666666666,0.6666666666666666,signaling,categorical,9,12,24,residual,ok,private_state,,,
0.5,0.5,signaling,categorical,9,12,24,jspace,ok,private_state,,,
0.3333333333333333,0.3333333333333333,signaling,categorical,10,12,24,residual,ok,private_state,,,
0.3333333333333333,0.3333333333333333,signaling,categorical,10,12,24,jspace,ok,private_state,,,
0.3333333333333333,0.3333333333333333,signaling,categorical,11,12,24,residual,ok,private_state,,,
0.3333333333333333,0.3333333333333333,signaling,categorical,11,12,24,jspace,ok,private_state,,,
0.3333333333333333,0.3333333333333333,signaling,categorical,12,12,24,residual,ok,private_state,,,
0.3333333333333333,0.3333333333333333,signaling,categorical,12,12,24,jspace,ok,private_state,,,
0.3333333333333333,0.3333333333333333,signaling,categorical,13,12,24,residual,ok,private_state,,,
0.3333333333333333,0.3333333333333333,signaling,categorical,13,12,24,jspace,ok,private_state,,,
0.3333333333333333,0.3333333333333333,signaling,categorical,14,12,24,residual,ok,private_state,,,
0.3333333333333333,0.3333333333333333,signaling,categorical,14,12,24,jspace,ok,private_state,,,
0.3333333333333333,0.3333333333333333,signaling,categorical,15,12,24,residual,ok,private_state,,,
0.4166666666666667,0.4166666666666667,signaling,categorical,15,12,24,jspace,ok,private_state,,,
0.3333333333333333,0.3333333333333333,signaling,categorical,16,12,24,residual,ok,private_state,,,
0.4166666666666667,0.4166666666666667,signaling,categorical,16,12,24,jspace,ok,private_state,,,
0.5833333333333334,0.5833333333333334,signaling,categorical,17,12,24,residual,ok,private_state,,,
0.3333333333333333,0.3333333333333333,signaling,categorical,17,12,24,jspace,ok,private_state,,,
0.5833333333333334,0.5833333333333334,signaling,categorical,18,12,24,residual,ok,private_state,,,
0.16666666666666666,0.16666666666666666,signaling,categorical,18,12,24,jspace,ok,private_state,,,
0.5833333333333334,0.5833333333333334,signaling,categorical,19,12,24,residual,ok,private_state,,,
0.3333333333333333,0.3333333333333333,signaling,categorical,19,12,24,jspace,ok,private_state,,,
0.3333333333333333,0.3333333333333333,signaling,categorical,20,12,24,residual,ok,private_state,,,
0.6666666666666666,0.6666666666666666,signaling,categorical,20,12,24,jspace,ok,private_state,,,
0.4166666666666667,0.4166666666666667,signaling,categorical,21,12,24,residual,ok,private_state,,,
0.3333333333333333,0.3333333333333333,signaling,categorical,21,12,24,jspace,ok,private_state,,,
0.3333333333333333,0.3333333333333333,signaling,categorical,22,12,24,residual,ok,private_state,,,
0.3333333333333333,0.3333333333333333,signaling,categorical,22,12,24,jspace,ok,private_state,,,
0.3333333333333333,0.3333333333333333,signaling,categorical,23,12,24,residual,ok,private_state,,,
0.3333333333333333,0.3333333333333333,signaling,categorical,23,12,24,jspace,ok,private_state,,,
0.5833333333333334,0.5833333333333334,signaling,categorical,24,12,24,residual,ok,private_state,,,
0.3333333333333333,0.3333333333333333,signaling,categorical,24,12,24,jspace,ok,private_state,,,
0.5833333333333334,0.5833333333333334,signaling,categorical,25,12,24,residual,ok,private_state,,,
0.3333333333333333,0.3333333333333333,signaling,categorical,25,12,24,jspace,ok,private_state,,,
0.3333333333333333,0.3333333333333333,signaling,categorical,26,12,24,residual,ok,private_state,,,
0.3333333333333333,0.3333333333333333,signaling,categorical,26,12,24,jspace,ok,private_state,,,
0.5,0.5,signaling,categorical,27,12,24,residual,ok,private_state,,,
0.25,0.25,signaling,categorical,27,12,24,jspace,ok,private_state,,,
0.5833333333333334,0.5833333333333334,signaling,categorical,28,12,24,residual,ok,private_state,,,
0.3333333333333333,0.3333333333333333,signaling,categorical,28,12,24,jspace,ok,private_state,,,
0.5833333333333334,0.5833333333333334,signaling,categorical,29,12,24,residual,ok,private_state,,,
0.3333333333333333,0.3333333333333333,signaling,categorical,29,12,24,jspace,ok,private_state,,,
0.5833333333333334,0.5833333333333334,signaling,categorical,30,12,24,residual,ok,private_state,,,
0.3333333333333333,0.3333333333333333,signaling,categorical,30,12,24,jspace,ok,private_state,,,
0.6666666666666666,0.6666666666666666,signaling,categorical,31,12,24,residual,ok,private_state,,,
0.25,0.25,signaling,categorical,31,12,24,jspace,ok,private_state,,,
0.6666666666666666,0.6666666666666666,signaling,categorical,32,12,24,residual,ok,private_state,,,
0.16666666666666666,0.16666666666666666,signaling,categorical,32,12,24,jspace,ok,private_state,,,
0.5833333333333334,0.5833333333333334,signaling,categorical,33,12,24,residual,ok,private_state,,,
0.5,0.5,signaling,categorical,33,12,24,jspace,ok,private_state,,,
0.5833333333333334,0.5833333333333334,signaling,categorical,34,12,24,residual,ok,private_state,,,
0.25,0.25,signaling,categorical,34,12,24,jspace,ok,private_state,,,
0.6666666666666666,0.6666666666666666,signaling,categorical,35,12,24,residual,ok,private_state,,,
0.3333333333333333,0.3333333333333333,signaling,categorical,35,12,24,jspace,ok,private_state,,,
0.6666666666666666,0.6666666666666666,signaling,categorical,36,12,24,residual,ok,private_state,,,
0.3333333333333333,0.3333333333333333,signaling,categorical,36,12,24,jspace,ok,private_state,,,
0.6666666666666666,0.6666666666666666,signaling,categorical,37,12,24,residual,ok,private_state,,,
0.4166666666666667,0.4166666666666667,signaling,categorical,37,12,24,jspace,ok,private_state,,,
0.5833333333333334,0.5833333333333334,signaling,categorical,38,12,24,residual,ok,private_state,,,
0.3333333333333333,0.3333333333333333,signaling,categorical,38,12,24,jspace,ok,private_state,,,
0.5,0.5,signaling,categorical,39,12,24,residual,ok,private_state,,,
0.3333333333333333,0.3333333333333333,signaling,categorical,39,12,24,jspace,ok,private_state,,,
0.4166666666666667,0.4166666666666667,signaling,categorical,40,12,24,residual,ok,private_state,,,
0.3333333333333333,0.3333333333333333,signaling,categorical,40,12,24,jspace,ok,private_state,,,
0.5,0.5,signaling,categorical,41,12,24,residual,ok,private_state,,,
0.3333333333333333,0.3333333333333333,signaling,categorical,41,12,24,jspace,ok,private_state,,,
0.6666666666666666,0.6666666666666666,signaling,categorical,42,12,24,residual,ok,private_state,,,
0.3333333333333333,0.3333333333333333,signaling,categorical,42,12,24,jspace,ok,private_state,,,
0.5833333333333334,0.5833333333333334,signaling,categorical,43,12,24,residual,ok,private_state,,,
0.3333333333333333,0.3333333333333333,signaling,categorical,43,12,24,jspace,ok,private_state,,,
0.5,0.5,signaling,categorical,44,12,24,residual,ok,private_state,,,
0.3333333333333333,0.3333333333333333,signaling,categorical,44,12,24,jspace,ok,private_state,,,
0.5,0.5,signaling,categorical,45,12,24,residual,ok,private_state,,,
0.3333333333333333,0.3333333333333333,signaling,categorical,45,12,24,jspace,ok,private_state,,,
0.5,0.5,signaling,categorical,46,12,24,residual,ok,private_state,,,
0.3333333333333333,0.3333333333333333,signaling,categorical,46,12,24,jspace,ok,private_state,,,
0.6666666666666666,0.6666666666666666,signaling,categorical,47,12,24,residual,ok,private_state,,,
0.3333333333333333,0.3333333333333333,signaling,categorical,47,12,24,jspace,ok,private_state,,,
0.6666666666666666,0.6666666666666666,signaling,categorical,48,12,24,residual,ok,private_state,,,
0.5,0.5,signaling,categorical,48,12,24,jspace,ok,private_state,,,
0.5833333333333334,0.5833333333333334,signaling,categorical,49,12,24,residual,ok,private_state,,,
0.4166666666666667,0.4166666666666667,signaling,categorical,49,12,24,jspace,ok,private_state,,,
0.5833333333333334,0.5833333333333334,signaling,categorical,50,12,24,residual,ok,private_state,,,
0.4166666666666667,0.4166666666666667,signaling,categorical,50,12,24,jspace,ok,private_state,,,
0.3333333333333333,0.3333333333333333,signaling,categorical,51,12,24,residual,ok,private_state,,,
0.3333333333333333,0.3333333333333333,signaling,categorical,51,12,24,jspace,ok,private_state,,,
0.6666666666666666,0.6666666666666666,signaling,categorical,52,12,24,residual,ok,private_state,,,
0.3333333333333333,0.3333333333333333,signaling,categorical,52,12,24,jspace,ok,private_state,,,
0.3333333333333333,0.3333333333333333,signaling,categorical,53,12,24,residual,ok,private_state,,,
0.3333333333333333,0.3333333333333333,signaling,categorical,53,12,24,jspace,ok,private_state,,,
0.3333333333333333,0.3333333333333333,signaling,categorical,54,12,24,residual,ok,private_state,,,
0.25,0.25,signaling,categorical,54,12,24,jspace,ok,private_state,,,
0.3333333333333333,0.3333333333333333,signaling,categorical,55,12,24,residual,ok,private_state,,,
0.4166666666666667,0.4166666666666667,signaling,categorical,55,12,24,jspace,ok,private_state,,,
0.3333333333333333,0.3333333333333333,signaling,categorical,56,12,24,residual,ok,private_state,,,
0.4166666666666667,0.4166666666666667,signaling,categorical,56,12,24,jspace,ok,private_state,,,
0.3333333333333333,0.3333333333333333,signaling,categorical,57,12,24,residual,ok,private_state,,,
0.4166666666666667,0.4166666666666667,signaling,categorical,57,12,24,jspace,ok,private_state,,,
0.3333333333333333,0.3333333333333333,signaling,categorical,58,12,24,residual,ok,private_state,,,
0.16666666666666666,0.16666666666666666,signaling,categorical,58,12,24,jspace,ok,private_state,,,
0.5833333333333334,0.5833333333333334,signaling,categorical,59,12,24,residual,ok,private_state,,,
0.3333333333333333,0.3333333333333333,signaling,categorical,59,12,24,jspace,ok,private_state,,,
0.3333333333333333,0.3333333333333333,signaling,categorical,60,12,24,residual,ok,private_state,,,
0.3333333333333333,0.3333333333333333,signaling,categorical,60,12,24,jspace,ok,private_state,,,
0.3333333333333333,0.3333333333333333,signaling,categorical,61,12,24,residual,ok,private_state,,,
0.3333333333333333,0.3333333333333333,signaling,categorical,61,12,24,jspace,ok,private_state,,,
0.3333333333333333,0.3333333333333333,signaling,categorical,62,12,24,residual,ok,private_state,,,
0.3333333333333333,0.3333333333333333,signaling,categorical,62,12,24,jspace,ok,private_state,,,
0.5,0.3333333333333333,signaling,categorical,-1,12,24,output,ok,strategy,,,
0.5,0.38888888888888884,signaling,categorical,0,12,24,residual,ok,strategy,,,
0.5,0.3333333333333333,signaling,categorical,0,12,24,jspace,ok,strategy,,,
0.6666666666666666,0.5,signaling,categorical,1,12,24,residual,ok,strategy,,,
0.5,0.3333333333333333,signaling,categorical,1,12,24,jspace,ok,strategy,,,
0.6666666666666666,0.6666666666666666,signaling,categorical,2,12,24,residual,ok,strategy,,,
0.5,0.3333333333333333,signaling,categorical,2,12,24,jspace,ok,strategy,,,
0.3333333333333333,0.3333333333333333,signaling,categorical,3,12,24,residual,ok,strategy,,,
0.5,0.3333333333333333,signaling,categorical,3,12,24,jspace,ok,strategy,,,
0.3333333333333333,0.3333333333333333,signaling,categorical,4,12,24,residual,ok,strategy,,,
0.5,0.3333333333333333,signaling,categorical,4,12,24,jspace,ok,strategy,,,
0.3333333333333333,0.3333333333333333,signaling,categorical,5,12,24,residual,ok,strategy,,,
0.5,0.3333333333333333,signaling,categorical,5,12,24,jspace,ok,strategy,,,
0.3333333333333333,0.3333333333333333,signaling,categorical,6,12,24,residual,ok,strategy,,,
0.5,0.3333333333333333,signaling,categorical,6,12,24,jspace,ok,strategy,,,
0.3333333333333333,0.3333333333333333,signaling,categorical,7,12,24,residual,ok,strategy,,,
0.5,0.3333333333333333,signaling,categorical,7,12,24,jspace,ok,strategy,,,
0.3333333333333333,0.3333333333333333,signaling,categorical,8,12,24,residual,ok,strategy,,,
0.5,0.3333333333333333,signaling,categorical,8,12,24,jspace,ok,strategy,,,
0.6666666666666666,0.5277777777777778,signaling,categorical,9,12,24,residual,ok,strategy,,,
0.5,0.3333333333333333,signaling,categorical,9,12,24,jspace,ok,strategy,,,
0.16666666666666666,0.3333333333333333,signaling,categorical,10,12,24,residual,ok,strategy,,,
0.5,0.3333333333333333,signaling,categorical,10,12,24,jspace,ok,strategy,,,
0.16666666666666666,0.3333333333333333,signaling,categorical,11,12,24,residual,ok,strategy,,,
0.5,0.3333333333333333,signaling,categorical,11,12,24,jspace,ok,strategy,,,
0.16666666666666666,0.3333333333333333,signaling,categorical,12,12,24,residual,ok,strategy,,,
0.5,0.3333333333333333,signaling,categorical,12,12,24,jspace,ok,strategy,,,
0.16666666666666666,0.3333333333333333,signaling,categorical,13,12,24,residual,ok,strategy,,,
0.5,0.3333333333333333,signaling,categorical,13,12,24,jspace,ok,strategy,,,
0.16666666666666666,0.3333333333333333,signaling,categorical,14,12,24,residual,ok,strategy,,,
0.5,0.3333333333333333,signaling,categorical,14,12,24,jspace,ok,strategy,,,
0.16666666666666666,0.3333333333333333,signaling,categorical,15,12,24,residual,ok,strategy,,,
0.5,0.3333333333333333,signaling,categorical,15,12,24,jspace,ok,strategy,,,
0.16666666666666666,0.3333333333333333,signaling,categorical,16,12,24,residual,ok,strategy,,,
0.5,0.3333333333333333,signaling,categorical,16,12,24,jspace,ok,strategy,,,
0.16666666666666666,0.3333333333333333,signaling,categorical,17,12,24,residual,ok,strategy,,,
0.5,0.3333333333333333,signaling,categorical,17,12,24,jspace,ok,strategy,,,
0.16666666666666666,0.3333333333333333,signaling,categorical,18,12,24,residual,ok,strategy,,,
0.5,0.3333333333333333,signaling,categorical,18,12,24,jspace,ok,strategy,,,
0.5833333333333334,0.5,signaling,categorical,19,12,24,residual,ok,strategy,,,
0.5,0.3333333333333333,signaling,categorical,19,12,24,jspace,ok,strategy,,,
0.5,0.3333333333333333,signaling,categorical,20,12,24,residual,ok,strategy,,,
0.5,0.3333333333333333,signaling,categorical,20,12,24,jspace,ok,strategy,,,
0.5,0.3333333333333333,signaling,categorical,21,12,24,residual,ok,strategy,,,
0.5,0.3333333333333333,signaling,categorical,21,12,24,jspace,ok,strategy,,,
0.5,0.3333333333333333,signaling,categorical,22,12,24,residual,ok,strategy,,,
0.5,0.3333333333333333,signaling,categorical,22,12,24,jspace,ok,strategy,,,
0.5833333333333334,0.5,signaling,categorical,23,12,24,residual,ok,strategy,,,
0.5,0.3333333333333333,signaling,categorical,23,12,24,jspace,ok,strategy,,,
0.5,0.3333333333333333,signaling,categorical,24,12,24,residual,ok,strategy,,,
0.5,0.3333333333333333,signaling,categorical,24,12,24,jspace,ok,strategy,,,
0.5,0.3333333333333333,signaling,categorical,25,12,24,residual,ok,strategy,,,
0.5,0.3333333333333333,signaling,categorical,25,12,24,jspace,ok,strategy,,,
0.5,0.3333333333333333,signaling,categorical,26,12,24,residual,ok,strategy,,,
0.5,0.3333333333333333,signaling,categorical,26,12,24,jspace,ok,strategy,,,
0.5833333333333334,0.5,signaling,categorical,27,12,24,residual,ok,strategy,,,
0.5,0.3333333333333333,signaling,categorical,27,12,24,jspace,ok,strategy,,,
0.5,0.3333333333333333,signaling,categorical,28,12,24,residual,ok,strategy,,,
0.5,0.3333333333333333,signaling,categorical,28,12,24,jspace,ok,strategy,,,
0.6666666666666666,0.6666666666666666,signaling,categorical,29,12,24,residual,ok,strategy,,,
0.5,0.3333333333333333,signaling,categorical,29,12,24,jspace,ok,strategy,,,
0.75,0.75,signaling,categorical,30,12,24,residual,ok,strategy,,,
0.5,0.3333333333333333,signaling,categorical,30,12,24,jspace,ok,strategy,,,
0.4166666666666667,0.5,signaling,categorical,31,12,24,residual,ok,strategy,,,
0.5,0.3333333333333333,signaling,categorical,31,12,24,jspace,ok,strategy,,,
0.5,0.3333333333333333,signaling,categorical,32,12,24,residual,ok,strategy,,,
0.5,0.3333333333333333,signaling,categorical,32,12,24,jspace,ok,strategy,,,
0.5,0.3333333333333333,signaling,categorical,33,12,24,residual,ok,strategy,,,
0.5,0.3333333333333333,signaling,categorical,33,12,24,jspace,ok,strategy,,,
0.5,0.3333333333333333,signaling,categorical,34,12,24,residual,ok,strategy,,,
0.5,0.3333333333333333,signaling,categorical,34,12,24,jspace,ok,strategy,,,
0.5833333333333334,0.5,signaling,categorical,35,12,24,residual,ok,strategy,,,
0.5,0.3333333333333333,signaling,categorical,35,12,24,jspace,ok,strategy,,,
0.5833333333333334,0.6111111111111112,signaling,categorical,36,12,24,residual,ok,strategy,,,
0.5,0.3333333333333333,signaling,categorical,36,12,24,jspace,ok,strategy,,,
0.5833333333333334,0.6111111111111112,signaling,categorical,37,12,24,residual,ok,strategy,,,
0.5,0.3333333333333333,signaling,categorical,37,12,24,jspace,ok,strategy,,,
0.5,0.5555555555555555,signaling,categorical,38,12,24,residual,ok,strategy,,,
0.5,0.3333333333333333,signaling,categorical,38,12,24,jspace,ok,strategy,,,
0.6666666666666666,0.6666666666666666,signaling,categorical,39,12,24,residual,ok,strategy,,,
0.5,0.3333333333333333,signaling,categorical,39,12,24,jspace,ok,strategy,,,
0.5,0.3333333333333333,signaling,categorical,40,12,24,residual,ok,strategy,,,
0.5,0.3333333333333333,signaling,categorical,40,12,24,jspace,ok,strategy,,,
0.5,0.3333333333333333,signaling,categorical,41,12,24,residual,ok,strategy,,,
0.5,0.3333333333333333,signaling,categorical,41,12,24,jspace,ok,strategy,,,
0.5,0.3333333333333333,signaling,categorical,42,12,24,residual,ok,strategy,,,
0.5,0.3333333333333333,signaling,categorical,42,12,24,jspace,ok,strategy,,,
0.75,0.7777777777777778,signaling,categorical,43,12,24,residual,ok,strategy,,,
0.5,0.3333333333333333,signaling,categorical,43,12,24,jspace,ok,strategy,,,
0.5833333333333334,0.6111111111111112,signaling,categorical,44,12,24,residual,ok,strategy,,,
0.5,0.3333333333333333,signaling,categorical,44,12,24,jspace,ok,strategy,,,
0.3333333333333333,0.4444444444444444,signaling,categorical,45,12,24,residual,ok,strategy,,,
0.5,0.3333333333333333,signaling,categorical,45,12,24,jspace,ok,strategy,,,
0.25,0.3888888888888889,signaling,categorical,46,12,24,residual,ok,strategy,,,
0.5,0.3333333333333333,signaling,categorical,46,12,24,jspace,ok,strategy,,,
0.6666666666666666,0.7222222222222222,signaling,categorical,47,12,24,residual,ok,strategy,,,
0.5,0.3333333333333333,signaling,categorical,47,12,24,jspace,ok,strategy,,,
0.5833333333333334,0.6944444444444445,signaling,categorical,48,12,24,residual,ok,strategy,,,
0.5,0.3333333333333333,signaling,categorical,48,12,24,jspace,ok,strategy,,,
0.5,0.611111111111111,signaling,categorical,49,12,24,residual,ok,strategy,,,
0.5,0.3333333333333333,signaling,categorical,49,12,24,jspace,ok,strategy,,,
0.5,0.611111111111111,signaling,categorical,50,12,24,residual,ok,strategy,,,
0.5,0.3333333333333333,signaling,categorical,50,12,24,jspace,ok,strategy,,,
0.4166666666666667,0.5277777777777778,signaling,categorical,51,12,24,residual,ok,strategy,,,
0.5,0.3333333333333333,signaling,categorical,51,12,24,jspace,ok,strategy,,,
0.5833333333333334,0.6944444444444445,signaling,categorical,52,12,24,residual,ok,strategy,,,
0.5,0.3333333333333333,signaling,categorical,52,12,24,jspace,ok,strategy,,,
0.4166666666666667,0.5277777777777778,signaling,categorical,53,12,24,residual,ok,strategy,,,
0.5,0.3333333333333333,signaling,categorical,53,12,24,jspace,ok,strategy,,,
0.4166666666666667,0.5277777777777778,signaling,categorical,54,12,24,residual,ok,strategy,,,
0.5,0.3333333333333333,signaling,categorical,54,12,24,jspace,ok,strategy,,,
0.3333333333333333,0.47222222222222227,signaling,categorical,55,12,24,residual,ok,strategy,,,
0.5,0.3333333333333333,signaling,categorical,55,12,24,jspace,ok,strategy,,,
0.3333333333333333,0.47222222222222227,signaling,categorical,56,12,24,residual,ok,strategy,,,
0.5,0.3333333333333333,signaling,categorical,56,12,24,jspace,ok,strategy,,,
0.3333333333333333,0.47222222222222227,signaling,categorical,57,12,24,residual,ok,strategy,,,
0.5,0.3333333333333333,signaling,categorical,57,12,24,jspace,ok,strategy,,,
0.3333333333333333,0.47222222222222227,signaling,categorical,58,12,24,residual,ok,strategy,,,
0.5,0.3333333333333333,signaling,categorical,58,12,24,jspace,ok,strategy,,,
0.4166666666666667,0.5277777777777778,signaling,categorical,59,12,24,residual,ok,strategy,,,
0.5,0.3333333333333333,signaling,categorical,59,12,24,jspace,ok,strategy,,,
0.4166666666666667,0.5277777777777778,signaling,categorical,60,12,24,residual,ok,strategy,,,
0.5,0.3333333333333333,signaling,categorical,60,12,24,jspace,ok,strategy,,,
0.4166666666666667,0.5277777777777778,signaling,categorical,61,12,24,residual,ok,strategy,,,
0.5,0.3333333333333333,signaling,categorical,61,12,24,jspace,ok,strategy,,,
0.4166666666666667,0.5277777777777778,signaling,categorical,62,12,24,residual,ok,strategy,,,
0.5,0.3333333333333333,signaling,categorical,62,12,24,jspace,ok,strategy,,,
0.5,0.3333333333333333,signaling,categorical,-1,12,24,output,ok,action,,,
0.4166666666666667,0.5,signaling,categorical,0,12,24,residual,ok,action,,,
0.5,0.3333333333333333,signaling,categorical,0,12,24,jspace,ok,action,,,
0.6666666666666666,0.7777777777777777,signaling,categorical,1,12,24,residual,ok,action,,,
0.5,0.3333333333333333,signaling,categorical,1,12,24,jspace,ok,action,,,
0.5833333333333334,0.6111111111111112,signaling,categorical,2,12,24,residual,ok,action,,,
0.5,0.3333333333333333,signaling,categorical,2,12,24,jspace,ok,action,,,
0.5,0.3333333333333333,signaling,categorical,3,12,24,residual,ok,action,,,
0.5,0.3333333333333333,signaling,categorical,3,12,24,jspace,ok,action,,,
0.5,0.3333333333333333,signaling,categorical,4,12,24,residual,ok,action,,,
0.5,0.3333333333333333,signaling,categorical,4,12,24,jspace,ok,action,,,
0.5,0.3333333333333333,signaling,categorical,5,12,24,residual,ok,action,,,
0.5,0.3333333333333333,signaling,categorical,5,12,24,jspace,ok,action,,,
0.5833333333333334,0.4166666666666667,signaling,categorical,6,12,24,residual,ok,action,,,
0.5,0.3333333333333333,signaling,categorical,6,12,24,jspace,ok,action,,,
0.6666666666666666,0.5555555555555555,signaling,categorical,7,12,24,residual,ok,action,,,
0.5,0.3333333333333333,signaling,categorical,7,12,24,jspace,ok,action,,,
0.3333333333333333,0.3333333333333333,signaling,categorical,8,12,24,residual,ok,action,,,
0.5,0.3333333333333333,signaling,categorical,8,12,24,jspace,ok,action,,,
0.3333333333333333,0.3333333333333333,signaling,categorical,9,12,24,residual,ok,action,,,
0.5,0.3333333333333333,signaling,categorical,9,12,24,jspace,ok,action,,,
0.3333333333333333,0.3333333333333333,signaling,categorical,10,12,24,residual,ok,action,,,
0.5,0.3333333333333333,signaling,categorical,10,12,24,jspace,ok,action,,,
0.3333333333333333,0.3333333333333333,signaling,categorical,11,12,24,residual,ok,action,,,
0.5,0.3333333333333333,signaling,categorical,11,12,24,jspace,ok,action,,,
0.3333333333333333,0.3333333333333333,signaling,categorical,12,12,24,residual,ok,action,,,
0.5,0.3333333333333333,signaling,categorical,12,12,24,jspace,ok,action,,,
0.5,0.4444444444444444,signaling,categorical,13,12,24,residual,ok,action,,,
0.5,0.3333333333333333,signaling,categorical,13,12,24,jspace,ok,action,,,
0.3333333333333333,0.3333333333333333,signaling,categorical,14,12,24,residual,ok,action,,,
0.5,0.3333333333333333,signaling,categorical,14,12,24,jspace,ok,action,,,
0.3333333333333333,0.3333333333333333,signaling,categorical,15,12,24,residual,ok,action,,,
0.5,0.3333333333333333,signaling,categorical,15,12,24,jspace,ok,action,,,
0.3333333333333333,0.3333333333333333,signaling,categorical,16,12,24,residual,ok,action,,,
0.5,0.3333333333333333,signaling,categorical,16,12,24,jspace,ok,action,,,
0.3333333333333333,0.3333333333333333,signaling,categorical,17,12,24,residual,ok,action,,,
0.5,0.3333333333333333,signaling,categorical,17,12,24,jspace,ok,action,,,
0.3333333333333333,0.3333333333333333,signaling,categorical,18,12,24,residual,ok,action,,,
0.5,0.3333333333333333,signaling,categorical,18,12,24,jspace,ok,action,,,
0.3333333333333333,0.3333333333333333,signaling,categorical,19,12,24,residual,ok,action,,,
0.5,0.3333333333333333,signaling,categorical,19,12,24,jspace,ok,action,,,
0.3333333333333333,0.3333333333333333,signaling,categorical,20,12,24,residual,ok,action,,,
0.5,0.3333333333333333,signaling,categorical,20,12,24,jspace,ok,action,,,
0.3333333333333333,0.3333333333333333,signaling,categorical,21,12,24,residual,ok,action,,,
0.5,0.3333333333333333,signaling,categorical,21,12,24,jspace,ok,action,,,
0.3333333333333333,0.3333333333333333,signaling,categorical,22,12,24,residual,ok,action,,,
0.5,0.3333333333333333,signaling,categorical,22,12,24,jspace,ok,action,,,
0.4166666666666667,0.5,signaling,categorical,23,12,24,residual,ok,action,,,
0.5,0.3333333333333333,signaling,categorical,23,12,24,jspace,ok,action,,,
0.3333333333333333,0.3333333333333333,signaling,categorical,24,12,24,residual,ok,action,,,
0.5,0.3333333333333333,signaling,categorical,24,12,24,jspace,ok,action,,,
0.4166666666666667,0.5833333333333334,signaling,categorical,25,12,24,residual,ok,action,,,
0.5,0.3333333333333333,signaling,categorical,25,12,24,jspace,ok,action,,,
0.5,0.6666666666666666,signaling,categorical,26,12,24,residual,ok,action,,,
0.5,0.3333333333333333,signaling,categorical,26,12,24,jspace,ok,action,,,
0.5,0.5833333333333334,signaling,categorical,27,12,24,residual,ok,action,,,
0.5,0.3333333333333333,signaling,categorical,27,12,24,jspace,ok,action,,,
0.3333333333333333,0.4444444444444444,signaling,categorical,28,12,24,residual,ok,action,,,
0.5,0.3333333333333333,signaling,categorical,28,12,24,jspace,ok,action,,,
0.5833333333333334,0.5,signaling,categorical,29,12,24,residual,ok,action,,,
0.5,0.3333333333333333,signaling,categorical,29,12,24,jspace,ok,action,,,
0.5833333333333334,0.5,signaling,categorical,30,12,24,residual,ok,action,,,
0.5,0.3333333333333333,signaling,categorical,30,12,24,jspace,ok,action,,,
0.5,0.3333333333333333,signaling,categorical,31,12,24,residual,ok,action,,,
0.5,0.3333333333333333,signaling,categorical,31,12,24,jspace,ok,action,,,
0.75,0.6944444444444445,signaling,categorical,32,12,24,residual,ok,action,,,
0.5,0.3333333333333333,signaling,categorical,32,12,24,jspace,ok,action,,,
0.8333333333333334,0.8888888888888888,signaling,categorical,33,12,24,residual,ok,action,,,
0.5,0.3333333333333333,signaling,categorical,33,12,24,jspace,ok,action,,,
0.8333333333333334,0.8611111111111112,signaling,categorical,34,12,24,residual,ok,action,,,
0.5,0.3333333333333333,signaling,categorical,34,12,24,jspace,ok,action,,,
0.8333333333333334,0.8611111111111112,signaling,categorical,35,12,24,residual,ok,action,,,
0.5,0.3333333333333333,signaling,categorical,35,12,24,jspace,ok,action,,,
0.5833333333333334,0.5277777777777778,signaling,categorical,36,12,24,residual,ok,action,,,
0.5,0.3333333333333333,signaling,categorical,36,12,24,jspace,ok,action,,,
0.75,0.7777777777777778,signaling,categorical,37,12,24,residual,ok,action,,,
0.5,0.3333333333333333,signaling,categorical,37,12,24,jspace,ok,action,,,
0.6666666666666666,0.5833333333333334,signaling,categorical,38,12,24,residual,ok,action,,,
0.5,0.3333333333333333,signaling,categorical,38,12,24,jspace,ok,action,,,
0.8333333333333334,0.8611111111111112,signaling,categorical,39,12,24,residual,ok,action,,,
0.5,0.3333333333333333,signaling,categorical,39,12,24,jspace,ok,action,,,
0.3333333333333333,0.5,signaling,categorical,40,12,24,residual,ok,action,,,
0.5,0.3333333333333333,signaling,categorical,40,12,24,jspace,ok,action,,,
0.3333333333333333,0.5,signaling,categorical,41,12,24,residual,ok,action,,,
0.5,0.3333333333333333,signaling,categorical,41,12,24,jspace,ok,action,,,
0.16666666666666666,0.3333333333333333,signaling,categorical,42,12,24,residual,ok,action,,,
0.5,0.3333333333333333,signaling,categorical,42,12,24,jspace,ok,action,,,
0.8333333333333334,0.75,signaling,categorical,43,12,24,residual,ok,action,,,
0.5,0.3333333333333333,signaling,categorical,43,12,24,jspace,ok,action,,,
0.8333333333333334,0.75,signaling,categorical,44,12,24,residual,ok,action,,,
0.5,0.3333333333333333,signaling,categorical,44,12,24,jspace,ok,action,,,
0.75,0.7777777777777778,signaling,categorical,45,12,24,residual,ok,action,,,
0.5,0.3333333333333333,signaling,categorical,45,12,24,jspace,ok,action,,,
0.6666666666666666,0.75,signaling,categorical,46,12,24,residual,ok,action,,,
0.5,0.3333333333333333,signaling,categorical,46,12,24,jspace,ok,action,,,
0.75,0.6666666666666666,signaling,categorical,47,12,24,residual,ok,action,,,
0.5,0.3333333333333333,signaling,categorical,47,12,24,jspace,ok,action,,,
0.75,0.6666666666666666,signaling,categorical,48,12,24,residual,ok,action,,,
0.5,0.3333333333333333,signaling,categorical,48,12,24,jspace,ok,action,,,
0.6666666666666666,0.5,signaling,categorical,49,12,24,residual,ok,action,,,
0.5,0.3333333333333333,signaling,categorical,49,12,24,jspace,ok,action,,,
0.75,0.6666666666666666,signaling,categorical,50,12,24,residual,ok,action,,,
0.5,0.3333333333333333,signaling,categorical,50,12,24,jspace,ok,action,,,
0.6666666666666666,0.5,signaling,categorical,51,12,24,residual,ok,action,,,
0.5,0.3333333333333333,signaling,categorical,51,12,24,jspace,ok,action,,,
0.6666666666666666,0.5,signaling,categorical,52,12,24,residual,ok,action,,,
0.5,0.3333333333333333,signaling,categorical,52,12,24,jspace,ok,action,,,
0.6666666666666666,0.5,signaling,categorical,53,12,24,residual,ok,action,,,
0.5,0.3333333333333333,signaling,categorical,53,12,24,jspace,ok,action,,,
0.6666666666666666,0.5,signaling,categorical,54,12,24,residual,ok,action,,,
0.5,0.3333333333333333,signaling,categorical,54,12,24,jspace,ok,action,,,
0.6666666666666666,0.5,signaling,categorical,55,12,24,residual,ok,action,,,
0.5,0.3333333333333333,signaling,categorical,55,12,24,jspace,ok,action,,,
0.6666666666666666,0.5,signaling,categorical,56,12,24,residual,ok,action,,,
0.5,0.3333333333333333,signaling,categorical,56,12,24,jspace,ok,action,,,
0.6666666666666666,0.5,signaling,categorical,57,12,24,residual,ok,action,,,
0.5,0.3333333333333333,signaling,categorical,57,12,24,jspace,ok,action,,,
0.6666666666666666,0.5,signaling,categorical,58,12,24,residual,ok,action,,,
0.5,0.3333333333333333,signaling,categorical,58,12,24,jspace,ok,action,,,
0.6666666666666666,0.5,signaling,categorical,59,12,24,residual,ok,action,,,
0.5,0.3333333333333333,signaling,categorical,59,12,24,jspace,ok,action,,,
0.6666666666666666,0.5,signaling,categorical,60,12,24,residual,ok,action,,,
0.5,0.3333333333333333,signaling,categorical,60,12,24,jspace,ok,action,,,
0.6666666666666666,0.5,signaling,categorical,61,12,24,residual,ok,action,,,
0.5,0.3333333333333333,signaling,categorical,61,12,24,jspace,ok,action,,,
0.75,0.5833333333333334,signaling,categorical,62,12,24,residual,ok,action,,,
0.5,0.3333333333333333,signaling,categorical,62,12,24,jspace,ok,action,,,
,,signaling,scalar,-1,12,24,output,ok,belief,0.6624841677808254,0.2668844709793727,0.11371829781488418
,,signaling,scalar,0,12,24,residual,ok,belief,0.8176940498375862,0.1935953920086225,0.5112777336350453
,,signaling,scalar,0,12,24,jspace,ok,belief,0.1378610870111228,0.27771077071878375,0.0016957008055947798
,,signaling,scalar,1,12,24,residual,ok,belief,0.9219694311954673,0.23998299861947694,0.3114348136808446
,,signaling,scalar,1,12,24,jspace,ok,belief,0.43986150075440456,0.27731812568786995,0.002318831387536857
,,signaling,scalar,2,12,24,residual,ok,belief,0.9458913069566476,0.6491007755200068,-2.784291866690974
,,signaling,scalar,2,12,24,jspace,ok,belief,-0.27448296284102963,0.2778098221264256,-3.085380292366935e-06
,,signaling,scalar,3,12,24,residual,ok,belief,0.9163937995485113,0.7057466854651769,-3.4777599444355234
,,signaling,scalar,3,12,24,jspace,ok,belief,0.3316647580163188,0.2777922345117058,0.00023829126256291744
,,signaling,scalar,4,12,24,residual,ok,belief,0.7936331889966457,1.0491727789243062,-8.694789366128736
,,signaling,scalar,4,12,24,jspace,ok,belief,0.32970935561125647,0.27793708100082726,0.00023658068295562273
,,signaling,scalar,5,12,24,residual,ok,belief,0.8321533311873285,1.0359473874171574,-8.408868670228086
,,signaling,scalar,5,12,24,jspace,ok,belief,-0.6697693277746417,0.27803651827882286,-0.0028676467563233388
,,signaling,scalar,6,12,24,residual,ok,belief,0.837725578926369,1.178639347354571,-11.075568943694291
,,signaling,scalar,6,12,24,jspace,ok,belief,0.18516194412260312,0.27773599544229527,4.0859775026769185e-06
,,signaling,scalar,7,12,24,residual,ok,belief,0.9268062676558815,1.5302471319834392,-19.020089464013477
,,signaling,scalar,7,12,24,jspace,ok,belief,0.6818074493685851,0.27771648722416636,0.0012548599228869861
,,signaling,scalar,8,12,24,residual,ok,belief,0.9516606152795514,1.5587208370367687,-19.69724185733644
,,signaling,scalar,8,12,24,jspace,ok,belief,0.21012850997769764,0.27777179635070276,3.5724204425768846e-06
,,signaling,scalar,9,12,24,residual,ok,belief,0.9562537355445422,1.3165103644132614,-13.817666914198874
,,signaling,scalar,9,12,24,jspace,ok,belief,0.07405117623495558,0.2777389112731481,1.4556690503986225e-05
,,signaling,scalar,10,12,24,residual,ok,belief,0.914849267316338,1.462433934211731,-17.298836199375305
,,signaling,scalar,10,12,24,jspace,ok,belief,-0.06296350398511805,0.27760015352363965,-1.4312091475732203e-05
,,signaling,scalar,11,12,24,residual,ok,belief,0.8519626577802809,1.5616130034128826,-19.932204952693397
,,signaling,scalar,11,12,24,jspace,ok,belief,-0.3920510563054424,0.27783478824736674,-8.692656814068833e-05
,,signaling,scalar,12,12,24,residual,ok,belief,0.8085452024650148,0.5580841389795145,-1.9901229210156894
,,signaling,scalar,12,12,24,jspace,ok,belief,-0.1564776697795593,0.27772624919543215,-1.6317052709213797e-05
,,signaling,scalar,13,12,24,residual,ok,belief,0.7260742005681013,0.6291345432400703,-2.8266148298266716
,,signaling,scalar,13,12,24,jspace,ok,belief,0.4170240362058065,0.2769087090698,0.002328743059853533
,,signaling,scalar,14,12,24,residual,ok,belief,0.6632577852211169,1.0798998524745305,-9.439213992704877
,,signaling,scalar,14,12,24,jspace,ok,belief,0.3056593780366402,0.27730165247527144,8.702704471796885e-05
,,signaling,scalar,15,12,24,residual,ok,belief,0.8005914663438929,1.8117012580235798,-27.164173907516272
,,signaling,scalar,15,12,24,jspace,ok,belief,0.17666196951622032,0.27783029091197514,4.188195069498857e-05
,,signaling,scalar,16,12,24,residual,ok,belief,0.7873485815377858,1.4443098107973735,-17.08032619527232
,,signaling,scalar,16,12,24,jspace,ok,belief,-0.05174329162697964,0.27785925069468875,-4.367097974911083e-05
,,signaling,scalar,17,12,24,residual,ok,belief,0.8767081285688536,1.5267049570878346,-19.059694585779532
,,signaling,scalar,17,12,24,jspace,ok,belief,0.051589812976656685,0.2780943249028547,5.1747813865854475e-05
,,signaling,scalar,18,12,24,residual,ok,belief,0.8442895223641278,1.2143695478638012,-11.819128920390849
,,signaling,scalar,18,12,24,jspace,ok,belief,0.261533225181462,0.277819736485811,0.00021880423723086295
,,signaling,scalar,19,12,24,residual,ok,belief,0.7531171027224883,0.7467803806066513,-4.180711700192531
,,signaling,scalar,19,12,24,jspace,ok,belief,0.44530982626688653,0.2777548912448478,2.1355573832648744e-05
,,signaling,scalar,20,12,24,residual,ok,belief,0.8047467104755042,0.6681095336874326,-3.1438427418507455
,,signaling,scalar,20,12,24,jspace,ok,belief,0.2465295956935983,0.2777725961774423,5.217522012879172e-06
,,signaling,scalar,21,12,24,residual,ok,belief,0.835903893155412,0.6552767107884089,-2.954235035050089
,,signaling,scalar,21,12,24,jspace,ok,belief,0.5051464890614883,0.2755118001094343,0.0029915604305660315
,,signaling,scalar,22,12,24,residual,ok,belief,0.7865019884753757,0.5329263086120287,-1.7871809570978856
,,signaling,scalar,22,12,24,jspace,ok,belief,0.5561813946195213,0.2818551178037426,-0.0012377634922076108
,,signaling,scalar,23,12,24,residual,ok,belief,0.851603663044709,0.26118122786283493,0.2697313803515038
,,signaling,scalar,23,12,24,jspace,ok,belief,-0.017636387759101816,0.2771115427304882,-3.627889237645121e-05
,,signaling,scalar,24,12,24,residual,ok,belief,0.8651319528504535,0.19555534049868584,0.5336517589384742
,,signaling,scalar,24,12,24,jspace,ok,belief,0.2779617714757781,0.2778144004653109,2.1647233100496877e-06
,,signaling,scalar,25,12,24,residual,ok,belief,0.8578779626114144,0.16241110612948736,0.6037053800807417
,,signaling,scalar,25,12,24,jspace,ok,belief,-0.6620665105293092,0.275680647053865,-0.00035861605778175765
,,signaling,scalar,26,12,24,residual,ok,belief,0.8342859795600722,0.16768916696310043,0.654728220807319
,,signaling,scalar,26,12,24,jspace,ok,belief,0.008136694790686957,0.277769341300951,2.185527852138769e-06
,,signaling,scalar,27,12,24,residual,ok,belief,0.8423069881322426,0.35036547233661014,-0.3530026824664916
,,signaling,scalar,27,12,24,jspace,ok,belief,-0.19042207818982523,0.2777548157270042,-7.3089538032977686e-06
,,signaling,scalar,28,12,24,residual,ok,belief,0.7938165700784944,0.5775760561227798,-2.200158413637487
,,signaling,scalar,28,12,24,jspace,ok,belief,0.5168028777382355,0.27777294202235187,2.4856607974910183e-05
,,signaling,scalar,29,12,24,residual,ok,belief,0.7835795660933826,0.5681665192047755,-2.1239195400517885
,,signaling,scalar,29,12,24,jspace,ok,belief,-0.11655632123254826,0.27777730551948865,-2.334486782507028e-05
,,signaling,scalar,30,12,24,residual,ok,belief,0.7605818548133092,0.4497369776169459,-1.1385178106959346
,,signaling,scalar,30,12,24,jspace,ok,belief,0.4115849165144025,0.27571797024423467,-8.185951056871588e-05
,,signaling,scalar,31,12,24,residual,ok,belief,0.735275403867262,0.33407973994811374,-0.40699762996166977
,,signaling,scalar,31,12,24,jspace,ok,belief,-0.09788788673224012,0.2777765513239357,-1.4751066828466719e-05
,,signaling,scalar,32,12,24,residual,ok,belief,0.8065194106625547,0.23432227472464243,0.23411869574254274
,,signaling,scalar,32,12,24,jspace,ok,belief,0.23228869618701176,0.27745051805541404,0.0005732140772403138
,,signaling,scalar,33,12,24,residual,ok,belief,0.8568512245751935,0.22867241750160852,0.28879387694412395
,,signaling,scalar,33,12,24,jspace,ok,belief,0.16305228130885357,0.2778681890540514,0.0013785349893156162
,,signaling,scalar,34,12,24,residual,ok,belief,0.8061309966031182,0.21206032733122507,0.4170529076858638
,,signaling,scalar,34,12,24,jspace,ok,belief,-0.15025967985554392,0.27777371766916265,-1.810782286026935e-05
,,signaling,scalar,35,12,24,residual,ok,belief,0.8877316815061841,0.1727300894757112,0.6580838782117946
,,signaling,scalar,35,12,24,jspace,ok,belief,0.01265751677753198,0.2776973974149331,2.053940656887576e-06
,,signaling,scalar,36,12,24,residual,ok,belief,0.8090892763970251,0.20540118341644606,0.4916740699252993
,,signaling,scalar,36,12,24,jspace,ok,belief,-0.08044357429983848,0.2777657467931483,-1.0794325236318514e-05
,,signaling,scalar,37,12,24,residual,ok,belief,0.8524026251713214,0.2505235398809115,0.2707674178233722
,,signaling,scalar,37,12,24,jspace,ok,belief,0.0935284705527903,0.27777094353435294,1.0895144286204861e-05
,,signaling,scalar,38,12,24,residual,ok,belief,0.8278738622059729,0.3363312731186549,-0.3202481918656912
,,signaling,scalar,38,12,24,jspace,ok,belief,-0.4440975566872263,0.27778891689183943,-6.163369530143292e-05
,,signaling,scalar,39,12,24,residual,ok,belief,0.8699144572605063,0.25321536014477414,0.2938109804103567
,,signaling,scalar,39,12,24,jspace,ok,belief,-0.2790253549766628,0.2777769654853755,-4.9732661106860476e-05
,,signaling,scalar,40,12,24,residual,ok,belief,0.8407487237211966,0.2580631598830223,0.28025134465046886
,,signaling,scalar,40,12,24,jspace,ok,belief,0.3488106281944772,0.2777291315053182,0.00011384557677907026
,,signaling,scalar,41,12,24,residual,ok,belief,0.8860261764067084,0.22134680797656378,0.47394167440419943
,,signaling,scalar,41,12,24,jspace,ok,belief,0.019308192321564274,0.2777459200822545,4.910604933239249e-06
,,signaling,scalar,42,12,24,residual,ok,belief,0.819979198314036,0.30180663367112476,0.04352265099239638
,,signaling,scalar,42,12,24,jspace,ok,belief,-0.34789369743539195,0.2776874760684197,-0.00013059228889389374
,,signaling,scalar,43,12,24,residual,ok,belief,0.8120170668813161,0.25133348380525905,0.36801878162961355
,,signaling,scalar,43,12,24,jspace,ok,belief,0.5587444047130576,0.2662167807327557,0.00678227518893515
,,signaling,scalar,44,12,24,residual,ok,belief,0.7701815582601398,0.44001542528470355,-0.9551122394168736
,,signaling,scalar,44,12,24,jspace,ok,belief,0.05200616806708007,0.2778172645972895,0.00011905692874536467
,,signaling,scalar,45,12,24,residual,ok,belief,0.6815571851738538,0.47834137082099915,-1.3444471495010433
,,signaling,scalar,45,12,24,jspace,ok,belief,-0.29945560325227333,0.2777224246259177,-0.0011872416637508376
,,signaling,scalar,46,12,24,residual,ok,belief,0.6382264113868348,0.37612550954024,-0.5164503552987998
,,signaling,scalar,46,12,24,jspace,ok,belief,0.30944008036383996,0.2777872821254133,0.00029957738451946714
,,signaling,scalar,47,12,24,residual,ok,belief,0.7517837316997142,0.21903963014483452,0.3986281432745826
,,signaling,scalar,47,12,24,jspace,ok,belief,0.69153705232649,0.2683922280514109,0.010201918105034569
,,signaling,scalar,48,12,24,residual,ok,belief,0.7732815068150917,0.20571535701553026,0.4198954640146255
,,signaling,scalar,48,12,24,jspace,ok,belief,0.010773618857817344,0.2773514725576334,3.724582238484597e-05
,,signaling,scalar,49,12,24,residual,ok,belief,0.7847469934970743,0.2008862073222796,0.4532690518380572
,,signaling,scalar,49,12,24,jspace,ok,belief,0.480282446668887,0.2773210739384955,0.002372789429903821
,,signaling,scalar,50,12,24,residual,ok,belief,0.6968652933324158,0.214735838274161,0.44291426772811326
,,signaling,scalar,50,12,24,jspace,ok,belief,0.1754094123890997,0.2776305648269035,0.0004755370773066314
,,signaling,scalar,51,12,24,residual,ok,belief,0.7694054581653261,0.17478044827779135,0.5728955276798113
,,signaling,scalar,51,12,24,jspace,ok,belief,0.27938041996796104,0.27733382572457216,0.0023993423299498717
,,signaling,scalar,52,12,24,residual,ok,belief,0.7512838718759848,0.19894381240010262,0.5131564889839606
,,signaling,scalar,52,12,24,jspace,ok,belief,0.6742702221895845,0.277574725300659,0.0024012522754328636
,,signaling,scalar,53,12,24,residual,ok,belief,0.7412033931997248,0.21809046218792597,0.426968074235181
,,signaling,scalar,53,12,24,jspace,ok,belief,0.66836020909785,0.27751650313515236,0.002793565952628696
,,signaling,scalar,54,12,24,residual,ok,belief,0.7464170864017132,0.1999946633974711,0.5060868514107509
,,signaling,scalar,54,12,24,jspace,ok,belief,0.7617052790602757,0.27667049975012825,0.0033199250277320402
,,signaling,scalar,55,12,24,residual,ok,belief,0.7761641927708204,0.18218797942002615,0.5287230162062051
,,signaling,scalar,55,12,24,jspace,ok,belief,0.5356526924171758,0.2723387334602942,0.014145351011925933
,,signaling,scalar,56,12,24,residual,ok,belief,0.7600238043748639,0.19317173336942992,0.5307380869819646
,,signaling,scalar,56,12,24,jspace,ok,belief,0.5461987115333232,0.27089814378392646,0.020436764097755078
,,signaling,scalar,57,12,24,residual,ok,belief,0.774170960275018,0.2017133372525374,0.5190264397063704
,,signaling,scalar,57,12,24,jspace,ok,belief,0.5012778004696022,0.26805820906281275,0.031360605149583165
,,signaling,scalar,58,12,24,residual,ok,belief,0.7723820992972249,0.20679346968730292,0.4946965472076613
,,signaling,scalar,58,12,24,jspace,ok,belief,0.37310470491026726,0.2555481330907919,0.053216583464233747
,,signaling,scalar,59,12,24,residual,ok,belief,0.7834044877559989,0.2040450212856134,0.4869234030072839
,,signaling,scalar,59,12,24,jspace,ok,belief,0.36655958057635496,0.2742444600515448,0.005794121367569183
,,signaling,scalar,60,12,24,residual,ok,belief,0.8012219595665455,0.22944541399677595,0.4293151358417743
,,signaling,scalar,60,12,24,jspace,ok,belief,0.6133481761691798,0.2761399811943515,0.008162491420644735
,,signaling,scalar,61,12,24,residual,ok,belief,0.8090327406813164,0.2505436564485232,0.37190527093313086
,,signaling,scalar,61,12,24,jspace,ok,belief,0.6479735945648495,0.2702889068264562,0.05939611596125738
,,signaling,scalar,62,12,24,residual,ok,belief,0.8042339512478579,0.19258549436926842,0.5506354457898209
,,signaling,scalar,62,12,24,jspace,ok,belief,0.5783390400385938,0.27580972860386904,0.04818287991701764
,,signaling,scalar,-1,12,24,output,ok,objective,0.6624841677808254,1.0675378839174907,0.11371829781488418
,,signaling,scalar,0,12,24,residual,ok,objective,0.8176940498375862,0.77438156803449,0.5112777336350453
,,signaling,scalar,0,12,24,jspace,ok,objective,0.1378610870111228,1.110843082875135,0.0016957008055947798
,,signaling,scalar,1,12,24,residual,ok,objective,0.9219694311954673,0.9599319944779078,0.3114348136808446
,,signaling,scalar,1,12,24,jspace,ok,objective,0.43986150075440456,1.1092725027514798,0.002318831387536857
,,signaling,scalar,2,12,24,residual,ok,objective,0.9458913069566476,2.596403102080027,-2.784291866690974
,,signaling,scalar,2,12,24,jspace,ok,objective,-0.27448296284102963,1.1112392885057023,-3.085380292366935e-06
,,signaling,scalar,3,12,24,residual,ok,objective,0.9163937995485113,2.8229867418607077,-3.4777599444355234
,,signaling,scalar,3,12,24,jspace,ok,objective,0.3316647580163188,1.1111689380468233,0.00023829126256291744
,,signaling,scalar,4,12,24,residual,ok,objective,0.7936331889966457,4.196691115697225,-8.694789366128736
,,signaling,scalar,4,12,24,jspace,ok,objective,0.32970935561125647,1.111748324003309,0.00023658068295562273
,,signaling,scalar,5,12,24,residual,ok,objective,0.8321533311873285,4.14378954966863,-8.408868670228086
,,signaling,scalar,5,12,24,jspace,ok,objective,-0.6697693277746417,1.1121460731152915,-0.0028676467563233388
,,signaling,scalar,6,12,24,residual,ok,objective,0.837725578926369,4.714557389418284,-11.075568943694291
,,signaling,scalar,6,12,24,jspace,ok,objective,0.18516194412260312,1.110943981769181,4.0859775026769185e-06
,,signaling,scalar,7,12,24,residual,ok,objective,0.9268062676558815,6.120988527933757,-19.020089464013477
,,signaling,scalar,7,12,24,jspace,ok,objective,0.6818074493685851,1.1108659488966655,0.0012548599228869861
,,signaling,scalar,8,12,24,residual,ok,objective,0.9516606152795514,6.234883348147075,-19.69724185733644
,,signaling,scalar,8,12,24,jspace,ok,objective,0.21012850997769764,1.111087185402811,3.5724204425768846e-06
,,signaling,scalar,9,12,24,residual,ok,objective,0.9562537355445422,5.266041457653046,-13.817666914198874
,,signaling,scalar,9,12,24,jspace,ok,objective,0.07405117623495558,1.1109556450925924,1.4556690503986225e-05
,,signaling,scalar,10,12,24,residual,ok,objective,0.914849267316338,5.849735736846924,-17.298836199375305
,,signaling,scalar,10,12,24,jspace,ok,objective,-0.06296350398511805,1.1104006140945586,-1.4312091475732203e-05
,,signaling,scalar,11,12,24,residual,ok,objective,0.8519626577802809,6.24645201365153,-19.932204952693397
,,signaling,scalar,11,12,24,jspace,ok,objective,-0.3920510563054424,1.111339152989467,-8.692656814068833e-05
,,signaling,scalar,12,12,24,residual,ok,objective,0.8085452024650148,2.232336555918058,-1.9901229210156894
,,signaling,scalar,12,12,24,jspace,ok,objective,-0.1564776697795593,1.1109049967817286,-1.6317052709213797e-05
,,signaling,scalar,13,12,24,residual,ok,objective,0.7260742005681013,2.5165381729602814,-2.8266148298266716
,,signaling,scalar,13,12,24,jspace,ok,objective,0.4170240362058065,1.1076348362792,0.002328743059853533
,,signaling,scalar,14,12,24,residual,ok,objective,0.6632577852211169,4.319599409898122,-9.439213992704877
,,signaling,scalar,14,12,24,jspace,ok,objective,0.3056593780366402,1.1092066099010858,8.702704471796885e-05
,,signaling,scalar,15,12,24,residual,ok,objective,0.8005914663438929,7.246805032094319,-27.164173907516272
,,signaling,scalar,15,12,24,jspace,ok,objective,0.17666196951622032,1.1113211636479006,4.188195069498857e-05
,,signaling,scalar,16,12,24,residual,ok,objective,0.7873485815377858,5.777239243189494,-17.08032619527232
,,signaling,scalar,16,12,24,jspace,ok,objective,-0.05174329162697964,1.111437002778755,-4.367097974911083e-05
,,signaling,scalar,17,12,24,residual,ok,objective,0.8767081285688536,6.106819828351338,-19.059694585779532
,,signaling,scalar,17,12,24,jspace,ok,objective,0.051589812976656685,1.1123772996114187,5.1747813865854475e-05
,,signaling,scalar,18,12,24,residual,ok,objective,0.8442895223641278,4.857478191455205,-11.819128920390849
,,signaling,scalar,18,12,24,jspace,ok,objective,0.261533225181462,1.111278945943244,0.00021880423723086295
,,signaling,scalar,19,12,24,residual,ok,objective,0.7531171027224883,2.9871215224266052,-4.180711700192531
,,signaling,scalar,19,12,24,jspace,ok,objective,0.44530982626688653,1.1110195649793912,2.1355573832648744e-05
,,signaling,scalar,20,12,24,residual,ok,objective,0.8047467104755042,2.6724381347497306,-3.1438427418507455
,,signaling,scalar,20,12,24,jspace,ok,objective,0.2465295956935983,1.1110903847097693,5.217522012879172e-06
,,signaling,scalar,21,12,24,residual,ok,objective,0.835903893155412,2.6211068431536355,-2.954235035050089
,,signaling,scalar,21,12,24,jspace,ok,objective,0.5051464890614883,1.1020472004377373,0.0029915604305660315
,,signaling,scalar,22,12,24,residual,ok,objective,0.7865019884753757,2.131705234448115,-1.7871809570978856
,,signaling,scalar,22,12,24,jspace,ok,objective,0.5561813946195213,1.1274204712149705,-0.0012377634922076108
,,signaling,scalar,23,12,24,residual,ok,objective,0.851603663044709,1.0447249114513397,0.2697313803515038
,,signaling,scalar,23,12,24,jspace,ok,objective,-0.017636387759101816,1.1084461709219529,-3.627889237645121e-05
,,signaling,scalar,24,12,24,residual,ok,objective,0.8651319528504535,0.7822213619947433,0.5336517589384742
,,signaling,scalar,24,12,24,jspace,ok,objective,0.2779617714757781,1.1112576018612437,2.1647233100496877e-06
,,signaling,scalar,25,12,24,residual,ok,objective,0.8578779626114144,0.6496444245179495,0.6037053800807417
,,signaling,scalar,25,12,24,jspace,ok,objective,-0.6620665105293092,1.10272258821546,-0.00035861605778175765
,,signaling,scalar,26,12,24,residual,ok,objective,0.8342859795600722,0.6707566678524017,0.654728220807319
,,signaling,scalar,26,12,24,jspace,ok,objective,0.008136694790686957,1.111077365203804,2.185527852138769e-06
,,signaling,scalar,27,12,24,residual,ok,objective,0.8423069881322426,1.4014618893464406,-0.3530026824664916
,,signaling,scalar,27,12,24,jspace,ok,objective,-0.19042207818982523,1.111019262908017,-7.3089538032977686e-06
,,signaling,scalar,28,12,24,residual,ok,objective,0.7938165700784944,2.3103042244911194,-2.200158413637487
,,signaling,scalar,28,12,24,jspace,ok,objective,0.5168028777382355,1.1110917680894075,2.4856607974910183e-05
,,signaling,scalar,29,12,24,residual,ok,objective,0.7835795660933826,2.272666076819102,-2.1239195400517885
,,signaling,scalar,29,12,24,jspace,ok,objective,-0.11655632123254826,1.1111092220779546,-2.334486782507028e-05
,,signaling,scalar,30,12,24,residual,ok,objective,0.7605818548133092,1.7989479104677837,-1.1385178106959346
,,signaling,scalar,30,12,24,jspace,ok,objective,0.4115849165144025,1.1028718809769387,-8.185951056871588e-05
,,signaling,scalar,31,12,24,residual,ok,objective,0.735275403867262,1.336318959792455,-0.40699762996166977
,,signaling,scalar,31,12,24,jspace,ok,objective,-0.09788788673224012,1.1111062052957428,-1.4751066828466719e-05
,,signaling,scalar,32,12,24,residual,ok,objective,0.8065194106625547,0.9372890988985697,0.23411869574254274
,,signaling,scalar,32,12,24,jspace,ok,objective,0.23228869618701176,1.1098020722216562,0.0005732140772403138
,,signaling,scalar,33,12,24,residual,ok,objective,0.8568512245751935,0.9146896700064341,0.28879387694412395
,,signaling,scalar,33,12,24,jspace,ok,objective,0.16305228130885357,1.1114727562162057,0.0013785349893156162
,,signaling,scalar,34,12,24,residual,ok,objective,0.8061309966031182,0.8482413093249003,0.4170529076858638
,,signaling,scalar,34,12,24,jspace,ok,objective,-0.15025967985554392,1.1110948706766506,-1.810782286026935e-05
,,signaling,scalar,35,12,24,residual,ok,objective,0.8877316815061841,0.6909203579028448,0.6580838782117946
,,signaling,scalar,35,12,24,jspace,ok,objective,0.01265751677753198,1.1107895896597324,2.053940656887576e-06
,,signaling,scalar,36,12,24,residual,ok,objective,0.8090892763970251,0.8216047336657842,0.4916740699252993
,,signaling,scalar,36,12,24,jspace,ok,objective,-0.08044357429983848,1.1110629871725932,-1.0794325236318514e-05
,,signaling,scalar,37,12,24,residual,ok,objective,0.8524026251713214,1.002094159523646,0.2707674178233722
,,signaling,scalar,37,12,24,jspace,ok,objective,0.0935284705527903,1.1110837741374118,1.0895144286204861e-05
,,signaling,scalar,38,12,24,residual,ok,objective,0.8278738622059729,1.3453250924746196,-0.3202481918656912
,,signaling,scalar,38,12,24,jspace,ok,objective,-0.4440975566872263,1.1111556675673577,-6.163369530143292e-05
,,signaling,scalar,39,12,24,residual,ok,objective,0.8699144572605063,1.0128614405790966,0.2938109804103567
,,signaling,scalar,39,12,24,jspace,ok,objective,-0.2790253549766628,1.111107861941502,-4.9732661106860476e-05
,,signaling,scalar,40,12,24,residual,ok,objective,0.8407487237211966,1.0322526395320892,0.28025134465046886
,,signaling,scalar,40,12,24,jspace,ok,objective,0.3488106281944772,1.1109165260212728,0.00011384557677907026
,,signaling,scalar,41,12,24,residual,ok,objective,0.8860261764067084,0.8853872319062551,0.47394167440419943
,,signaling,scalar,41,12,24,jspace,ok,objective,0.019308192321564274,1.110983680329018,4.910604933239249e-06
,,signaling,scalar,42,12,24,residual,ok,objective,0.819979198314036,1.207226534684499,0.04352265099239638
,,signaling,scalar,42,12,24,jspace,ok,objective,-0.34789369743539195,1.1107499042736788,-0.00013059228889389374
,,signaling,scalar,43,12,24,residual,ok,objective,0.8120170668813161,1.0053339352210362,0.36801878162961355
,,signaling,scalar,43,12,24,jspace,ok,objective,0.5587444047130576,1.0648671229310227,0.00678227518893515
,,signaling,scalar,44,12,24,residual,ok,objective,0.7701815582601398,1.7600617011388142,-0.9551122394168736
,,signaling,scalar,44,12,24,jspace,ok,objective,0.05200616806708007,1.111269058389158,0.00011905692874536467
,,signaling,scalar,45,12,24,residual,ok,objective,0.6815571851738538,1.9133654832839966,-1.3444471495010433
,,signaling,scalar,45,12,24,jspace,ok,objective,-0.29945560325227333,1.1108896985036707,-0.0011872416637508376
,,signaling,scalar,46,12,24,residual,ok,objective,0.6382264113868348,1.50450203816096,-0.5164503552987998
,,signaling,scalar,46,12,24,jspace,ok,objective,0.30944008036383996,1.1111491285016533,0.00029957738451946714
,,signaling,scalar,47,12,24,residual,ok,objective,0.7517837316997142,0.8761585205793381,0.3986281432745826
,,signaling,scalar,47,12,24,jspace,ok,objective,0.69153705232649,1.0735689122056435,0.010201918105034569
,,signaling,scalar,48,12,24,residual,ok,objective,0.7732815068150917,0.822861428062121,0.4198954640146255
,,signaling,scalar,48,12,24,jspace,ok,objective,0.010773618857817344,1.1094058902305337,3.724582238484597e-05
,,signaling,scalar,49,12,24,residual,ok,objective,0.7847469934970743,0.8035448292891184,0.4532690518380572
,,signaling,scalar,49,12,24,jspace,ok,objective,0.480282446668887,1.109284295753982,0.002372789429903821
,,signaling,scalar,50,12,24,residual,ok,objective,0.6968652933324158,0.858943353096644,0.44291426772811326
,,signaling,scalar,50,12,24,jspace,ok,objective,0.1754094123890997,1.110522259307614,0.0004755370773066314
,,signaling,scalar,51,12,24,residual,ok,objective,0.7694054581653261,0.6991217931111654,0.5728955276798113
,,signaling,scalar,51,12,24,jspace,ok,objective,0.27938041996796104,1.1093353028982886,0.0023993423299498717
,,signaling,scalar,52,12,24,residual,ok,objective,0.7512838718759848,0.7957752496004105,0.5131564889839606
,,signaling,scalar,52,12,24,jspace,ok,objective,0.6742702221895845,1.110298901202636,0.0024012522754328636
,,signaling,scalar,53,12,24,residual,ok,objective,0.7412033931997248,0.8723618487517039,0.426968074235181
,,signaling,scalar,53,12,24,jspace,ok,objective,0.66836020909785,1.1100660125406094,0.002793565952628696
,,signaling,scalar,54,12,24,residual,ok,objective,0.7464170864017132,0.7999786535898844,0.5060868514107509
,,signaling,scalar,54,12,24,jspace,ok,objective,0.7617052790602757,1.106681999000513,0.0033199250277320402
,,signaling,scalar,55,12,24,residual,ok,objective,0.7761641927708204,0.7287519176801046,0.5287230162062051
,,signaling,scalar,55,12,24,jspace,ok,objective,0.5356526924171758,1.0893549338411768,0.014145351011925933
,,signaling,scalar,56,12,24,residual,ok,objective,0.7600238043748639,0.7726869334777197,0.5307380869819646
,,signaling,scalar,56,12,24,jspace,ok,objective,0.5461987115333232,1.0835925751357058,0.020436764097755078
,,signaling,scalar,57,12,24,residual,ok,objective,0.774170960275018,0.8068533490101496,0.5190264397063704
,,signaling,scalar,57,12,24,jspace,ok,objective,0.5012778004696022,1.072232836251251,0.031360605149583165
,,signaling,scalar,58,12,24,residual,ok,objective,0.7723820992972249,0.8271738787492117,0.4946965472076613
,,signaling,scalar,58,12,24,jspace,ok,objective,0.37310470491026726,1.0221925323631675,0.053216583464233747
,,signaling,scalar,59,12,24,residual,ok,objective,0.7834044877559989,0.8161800851424535,0.4869234030072839
,,signaling,scalar,59,12,24,jspace,ok,objective,0.36655958057635496,1.0969778402061792,0.005794121367569183
,,signaling,scalar,60,12,24,residual,ok,objective,0.8012219595665455,0.9177816559871038,0.4293151358417743
,,signaling,scalar,60,12,24,jspace,ok,objective,0.6133481761691798,1.104559924777406,0.008162491420644735
,,signaling,scalar,61,12,24,residual,ok,objective,0.8090327406813164,1.0021746257940929,0.37190527093313086
,,signaling,scalar,61,12,24,jspace,ok,objective,0.6479735945648495,1.0811556273058247,0.05939611596125738
,,signaling,scalar,62,12,24,residual,ok,objective,0.8042339512478579,0.7703419774770737,0.5506354457898209
,,signaling,scalar,62,12,24,jspace,ok,objective,0.5783390400385938,1.1032389144154762,0.04818287991701764
,,signaling,scalar,-1,12,24,output,ok,value_margin,0.4150998006745809,0.4478639594713849,0.049461572937530174
,,signaling,scalar,0,12,24,residual,ok,value_margin,0.8716110369236572,0.5554442807038625,-0.31545179071650753
,,signaling,scalar,0,12,24,jspace,ok,value_margin,-0.2766506345308456,0.46169903165999643,-0.00016920350381588456
,,signaling,scalar,1,12,24,residual,ok,value_margin,0.8585611396543389,1.4029785788059232,-5.785419300042444
,,signaling,scalar,1,12,24,jspace,ok,value_margin,0.16719103566106175,0.46168126221635636,0.0009702167319749488
,,signaling,scalar,2,12,24,residual,ok,value_margin,0.9222299231864299,0.9553063706556956,-2.244332920546181
,,signaling,scalar,2,12,24,jspace,ok,value_margin,0.004143779906863693,0.4616673859155865,5.02318869832763e-08
,,signaling,scalar,3,12,24,residual,ok,value_margin,0.771851945589652,0.46676155120134366,-0.09507987593041523
,,signaling,scalar,3,12,24,jspace,ok,value_margin,-0.27489397141955646,0.46168446893445897,-3.764250642346312e-05
,,signaling,scalar,4,12,24,residual,ok,value_margin,0.7957871796443664,0.7291955281297366,-1.1543232461727153
,,signaling,scalar,4,12,24,jspace,ok,value_margin,-0.11884640559168642,0.46167345712472935,-0.00013236424388685109
,,signaling,scalar,5,12,24,residual,ok,value_margin,0.7972788347511898,0.2996402955055238,0.5148140535703007
,,signaling,scalar,5,12,24,jspace,ok,value_margin,0.3867225573441431,0.46084296441310296,0.0025745047636759333
,,signaling,scalar,6,12,24,residual,ok,value_margin,0.7536016256123647,0.3877348516384762,0.15275099115231938
,,signaling,scalar,6,12,24,jspace,ok,value_margin,-0.010594505616633063,0.4616659668056317,-1.4552568028403101e-06
,,signaling,scalar,7,12,24,residual,ok,value_margin,0.8347734236140829,0.3565347781777383,0.3530479861377681
,,signaling,scalar,7,12,24,jspace,ok,value_margin,0.34712223767591954,0.461615305214254,0.0001376015374299211
,,signaling,scalar,8,12,24,residual,ok,value_margin,0.8767465765665503,0.9465651019414266,-2.241352890255623
,,signaling,scalar,8,12,24,jspace,ok,value_margin,-0.6084346142805082,0.4616759653984779,-2.684170798716856e-05
,,signaling,scalar,9,12,24,residual,ok,value_margin,0.8422691209990317,1.7593113634983701,-9.536381593711607
,,signaling,scalar,9,12,24,jspace,ok,value_margin,-0.10877271621299243,0.4616979252007624,-6.018131954554917e-05
,,signaling,scalar,10,12,24,residual,ok,value_margin,0.8038019563934931,2.329341044425964,-17.29416840169627
,,signaling,scalar,10,12,24,jspace,ok,value_margin,0.21164516623144394,0.4616667754799894,3.591350351239697e-05
,,signaling,scalar,11,12,24,residual,ok,value_margin,0.7584839025203425,0.8290424897273382,-1.716372589564095
,,signaling,scalar,11,12,24,jspace,ok,value_margin,0.5573739395166744,0.4616508412135638,9.066029773352469e-05
,,signaling,scalar,12,12,24,residual,ok,value_margin,0.7178873545992404,4.472469399770101,-65.45893211015516
,,signaling,scalar,12,12,24,jspace,ok,value_margin,0.449137568566212,0.4616652691578606,3.6733353057538665e-05
,,signaling,scalar,13,12,24,residual,ok,value_margin,0.7275705660299511,4.085886786778768,-54.54767935032473
,,signaling,scalar,13,12,24,jspace,ok,value_margin,0.31035624030953074,0.4613478180064337,0.0015526976438189344
,,signaling,scalar,14,12,24,residual,ok,value_margin,0.6628662713775377,4.377446840604146,-62.74316392883061
,,signaling,scalar,14,12,24,jspace,ok,value_margin,0.6548203564778939,0.46158798839334825,0.0003735208741052487
,,signaling,scalar,15,12,24,residual,ok,value_margin,0.5402729789075092,3.91584490776062,-50.24733454888428
,,signaling,scalar,15,12,24,jspace,ok,value_margin,0.4804286385492768,0.4616481563569644,0.0001702308958528853
,,signaling,scalar,16,12,24,residual,ok,value_margin,0.5400270386106913,3.6534993950525916,-43.714032210054235
,,signaling,scalar,16,12,24,jspace,ok,value_margin,0.21000242979893882,0.4616127758740743,0.00010063432607632095
,,signaling,scalar,17,12,24,residual,ok,value_margin,0.80897245457513,3.4381246868769324,-38.510827325582476
,,signaling,scalar,17,12,24,jspace,ok,value_margin,0.009067975142677688,0.4616522859808347,-9.2621804004267e-08
,,signaling,scalar,18,12,24,residual,ok,value_margin,0.7831117995791774,3.511645049254099,-40.16720739814353
,,signaling,scalar,18,12,24,jspace,ok,value_margin,0.5353591562003842,0.4616600578192079,0.00012609188663936788
,,signaling,scalar,19,12,24,residual,ok,value_margin,0.8646530448706511,1.783180197477341,-9.899286921565093
,,signaling,scalar,19,12,24,jspace,ok,value_margin,0.5910735108004094,0.46166355822439503,1.23100613140803e-05
,,signaling,scalar,20,12,24,residual,ok,value_margin,0.7385397024192835,0.30442457497119907,0.5009200375590424
,,signaling,scalar,20,12,24,jspace,ok,value_margin,0.1133168524407219,0.4616665717302797,1.6422815413141834e-06
,,signaling,scalar,21,12,24,residual,ok,value_margin,0.700178408381384,0.8521865535775821,-1.9039567282886618
,,signaling,scalar,21,12,24,jspace,ok,value_margin,0.33322407150755495,0.4615886003226694,0.00028793097356516473
,,signaling,scalar,22,12,24,residual,ok,value_margin,0.7514363381292888,0.8436943544944128,-1.8005830186517113
,,signaling,scalar,22,12,24,jspace,ok,value_margin,0.16695220675806474,0.461664174005588,-0.0005207864723626443
,,signaling,scalar,23,12,24,residual,ok,value_margin,0.7493147348959543,0.49447840690612804,-0.05177291832440689
,,signaling,scalar,23,12,24,jspace,ok,value_margin,0.5630632258750945,0.4616601416490727,2.1430941409494864e-05
,,signaling,scalar,24,12,24,residual,ok,value_margin,0.7217679880920382,1.0372276111443839,-3.033914936381467
,,signaling,scalar,24,12,24,jspace,ok,value_margin,-0.184223157841057,0.461666758000375,-3.201486671988718e-06
,,signaling,scalar,25,12,24,residual,ok,value_margin,0.6904747231535655,0.49537580947081256,-0.1598482945507651
,,signaling,scalar,25,12,24,jspace,ok,value_margin,0.505316549907646,0.4616628381949703,-0.00026523375444953423
,,signaling,scalar,26,12,24,residual,ok,value_margin,0.7237417890370738,0.31917406936486575,0.39345961267535234
,,signaling,scalar,26,12,24,jspace,ok,value_margin,-0.026117837724881687,0.4616664770449914,-6.227863083019258e-07
,,signaling,scalar,27,12,24,residual,ok,value_margin,0.7919887686710956,0.25952147851387664,0.5979582596781206
,,signaling,scalar,27,12,24,jspace,ok,value_margin,0.04979600816196091,0.46166824253691424,1.4069413369899308e-06
,,signaling,scalar,28,12,24,residual,ok,value_margin,0.8099218677007722,0.3268006637692453,0.44611624635876523
,,signaling,scalar,28,12,24,jspace,ok,value_margin,0.077565476872932,0.46166591982422917,9.209131335286003e-07
,,signaling,scalar,29,12,24,residual,ok,value_margin,0.8673778778055705,0.289865312576294,0.5637475672356985
,,signaling,scalar,29,12,24,jspace,ok,value_margin,-0.07374367305076096,0.4616768758889469,-9.836470582946788e-06
,,signaling,scalar,30,12,24,residual,ok,value_margin,0.8207312683852156,0.5722692038615546,-0.40034272725010456
,,signaling,scalar,30,12,24,jspace,ok,value_margin,0.577445942907219,0.4614499645985186,0.0008235227044939286
,,signaling,scalar,31,12,24,residual,ok,value_margin,0.6935557137789301,0.5734380956490835,-0.5298512668874307
,,signaling,scalar,31,12,24,jspace,ok,value_margin,-0.30127316071010163,0.46167628691614926,-3.280062854194021e-05
,,signaling,scalar,32,12,24,residual,ok,value_margin,0.6461682371723018,0.4951142495870591,-0.19253378114562159
,,signaling,scalar,32,12,24,jspace,ok,value_margin,0.4420505614947522,0.4616778634950274,0.0006684379021589804
,,signaling,scalar,33,12,24,residual,ok,value_margin,0.5465189684594215,0.4055022517840068,0.26167040573192146
,,signaling,scalar,33,12,24,jspace,ok,value_margin,0.34538394505974696,0.45701970949956117,0.015924378603861644
,,signaling,scalar,34,12,24,residual,ok,value_margin,0.7557670010421113,0.3733200808366141,0.3915861898405477
,,signaling,scalar,34,12,24,jspace,ok,value_margin,-0.5976775282463926,0.46168722612175134,-8.856153237757347e-05
,,signaling,scalar,35,12,24,residual,ok,value_margin,0.8662456592935293,0.32048763136068986,0.5962531246616666
,,signaling,scalar,35,12,24,jspace,ok,value_margin,-0.20092264885607553,0.4616803889450463,-3.6801278638476376e-05
,,signaling,scalar,36,12,24,residual,ok,value_margin,0.8936400801861304,0.2765868435303371,0.6802461664498225
,,signaling,scalar,36,12,24,jspace,ok,value_margin,-0.27103671706326193,0.46167223231460897,-2.5303619998862104e-05
,,signaling,scalar,37,12,24,residual,ok,value_margin,0.8936349127995514,0.23231461405754103,0.723239131830117
,,signaling,scalar,37,12,24,jspace,ok,value_margin,0.24317101132448227,0.46166084120359074,4.338046069873869e-05
,,signaling,scalar,38,12,24,residual,ok,value_margin,0.9102508332310569,0.34687583903471636,0.46763596233607707
,,signaling,scalar,38,12,24,jspace,ok,value_margin,0.38983801471010393,0.46164434385146125,7.562601356614351e-05
,,signaling,scalar,39,12,24,residual,ok,value_margin,0.820372140981786,0.6504097775618235,-0.7539191872026023
,,signaling,scalar,39,12,24,jspace,ok,value_margin,0.16053678807010588,0.46166281520502284,3.029527602860238e-05
,,signaling,scalar,40,12,24,residual,ok,value_margin,0.8334375301200456,0.8869115408261616,-1.9130528651230687
,,signaling,scalar,40,12,24,jspace,ok,value_margin,0.4480843537902666,0.461631768452965,0.0002156902151587703
,,signaling,scalar,41,12,24,residual,ok,value_margin,0.7885357137878032,0.5325545565287272,-0.3319548767201881
,,signaling,scalar,41,12,24,jspace,ok,value_margin,0.48520990840819744,0.4616044458951672,0.00035786180664321154
,,signaling,scalar,42,12,24,residual,ok,value_margin,0.8379830615246205,0.40241994758447025,0.3033556739996267
,,signaling,scalar,42,12,24,jspace,ok,value_margin,-0.12086295392993218,0.46167115332080316,-3.907221354815249e-05
,,signaling,scalar,43,12,24,residual,ok,value_margin,0.8188963960131699,0.6179615056514739,-0.595093176527403
,,signaling,scalar,43,12,24,jspace,ok,value_margin,-0.05357822141430039,0.4616553571568263,-9.703994373166935e-05
,,signaling,scalar,44,12,24,residual,ok,value_margin,0.723546524802867,0.5482382422685622,-0.42813743173519114
,,signaling,scalar,44,12,24,jspace,ok,value_margin,-0.25768426588336,0.4617477830586849,-0.0005732013578965134
,,signaling,scalar,45,12,24,residual,ok,value_margin,0.6509506570739446,0.5122508356968561,-0.3048785023367493
,,signaling,scalar,45,12,24,jspace,ok,value_margin,0.1798122543043396,0.4616304738655715,0.0011611011596455167
,,signaling,scalar,46,12,24,residual,ok,value_margin,0.5869302838495881,0.45612795402606326,0.041002470126793256
,,signaling,scalar,46,12,24,jspace,ok,value_margin,0.31649407456686185,0.4616504241657647,0.00013387543877896313
,,signaling,scalar,47,12,24,residual,ok,value_margin,0.9621228169295978,0.9930055534839629,-2.3414278318825295
,,signaling,scalar,47,12,24,jspace,ok,value_margin,0.5872934356450783,0.46029276541041103,0.0045830735017053925
,,signaling,scalar,48,12,24,residual,ok,value_margin,0.9661589897405267,0.7850390668710072,-1.1326498855735285
,,signaling,scalar,48,12,24,jspace,ok,value_margin,0.09797965159214328,0.46165397787430473,0.00027751525132768684
,,signaling,scalar,49,12,24,residual,ok,value_margin,0.942363315915628,0.6568968937794367,-0.6051306468670248
,,signaling,scalar,49,12,24,jspace,ok,value_margin,0.16783815921348968,0.4612695051691101,0.0005725210131659608
,,signaling,scalar,50,12,24,residual,ok,value_margin,0.934273797467887,0.7205605304241179,-0.9386705524151693
,,signaling,scalar,50,12,24,jspace,ok,value_margin,0.4471641738680649,0.46142026147007426,0.000821109339966597
,,signaling,scalar,51,12,24,residual,ok,value_margin,0.909029530547858,0.7262603636582692,-0.9845364706259203
,,signaling,scalar,51,12,24,jspace,ok,value_margin,0.22105910615947372,0.4614218088964124,0.0011548994470844676
,,signaling,scalar,52,12,24,residual,ok,value_margin,0.9188820856112682,0.46242496629556024,0.11624947874054725
,,signaling,scalar,52,12,24,jspace,ok,value_margin,0.14756456412883656,0.4615175844438104,0.00030823572102578467
,,signaling,scalar,53,12,24,residual,ok,value_margin,0.9121590139662014,0.31205356915791826,0.5309729885092118
,,signaling,scalar,53,12,24,jspace,ok,value_margin,0.3106121004048084,0.46151654364849937,0.0003989308915359757
,,signaling,scalar,54,12,24,residual,ok,value_margin,0.8935887400357256,0.31741963128248846,0.5087863358588242
,,signaling,scalar,54,12,24,jspace,ok,value_margin,0.3315999468184326,0.46156435010403474,0.0005943722686514441
,,signaling,scalar,55,12,24,residual,ok,value_margin,0.8609895261462561,0.2796983382105829,0.6544887358879004
,,signaling,scalar,55,12,24,jspace,ok,value_margin,0.5589986026759965,0.4605562034260274,0.008583819785761615
,,signaling,scalar,56,12,24,residual,ok,value_margin,0.8820142273697077,0.26403893391291317,0.6753395931145056
,,signaling,scalar,56,12,24,jspace,ok,value_margin,0.5159846994008658,0.4603379271348758,0.009273439297427633
,,signaling,scalar,57,12,24,residual,ok,value_margin,0.8355338864309274,0.29034094601869587,0.6270094731148861
,,signaling,scalar,57,12,24,jspace,ok,value_margin,0.4454955206794297,0.4605005054488261,0.01471969768714132
,,signaling,scalar,58,12,24,residual,ok,value_margin,0.8141322252471325,0.30303313672542576,0.5850854693104396
,,signaling,scalar,58,12,24,jspace,ok,value_margin,0.4415337410689408,0.4591873132149931,0.015368345274464956
,,signaling,scalar,59,12,24,residual,ok,value_margin,0.7629445368341896,0.3122379838426908,0.5505457240003695
,,signaling,scalar,59,12,24,jspace,ok,value_margin,0.5143093309966988,0.46067542746137174,0.006505602484672801
,,signaling,scalar,60,12,24,residual,ok,value_margin,0.6621797811375478,0.43596660256385816,0.026530187039539688
,,signaling,scalar,60,12,24,jspace,ok,value_margin,0.6005629335223073,0.4602864972548806,0.0076003130487934945
,,signaling,scalar,61,12,24,residual,ok,value_margin,0.6693148723147143,0.3908044066031775,0.24734009254514755
,,signaling,scalar,61,12,24,jspace,ok,value_margin,-0.1042276778659359,0.4552813407788256,-0.015798572582277792
,,signaling,scalar,62,12,24,residual,ok,value_margin,0.6507459852377896,0.38125755210717543,0.3623881768662307
,,signaling,scalar,62,12,24,jspace,ok,value_margin,0.6149496274021882,0.4444778288281957,0.07865329036780233
0.25,0.25,disclosure,categorical,-1,12,24,output,ok,private_state,,,
0.4166666666666667,0.4166666666666667,disclosure,categorical,0,12,24,residual,ok,private_state,,,
0.08333333333333333,0.08333333333333333,disclosure,categorical,0,12,24,jspace,ok,private_state,,,
0.25,0.25,disclosure,categorical,1,12,24,residual,ok,private_state,,,
0.08333333333333333,0.08333333333333333,disclosure,categorical,1,12,24,jspace,ok,private_state,,,
0.3333333333333333,0.3333333333333333,disclosure,categorical,2,12,24,residual,ok,private_state,,,
0.0,0.0,disclosure,categorical,2,12,24,jspace,ok,private_state,,,
0.08333333333333333,0.08333333333333333,disclosure,categorical,3,12,24,residual,ok,private_state,,,
0.08333333333333333,0.08333333333333333,disclosure,categorical,3,12,24,jspace,ok,private_state,,,
0.08333333333333333,0.08333333333333333,disclosure,categorical,4,12,24,residual,ok,private_state,,,
0.08333333333333333,0.08333333333333333,disclosure,categorical,4,12,24,jspace,ok,private_state,,,
0.08333333333333333,0.08333333333333333,disclosure,categorical,5,12,24,residual,ok,private_state,,,
0.08333333333333333,0.08333333333333333,disclosure,categorical,5,12,24,jspace,ok,private_state,,,
0.08333333333333333,0.08333333333333333,disclosure,categorical,6,12,24,residual,ok,private_state,,,
0.16666666666666666,0.16666666666666666,disclosure,categorical,6,12,24,jspace,ok,private_state,,,
0.25,0.25,disclosure,categorical,7,12,24,residual,ok,private_state,,,
0.08333333333333333,0.08333333333333333,disclosure,categorical,7,12,24,jspace,ok,private_state,,,
0.16666666666666666,0.16666666666666666,disclosure,categorical,8,12,24,residual,ok,private_state,,,
0.0,0.0,disclosure,categorical,8,12,24,jspace,ok,private_state,,,
0.25,0.25,disclosure,categorical,9,12,24,residual,ok,private_state,,,
0.08333333333333333,0.08333333333333333,disclosure,categorical,9,12,24,jspace,ok,private_state,,,
0.25,0.25,disclosure,categorical,10,12,24,residual,ok,private_state,,,
0.08333333333333333,0.08333333333333333,disclosure,categorical,10,12,24,jspace,ok,private_state,,,
0.16666666666666666,0.16666666666666666,disclosure,categorical,11,12,24,residual,ok,private_state,,,
0.08333333333333333,0.08333333333333333,disclosure,categorical,11,12,24,jspace,ok,private_state,,,
0.08333333333333333,0.08333333333333333,disclosure,categorical,12,12,24,residual,ok,private_state,,,
0.08333333333333333,0.08333333333333333,disclosure,categorical,12,12,24,jspace,ok,private_state,,,
0.25,0.25,disclosure,categorical,13,12,24,residual,ok,private_state,,,
0.25,0.25,disclosure,categorical,13,12,24,jspace,ok,private_state,,,
0.3333333333333333,0.3333333333333333,disclosure,categorical,14,12,24,residual,ok,private_state,,,
0.08333333333333333,0.08333333333333333,disclosure,categorical,14,12,24,jspace,ok,private_state,,,
0.16666666666666666,0.16666666666666666,disclosure,categorical,15,12,24,residual,ok,private_state,,,
0.08333333333333333,0.08333333333333333,disclosure,categorical,15,12,24,jspace,ok,private_state,,,
0.08333333333333333,0.08333333333333333,disclosure,categorical,16,12,24,residual,ok,private_state,,,
0.08333333333333333,0.08333333333333333,disclosure,categorical,16,12,24,jspace,ok,private_state,,,
0.16666666666666666,0.16666666666666666,disclosure,categorical,17,12,24,residual,ok,private_state,,,
0.08333333333333333,0.08333333333333333,disclosure,categorical,17,12,24,jspace,ok,private_state,,,
0.16666666666666666,0.16666666666666666,disclosure,categorical,18,12,24,residual,ok,private_state,,,
0.08333333333333333,0.08333333333333333,disclosure,categorical,18,12,24,jspace,ok,private_state,,,
0.16666666666666666,0.16666666666666666,disclosure,categorical,19,12,24,residual,ok,private_state,,,
0.08333333333333333,0.08333333333333333,disclosure,categorical,19,12,24,jspace,ok,private_state,,,
0.08333333333333333,0.08333333333333333,disclosure,categorical,20,12,24,residual,ok,private_state,,,
0.08333333333333333,0.08333333333333333,disclosure,categorical,20,12,24,jspace,ok,private_state,,,
0.25,0.25,disclosure,categorical,21,12,24,residual,ok,private_state,,,
0.08333333333333333,0.08333333333333333,disclosure,categorical,21,12,24,jspace,ok,private_state,,,
0.3333333333333333,0.3333333333333333,disclosure,categorical,22,12,24,residual,ok,private_state,,,
0.16666666666666666,0.16666666666666666,disclosure,categorical,22,12,24,jspace,ok,private_state,,,
0.16666666666666666,0.16666666666666666,disclosure,categorical,23,12,24,residual,ok,private_state,,,
0.08333333333333333,0.08333333333333333,disclosure,categorical,23,12,24,jspace,ok,private_state,,,
0.08333333333333333,0.08333333333333333,disclosure,categorical,24,12,24,residual,ok,private_state,,,
0.08333333333333333,0.08333333333333333,disclosure,categorical,24,12,24,jspace,ok,private_state,,,
0.08333333333333333,0.08333333333333333,disclosure,categorical,25,12,24,residual,ok,private_state,,,
0.08333333333333333,0.08333333333333333,disclosure,categorical,25,12,24,jspace,ok,private_state,,,
0.25,0.25,disclosure,categorical,26,12,24,residual,ok,private_state,,,
0.08333333333333333,0.08333333333333333,disclosure,categorical,26,12,24,jspace,ok,private_state,,,
0.25,0.25,disclosure,categorical,27,12,24,residual,ok,private_state,,,
0.16666666666666666,0.16666666666666666,disclosure,categorical,27,12,24,jspace,ok,private_state,,,
0.25,0.25,disclosure,categorical,28,12,24,residual,ok,private_state,,,
0.08333333333333333,0.08333333333333333,disclosure,categorical,28,12,24,jspace,ok,private_state,,,
0.16666666666666666,0.16666666666666666,disclosure,categorical,29,12,24,residual,ok,private_state,,,
0.08333333333333333,0.08333333333333333,disclosure,categorical,29,12,24,jspace,ok,private_state,,,
0.16666666666666666,0.16666666666666666,disclosure,categorical,30,12,24,residual,ok,private_state,,,
0.08333333333333333,0.08333333333333333,disclosure,categorical,30,12,24,jspace,ok,private_state,,,
0.16666666666666666,0.16666666666666666,disclosure,categorical,31,12,24,residual,ok,private_state,,,
0.16666666666666666,0.16666666666666666,disclosure,categorical,31,12,24,jspace,ok,private_state,,,
0.4166666666666667,0.4166666666666667,disclosure,categorical,32,12,24,residual,ok,private_state,,,
0.16666666666666666,0.16666666666666666,disclosure,categorical,32,12,24,jspace,ok,private_state,,,
0.5833333333333334,0.5833333333333334,disclosure,categorical,33,12,24,residual,ok,private_state,,,
0.08333333333333333,0.08333333333333333,disclosure,categorical,33,12,24,jspace,ok,private_state,,,
0.5833333333333334,0.5833333333333334,disclosure,categorical,34,12,24,residual,ok,private_state,,,
0.08333333333333333,0.08333333333333333,disclosure,categorical,34,12,24,jspace,ok,private_state,,,
0.8333333333333334,0.8333333333333334,disclosure,categorical,35,12,24,residual,ok,private_state,,,
0.16666666666666666,0.16666666666666666,disclosure,categorical,35,12,24,jspace,ok,private_state,,,
0.75,0.75,disclosure,categorical,36,12,24,residual,ok,private_state,,,
0.08333333333333333,0.08333333333333333,disclosure,categorical,36,12,24,jspace,ok,private_state,,,
0.6666666666666666,0.6666666666666666,disclosure,categorical,37,12,24,residual,ok,private_state,,,
0.08333333333333333,0.08333333333333333,disclosure,categorical,37,12,24,jspace,ok,private_state,,,
0.5833333333333334,0.5833333333333334,disclosure,categorical,38,12,24,residual,ok,private_state,,,
0.25,0.25,disclosure,categorical,38,12,24,jspace,ok,private_state,,,
0.5833333333333334,0.5833333333333334,disclosure,categorical,39,12,24,residual,ok,private_state,,,
0.08333333333333333,0.08333333333333333,disclosure,categorical,39,12,24,jspace,ok,private_state,,,
0.5833333333333334,0.5833333333333334,disclosure,categorical,40,12,24,residual,ok,private_state,,,
0.08333333333333333,0.08333333333333333,disclosure,categorical,40,12,24,jspace,ok,private_state,,,
0.5,0.5,disclosure,categorical,41,12,24,residual,ok,private_state,,,
0.16666666666666666,0.16666666666666666,disclosure,categorical,41,12,24,jspace,ok,private_state,,,
0.3333333333333333,0.3333333333333333,disclosure,categorical,42,12,24,residual,ok,private_state,,,
0.25,0.25,disclosure,categorical,42,12,24,jspace,ok,private_state,,,
0.6666666666666666,0.6666666666666666,disclosure,categorical,43,12,24,residual,ok,private_state,,,
0.08333333333333333,0.08333333333333333,disclosure,categorical,43,12,24,jspace,ok,private_state,,,
0.8333333333333334,0.8333333333333334,disclosure,categorical,44,12,24,residual,ok,private_state,,,
0.08333333333333333,0.08333333333333333,disclosure,categorical,44,12,24,jspace,ok,private_state,,,
0.6666666666666666,0.6666666666666666,disclosure,categorical,45,12,24,residual,ok,private_state,,,
0.25,0.25,disclosure,categorical,45,12,24,jspace,ok,private_state,,,
0.6666666666666666,0.6666666666666666,disclosure,categorical,46,12,24,residual,ok,private_state,,,
0.25,0.25,disclosure,categorical,46,12,24,jspace,ok,private_state,,,
0.6666666666666666,0.6666666666666666,disclosure,categorical,47,12,24,residual,ok,private_state,,,
0.25,0.25,disclosure,categorical,47,12,24,jspace,ok,private_state,,,
0.6666666666666666,0.6666666666666666,disclosure,categorical,48,12,24,residual,ok,private_state,,,
0.08333333333333333,0.08333333333333333,disclosure,categorical,48,12,24,jspace,ok,private_state,,,
0.5833333333333334,0.5833333333333334,disclosure,categorical,49,12,24,residual,ok,private_state,,,
0.16666666666666666,0.16666666666666666,disclosure,categorical,49,12,24,jspace,ok,private_state,,,
0.75,0.75,disclosure,categorical,50,12,24,residual,ok,private_state,,,
0.16666666666666666,0.16666666666666666,disclosure,categorical,50,12,24,jspace,ok,private_state,,,
0.6666666666666666,0.6666666666666666,disclosure,categorical,51,12,24,residual,ok,private_state,,,
0.25,0.25,disclosure,categorical,51,12,24,jspace,ok,private_state,,,
0.6666666666666666,0.6666666666666666,disclosure,categorical,52,12,24,residual,ok,private_state,,,
0.16666666666666666,0.16666666666666666,disclosure,categorical,52,12,24,jspace,ok,private_state,,,
0.5833333333333334,0.5833333333333334,disclosure,categorical,53,12,24,residual,ok,private_state,,,
0.16666666666666666,0.16666666666666666,disclosure,categorical,53,12,24,jspace,ok,private_state,,,
0.5,0.5,disclosure,categorical,54,12,24,residual,ok,private_state,,,
0.16666666666666666,0.16666666666666666,disclosure,categorical,54,12,24,jspace,ok,private_state,,,
0.5,0.5,disclosure,categorical,55,12,24,residual,ok,private_state,,,
0.3333333333333333,0.3333333333333333,disclosure,categorical,55,12,24,jspace,ok,private_state,,,
0.5833333333333334,0.5833333333333334,disclosure,categorical,56,12,24,residual,ok,private_state,,,
0.16666666666666666,0.16666666666666666,disclosure,categorical,56,12,24,jspace,ok,private_state,,,
0.5833333333333334,0.5833333333333334,disclosure,categorical,57,12,24,residual,ok,private_state,,,
0.25,0.25,disclosure,categorical,57,12,24,jspace,ok,private_state,,,
0.5833333333333334,0.5833333333333334,disclosure,categorical,58,12,24,residual,ok,private_state,,,
0.25,0.25,disclosure,categorical,58,12,24,jspace,ok,private_state,,,
0.5833333333333334,0.5833333333333334,disclosure,categorical,59,12,24,residual,ok,private_state,,,
0.16666666666666666,0.16666666666666666,disclosure,categorical,59,12,24,jspace,ok,private_state,,,
0.5,0.5,disclosure,categorical,60,12,24,residual,ok,private_state,,,
0.25,0.25,disclosure,categorical,60,12,24,jspace,ok,private_state,,,
0.5,0.5,disclosure,categorical,61,12,24,residual,ok,private_state,,,
0.25,0.25,disclosure,categorical,61,12,24,jspace,ok,private_state,,,
0.4166666666666667,0.4166666666666667,disclosure,categorical,62,12,24,residual,ok,private_state,,,
0.25,0.25,disclosure,categorical,62,12,24,jspace,ok,private_state,,,
1.0,1.0,disclosure,categorical,-1,12,24,output,ok,strategy,,,
0.9166666666666666,0.8333333333333333,disclosure,categorical,0,12,24,residual,ok,strategy,,,
0.75,0.5,disclosure,categorical,0,12,24,jspace,ok,strategy,,,
0.75,0.5,disclosure,categorical,1,12,24,residual,ok,strategy,,,
0.75,0.5,disclosure,categorical,1,12,24,jspace,ok,strategy,,,
0.75,0.5,disclosure,categorical,2,12,24,residual,ok,strategy,,,
0.75,0.5,disclosure,categorical,2,12,24,jspace,ok,strategy,,,
0.75,0.5,disclosure,categorical,3,12,24,residual,ok,strategy,,,
0.75,0.5,disclosure,categorical,3,12,24,jspace,ok,strategy,,,
0.75,0.5,disclosure,categorical,4,12,24,residual,ok,strategy,,,
0.75,0.5,disclosure,categorical,4,12,24,jspace,ok,strategy,,,
0.75,0.5,disclosure,categorical,5,12,24,residual,ok,strategy,,,
0.75,0.5,disclosure,categorical,5,12,24,jspace,ok,strategy,,,
0.75,0.5,disclosure,categorical,6,12,24,residual,ok,strategy,,,
0.75,0.5,disclosure,categorical,6,12,24,jspace,ok,strategy,,,
0.25,0.5,disclosure,categorical,7,12,24,residual,ok,strategy,,,
0.75,0.5,disclosure,categorical,7,12,24,jspace,ok,strategy,,,
0.75,0.5,disclosure,categorical,8,12,24,residual,ok,strategy,,,
0.75,0.5,disclosure,categorical,8,12,24,jspace,ok,strategy,,,
0.25,0.5,disclosure,categorical,9,12,24,residual,ok,strategy,,,
0.75,0.5,disclosure,categorical,9,12,24,jspace,ok,strategy,,,
0.25,0.5,disclosure,categorical,10,12,24,residual,ok,strategy,,,
0.75,0.5,disclosure,categorical,10,12,24,jspace,ok,strategy,,,
0.25,0.5,disclosure,categorical,11,12,24,residual,ok,strategy,,,
0.75,0.5,disclosure,categorical,11,12,24,jspace,ok,strategy,,,
0.25,0.5,disclosure,categorical,12,12,24,residual,ok,strategy,,,
0.75,0.5,disclosure,categorical,12,12,24,jspace,ok,strategy,,,
1.0,1.0,disclosure,categorical,13,12,24,residual,ok,strategy,,,
0.75,0.5,disclosure,categorical,13,12,24,jspace,ok,strategy,,,
0.25,0.5,disclosure,categorical,14,12,24,residual,ok,strategy,,,
0.75,0.5,disclosure,categorical,14,12,24,jspace,ok,strategy,,,
0.25,0.5,disclosure,categorical,15,12,24,residual,ok,strategy,,,
0.75,0.5,disclosure,categorical,15,12,24,jspace,ok,strategy,,,
0.75,0.5,disclosure,categorical,16,12,24,residual,ok,strategy,,,
0.75,0.5,disclosure,categorical,16,12,24,jspace,ok,strategy,,,
0.3333333333333333,0.5555555555555556,disclosure,categorical,17,12,24,residual,ok,strategy,,,
0.75,0.5,disclosure,categorical,17,12,24,jspace,ok,strategy,,,
0.8333333333333334,0.8888888888888888,disclosure,categorical,18,12,24,residual,ok,strategy,,,
0.75,0.5,disclosure,categorical,18,12,24,jspace,ok,strategy,,,
1.0,1.0,disclosure,categorical,19,12,24,residual,ok,strategy,,,
0.75,0.5,disclosure,categorical,19,12,24,jspace,ok,strategy,,,
0.9166666666666666,0.9444444444444444,disclosure,categorical,20,12,24,residual,ok,strategy,,,
0.75,0.5,disclosure,categorical,20,12,24,jspace,ok,strategy,,,
0.9166666666666666,0.8333333333333333,disclosure,categorical,21,12,24,residual,ok,strategy,,,
0.75,0.5,disclosure,categorical,21,12,24,jspace,ok,strategy,,,
0.6666666666666666,0.7777777777777778,disclosure,categorical,22,12,24,residual,ok,strategy,,,
0.75,0.5,disclosure,categorical,22,12,24,jspace,ok,strategy,,,
0.9166666666666666,0.8333333333333333,disclosure,categorical,23,12,24,residual,ok,strategy,,,
0.75,0.5,disclosure,categorical,23,12,24,jspace,ok,strategy,,,
0.75,0.5,disclosure,categorical,24,12,24,residual,ok,strategy,,,
0.75,0.5,disclosure,categorical,24,12,24,jspace,ok,strategy,,,
0.8333333333333334,0.6666666666666666,disclosure,categorical,25,12,24,residual,ok,strategy,,,
0.75,0.5,disclosure,categorical,25,12,24,jspace,ok,strategy,,,
0.8333333333333334,0.6666666666666666,disclosure,categorical,26,12,24,residual,ok,strategy,,,
0.75,0.5,disclosure,categorical,26,12,24,jspace,ok,strategy,,,
1.0,1.0,disclosure,categorical,27,12,24,residual,ok,strategy,,,
0.75,0.5,disclosure,categorical,27,12,24,jspace,ok,strategy,,,
0.9166666666666666,0.9444444444444444,disclosure,categorical,28,12,24,residual,ok,strategy,,,
0.75,0.5,disclosure,categorical,28,12,24,jspace,ok,strategy,,,
1.0,1.0,disclosure,categorical,29,12,24,residual,ok,strategy,,,
0.75,0.5,disclosure,categorical,29,12,24,jspace,ok,strategy,,,
0.75,0.8333333333333333,disclosure,categorical,30,12,24,residual,ok,strategy,,,
0.75,0.5,disclosure,categorical,30,12,24,jspace,ok,strategy,,,
1.0,1.0,disclosure,categorical,31,12,24,residual,ok,strategy,,,
0.75,0.5,disclosure,categorical,31,12,24,jspace,ok,strategy,,,
1.0,1.0,disclosure,categorical,32,12,24,residual,ok,strategy,,,
0.75,0.5,disclosure,categorical,32,12,24,jspace,ok,strategy,,,
1.0,1.0,disclosure,categorical,33,12,24,residual,ok,strategy,,,
0.75,0.5,disclosure,categorical,33,12,24,jspace,ok,strategy,,,
1.0,1.0,disclosure,categorical,34,12,24,residual,ok,strategy,,,
0.75,0.5,disclosure,categorical,34,12,24,jspace,ok,strategy,,,
1.0,1.0,disclosure,categorical,35,12,24,residual,ok,strategy,,,
0.75,0.5,disclosure,categorical,35,12,24,jspace,ok,strategy,,,
1.0,1.0,disclosure,categorical,36,12,24,residual,ok,strategy,,,
0.75,0.5,disclosure,categorical,36,12,24,jspace,ok,strategy,,,
1.0,1.0,disclosure,categorical,37,12,24,residual,ok,strategy,,,
0.75,0.5,disclosure,categorical,37,12,24,jspace,ok,strategy,,,
1.0,1.0,disclosure,categorical,38,12,24,residual,ok,strategy,,,
0.75,0.5,disclosure,categorical,38,12,24,jspace,ok,strategy,,,
1.0,1.0,disclosure,categorical,39,12,24,residual,ok,strategy,,,
0.75,0.5,disclosure,categorical,39,12,24,jspace,ok,strategy,,,
1.0,1.0,disclosure,categorical,40,12,24,residual,ok,strategy,,,
0.75,0.5,disclosure,categorical,40,12,24,jspace,ok,strategy,,,
1.0,1.0,disclosure,categorical,41,12,24,residual,ok,strategy,,,
0.75,0.5,disclosure,categorical,41,12,24,jspace,ok,strategy,,,
1.0,1.0,disclosure,categorical,42,12,24,residual,ok,strategy,,,
0.75,0.5,disclosure,categorical,42,12,24,jspace,ok,strategy,,,
1.0,1.0,disclosure,categorical,43,12,24,residual,ok,strategy,,,
0.75,0.5,disclosure,categorical,43,12,24,jspace,ok,strategy,,,
1.0,1.0,disclosure,categorical,44,12,24,residual,ok,strategy,,,
0.75,0.5,disclosure,categorical,44,12,24,jspace,ok,strategy,,,
1.0,1.0,disclosure,categorical,45,12,24,residual,ok,strategy,,,
0.75,0.5,disclosure,categorical,45,12,24,jspace,ok,strategy,,,
1.0,1.0,disclosure,categorical,46,12,24,residual,ok,strategy,,,
0.75,0.5,disclosure,categorical,46,12,24,jspace,ok,strategy,,,
1.0,1.0,disclosure,categorical,47,12,24,residual,ok,strategy,,,
0.75,0.5,disclosure,categorical,47,12,24,jspace,ok,strategy,,,
1.0,1.0,disclosure,categorical,48,12,24,residual,ok,strategy,,,
0.75,0.5,disclosure,categorical,48,12,24,jspace,ok,strategy,,,
1.0,1.0,disclosure,categorical,49,12,24,residual,ok,strategy,,,
0.75,0.5,disclosure,categorical,49,12,24,jspace,ok,strategy,,,
1.0,1.0,disclosure,categorical,50,12,24,residual,ok,strategy,,,
0.75,0.5,disclosure,categorical,50,12,24,jspace,ok,strategy,,,
1.0,1.0,disclosure,categorical,51,12,24,residual,ok,strategy,,,
0.75,0.5,disclosure,categorical,51,12,24,jspace,ok,strategy,,,
1.0,1.0,disclosure,categorical,52,12,24,residual,ok,strategy,,,
0.75,0.5,disclosure,categorical,52,12,24,jspace,ok,strategy,,,
1.0,1.0,disclosure,categorical,53,12,24,residual,ok,strategy,,,
0.75,0.5,disclosure,categorical,53,12,24,jspace,ok,strategy,,,
1.0,1.0,disclosure,categorical,54,12,24,residual,ok,strategy,,,
0.75,0.5,disclosure,categorical,54,12,24,jspace,ok,strategy,,,
1.0,1.0,disclosure,categorical,55,12,24,residual,ok,strategy,,,
0.75,0.5,disclosure,categorical,55,12,24,jspace,ok,strategy,,,
1.0,1.0,disclosure,categorical,56,12,24,residual,ok,strategy,,,
0.75,0.5,disclosure,categorical,56,12,24,jspace,ok,strategy,,,
1.0,1.0,disclosure,categorical,57,12,24,residual,ok,strategy,,,
0.75,0.5,disclosure,categorical,57,12,24,jspace,ok,strategy,,,
1.0,1.0,disclosure,categorical,58,12,24,residual,ok,strategy,,,
0.75,0.5,disclosure,categorical,58,12,24,jspace,ok,strategy,,,
1.0,1.0,disclosure,categorical,59,12,24,residual,ok,strategy,,,
0.75,0.5,disclosure,categorical,59,12,24,jspace,ok,strategy,,,
1.0,1.0,disclosure,categorical,60,12,24,residual,ok,strategy,,,
0.75,0.5,disclosure,categorical,60,12,24,jspace,ok,strategy,,,
1.0,1.0,disclosure,categorical,61,12,24,residual,ok,strategy,,,
0.75,0.5,disclosure,categorical,61,12,24,jspace,ok,strategy,,,
1.0,1.0,disclosure,categorical,62,12,24,residual,ok,strategy,,,
0.75,0.5,disclosure,categorical,62,12,24,jspace,ok,strategy,,,
1.0,1.0,disclosure,categorical,-1,12,24,output,ok,action,,,
0.4166666666666667,0.3333333333333333,disclosure,categorical,0,12,24,residual,ok,action,,,
0.4166666666666667,0.3333333333333333,disclosure,categorical,0,12,24,jspace,ok,action,,,
0.6666666666666666,0.6,disclosure,categorical,1,12,24,residual,ok,action,,,
0.4166666666666667,0.3333333333333333,disclosure,categorical,1,12,24,jspace,ok,action,,,
0.5,0.4666666666666666,disclosure,categorical,2,12,24,residual,ok,action,,,
0.4166666666666667,0.3333333333333333,disclosure,categorical,2,12,24,jspace,ok,action,,,
0.3333333333333333,0.3333333333333333,disclosure,categorical,3,12,24,residual,ok,action,,,
0.4166666666666667,0.3333333333333333,disclosure,categorical,3,12,24,jspace,ok,action,,,
0.3333333333333333,0.3333333333333333,disclosure,categorical,4,12,24,residual,ok,action,,,
0.4166666666666667,0.3333333333333333,disclosure,categorical,4,12,24,jspace,ok,action,,,
0.3333333333333333,0.3333333333333333,disclosure,categorical,5,12,24,residual,ok,action,,,
0.4166666666666667,0.3333333333333333,disclosure,categorical,5,12,24,jspace,ok,action,,,
0.3333333333333333,0.3333333333333333,disclosure,categorical,6,12,24,residual,ok,action,,,
0.4166666666666667,0.3333333333333333,disclosure,categorical,6,12,24,jspace,ok,action,,,
0.25,0.3333333333333333,disclosure,categorical,7,12,24,residual,ok,action,,,
0.4166666666666667,0.3333333333333333,disclosure,categorical,7,12,24,jspace,ok,action,,,
0.3333333333333333,0.3333333333333333,disclosure,categorical,8,12,24,residual,ok,action,,,
0.4166666666666667,0.3333333333333333,disclosure,categorical,8,12,24,jspace,ok,action,,,
0.3333333333333333,0.3333333333333333,disclosure,categorical,9,12,24,residual,ok,action,,,
0.4166666666666667,0.3333333333333333,disclosure,categorical,9,12,24,jspace,ok,action,,,
0.3333333333333333,0.3333333333333333,disclosure,categorical,10,12,24,residual,ok,action,,,
0.4166666666666667,0.3333333333333333,disclosure,categorical,10,12,24,jspace,ok,action,,,
0.4166666666666667,0.5,disclosure,categorical,11,12,24,residual,ok,action,,,
0.4166666666666667,0.3333333333333333,disclosure,categorical,11,12,24,jspace,ok,action,,,
0.3333333333333333,0.3333333333333333,disclosure,categorical,12,12,24,residual,ok,action,,,
0.4166666666666667,0.3333333333333333,disclosure,categorical,12,12,24,jspace,ok,action,,,
0.3333333333333333,0.3333333333333333,disclosure,categorical,13,12,24,residual,ok,action,,,
0.4166666666666667,0.3333333333333333,disclosure,categorical,13,12,24,jspace,ok,action,,,
0.3333333333333333,0.3333333333333333,disclosure,categorical,14,12,24,residual,ok,action,,,
0.4166666666666667,0.3333333333333333,disclosure,categorical,14,12,24,jspace,ok,action,,,
0.3333333333333333,0.3333333333333333,disclosure,categorical,15,12,24,residual,ok,action,,,
0.4166666666666667,0.3333333333333333,disclosure,categorical,15,12,24,jspace,ok,action,,,
0.3333333333333333,0.3333333333333333,disclosure,categorical,16,12,24,residual,ok,action,,,
0.4166666666666667,0.3333333333333333,disclosure,categorical,16,12,24,jspace,ok,action,,,
0.3333333333333333,0.3333333333333333,disclosure,categorical,17,12,24,residual,ok,action,,,
0.4166666666666667,0.3333333333333333,disclosure,categorical,17,12,24,jspace,ok,action,,,
0.3333333333333333,0.3333333333333333,disclosure,categorical,18,12,24,residual,ok,action,,,
0.4166666666666667,0.3333333333333333,disclosure,categorical,18,12,24,jspace,ok,action,,,
0.3333333333333333,0.3333333333333333,disclosure,categorical,19,12,24,residual,ok,action,,,
0.4166666666666667,0.3333333333333333,disclosure,categorical,19,12,24,jspace,ok,action,,,
0.5,0.5555555555555555,disclosure,categorical,20,12,24,residual,ok,action,,,
0.4166666666666667,0.3333333333333333,disclosure,categorical,20,12,24,jspace,ok,action,,,
0.4166666666666667,0.4444444444444444,disclosure,categorical,21,12,24,residual,ok,action,,,
0.4166666666666667,0.3333333333333333,disclosure,categorical,21,12,24,jspace,ok,action,,,
0.5833333333333334,0.6666666666666666,disclosure,categorical,22,12,24,residual,ok,action,,,
0.4166666666666667,0.3333333333333333,disclosure,categorical,22,12,24,jspace,ok,action,,,
0.3333333333333333,0.3333333333333333,disclosure,categorical,23,12,24,residual,ok,action,,,
0.4166666666666667,0.3333333333333333,disclosure,categorical,23,12,24,jspace,ok,action,,,
0.3333333333333333,0.3333333333333333,disclosure,categorical,24,12,24,residual,ok,action,,,
0.4166666666666667,0.3333333333333333,disclosure,categorical,24,12,24,jspace,ok,action,,,
0.3333333333333333,0.3333333333333333,disclosure,categorical,25,12,24,residual,ok,action,,,
0.4166666666666667,0.3333333333333333,disclosure,categorical,25,12,24,jspace,ok,action,,,
0.4166666666666667,0.4444444444444444,disclosure,categorical,26,12,24,residual,ok,action,,,
0.4166666666666667,0.3333333333333333,disclosure,categorical,26,12,24,jspace,ok,action,,,
0.9166666666666666,0.8888888888888888,disclosure,categorical,27,12,24,residual,ok,action,,,
0.4166666666666667,0.3333333333333333,disclosure,categorical,27,12,24,jspace,ok,action,,,
0.75,0.7999999999999999,disclosure,categorical,28,12,24,residual,ok,action,,,
0.4166666666666667,0.3333333333333333,disclosure,categorical,28,12,24,jspace,ok,action,,,
0.9166666666666666,0.9166666666666666,disclosure,categorical,29,12,24,residual,ok,action,,,
0.4166666666666667,0.3333333333333333,disclosure,categorical,29,12,24,jspace,ok,action,,,
0.9166666666666666,0.9166666666666666,disclosure,categorical,30,12,24,residual,ok,action,,,
0.4166666666666667,0.3333333333333333,disclosure,categorical,30,12,24,jspace,ok,action,,,
0.9166666666666666,0.9166666666666666,disclosure,categorical,31,12,24,residual,ok,action,,,
0.4166666666666667,0.3333333333333333,disclosure,categorical,31,12,24,jspace,ok,action,,,
0.6666666666666666,0.7333333333333334,disclosure,categorical,32,12,24,residual,ok,action,,,
0.4166666666666667,0.3333333333333333,disclosure,categorical,32,12,24,jspace,ok,action,,,
0.6666666666666666,0.7333333333333334,disclosure,categorical,33,12,24,residual,ok,action,,,
0.4166666666666667,0.3333333333333333,disclosure,categorical,33,12,24,jspace,ok,action,,,
0.5833333333333334,0.6666666666666666,disclosure,categorical,34,12,24,residual,ok,action,,,
0.4166666666666667,0.3333333333333333,disclosure,categorical,34,12,24,jspace,ok,action,,,
1.0,1.0,disclosure,categorical,35,12,24,residual,ok,action,,,
0.4166666666666667,0.3333333333333333,disclosure,categorical,35,12,24,jspace,ok,action,,,
1.0,1.0,disclosure,categorical,36,12,24,residual,ok,action,,,
0.4166666666666667,0.3333333333333333,disclosure,categorical,36,12,24,jspace,ok,action,,,
1.0,1.0,disclosure,categorical,37,12,24,residual,ok,action,,,
0.4166666666666667,0.3333333333333333,disclosure,categorical,37,12,24,jspace,ok,action,,,
0.9166666666666666,0.9333333333333332,disclosure,categorical,38,12,24,residual,ok,action,,,
0.4166666666666667,0.3333333333333333,disclosure,categorical,38,12,24,jspace,ok,action,,,
1.0,1.0,disclosure,categorical,39,12,24,residual,ok,action,,,
0.4166666666666667,0.3333333333333333,disclosure,categorical,39,12,24,jspace,ok,action,,,
0.75,0.7999999999999999,disclosure,categorical,40,12,24,residual,ok,action,,,
0.4166666666666667,0.3333333333333333,disclosure,categorical,40,12,24,jspace,ok,action,,,
0.5,0.5111111111111111,disclosure,categorical,41,12,24,residual,ok,action,,,
0.4166666666666667,0.3333333333333333,disclosure,categorical,41,12,24,jspace,ok,action,,,
0.5,0.5111111111111111,disclosure,categorical,42,12,24,residual,ok,action,,,
0.4166666666666667,0.3333333333333333,disclosure,categorical,42,12,24,jspace,ok,action,,,
1.0,1.0,disclosure,categorical,43,12,24,residual,ok,action,,,
0.4166666666666667,0.3333333333333333,disclosure,categorical,43,12,24,jspace,ok,action,,,
1.0,1.0,disclosure,categorical,44,12,24,residual,ok,action,,,
0.4166666666666667,0.3333333333333333,disclosure,categorical,44,12,24,jspace,ok,action,,,
1.0,1.0,disclosure,categorical,45,12,24,residual,ok,action,,,
0.4166666666666667,0.3333333333333333,disclosure,categorical,45,12,24,jspace,ok,action,,,
1.0,1.0,disclosure,categorical,46,12,24,residual,ok,action,,,
0.4166666666666667,0.3333333333333333,disclosure,categorical,46,12,24,jspace,ok,action,,,
1.0,1.0,disclosure,categorical,47,12,24,residual,ok,action,,,
0.4166666666666667,0.3333333333333333,disclosure,categorical,47,12,24,jspace,ok,action,,,
1.0,1.0,disclosure,categorical,48,12,24,residual,ok,action,,,
0.4166666666666667,0.3333333333333333,disclosure,categorical,48,12,24,jspace,ok,action,,,
1.0,1.0,disclosure,categorical,49,12,24,residual,ok,action,,,
0.4166666666666667,0.3333333333333333,disclosure,categorical,49,12,24,jspace,ok,action,,,
1.0,1.0,disclosure,categorical,50,12,24,residual,ok,action,,,
0.4166666666666667,0.3333333333333333,disclosure,categorical,50,12,24,jspace,ok,action,,,
1.0,1.0,disclosure,categorical,51,12,24,residual,ok,action,,,
0.4166666666666667,0.3333333333333333,disclosure,categorical,51,12,24,jspace,ok,action,,,
1.0,1.0,disclosure,categorical,52,12,24,residual,ok,action,,,
0.4166666666666667,0.3333333333333333,disclosure,categorical,52,12,24,jspace,ok,action,,,
1.0,1.0,disclosure,categorical,53,12,24,residual,ok,action,,,
0.4166666666666667,0.3333333333333333,disclosure,categorical,53,12,24,jspace,ok,action,,,
1.0,1.0,disclosure,categorical,54,12,24,residual,ok,action,,,
0.4166666666666667,0.3333333333333333,disclosure,categorical,54,12,24,jspace,ok,action,,,
1.0,1.0,disclosure,categorical,55,12,24,residual,ok,action,,,
0.75,0.6666666666666666,disclosure,categorical,55,12,24,jspace,ok,action,,,
1.0,1.0,disclosure,categorical,56,12,24,residual,ok,action,,,
0.4166666666666667,0.3333333333333333,disclosure,categorical,56,12,24,jspace,ok,action,,,
1.0,1.0,disclosure,categorical,57,12,24,residual,ok,action,,,
0.4166666666666667,0.3333333333333333,disclosure,categorical,57,12,24,jspace,ok,action,,,
1.0,1.0,disclosure,categorical,58,12,24,residual,ok,action,,,
0.4166666666666667,0.3333333333333333,disclosure,categorical,58,12,24,jspace,ok,action,,,
1.0,1.0,disclosure,categorical,59,12,24,residual,ok,action,,,
0.4166666666666667,0.3333333333333333,disclosure,categorical,59,12,24,jspace,ok,action,,,
1.0,1.0,disclosure,categorical,60,12,24,residual,ok,action,,,
0.4166666666666667,0.3333333333333333,disclosure,categorical,60,12,24,jspace,ok,action,,,
1.0,1.0,disclosure,categorical,61,12,24,residual,ok,action,,,
0.75,0.6666666666666666,disclosure,categorical,61,12,24,jspace,ok,action,,,
1.0,1.0,disclosure,categorical,62,12,24,residual,ok,action,,,
0.75,0.6666666666666666,disclosure,categorical,62,12,24,jspace,ok,action,,,
,,disclosure,scalar,-1,12,24,output,ok,belief,0.34175763706642365,0.16730698612001205,0.11153731161316538
,,disclosure,scalar,0,12,24,residual,ok,belief,0.8589602193987684,0.15499693651994073,0.21381077119147718
,,disclosure,scalar,0,12,24,jspace,ok,belief,0.32646722898968733,0.1844682796428311,0.002502729012420324
,,disclosure,scalar,1,12,24,residual,ok,belief,0.9522777830989179,0.5073798580302132,-5.112293621990484
,,disclosure,scalar,1,12,24,jspace,ok,belief,0.09135435115512613,0.18488901537108413,0.0007534216027891283
,,disclosure,scalar,2,12,24,residual,ok,belief,0.9628853484243265,0.5130162768893771,-5.26549689848445
,,disclosure,scalar,2,12,24,jspace,ok,belief,-0.37141939182263206,0.1851918857610284,-3.121562798047428e-05
,,disclosure,scalar,3,12,24,residual,ok,belief,0.9387245219576922,0.42508468197451704,-3.337145668533206
,,disclosure,scalar,3,12,24,jspace,ok,belief,0.2261763947158349,0.18518642853984865,9.448919318089111e-07
,,disclosure,scalar,4,12,24,residual,ok,belief,0.9409059413454763,0.4862620052364138,-4.678050643855035
,,disclosure,scalar,4,12,24,jspace,ok,belief,0.10991363077097425,0.1852414180590984,-2.7891788056955136e-07
,,disclosure,scalar,5,12,24,residual,ok,belief,0.934599799495935,0.2333989743557241,-0.46410058590805137
,,disclosure,scalar,5,12,24,jspace,ok,belief,0.002234611559251014,0.1851923637879419,1.470020841720654e-07
,,disclosure,scalar,6,12,24,residual,ok,belief,0.9243400147734737,0.39985671556658214,-2.896957037163462
,,disclosure,scalar,6,12,24,jspace,ok,belief,0.2947371257258427,0.18518405316396133,4.059463848404832e-06
,,disclosure,scalar,7,12,24,residual,ok,belief,0.9218100334140823,0.7844324997729725,-13.457585683433752
,,disclosure,scalar,7,12,24,jspace,ok,belief,-0.04048544143026676,0.1851866463901816,-2.2613875181320964e-06
,,disclosure,scalar,8,12,24,residual,ok,belief,0.9511000103533358,0.8521530421243773,-15.992565075039646
,,disclosure,scalar,8,12,24,jspace,ok,belief,-0.6117291703520751,0.18520526269185664,-0.00023905630472809136
,,disclosure,scalar,9,12,24,residual,ok,belief,0.9634307673658205,1.0698506848679645,-25.67171615645353
,,disclosure,scalar,9,12,24,jspace,ok,belief,-0.4566050954962264,0.18532295197216989,-0.0010229657483220578
,,disclosure,scalar,10,12,24,residual,ok,belief,0.9510639195726165,0.7597620230582024,-12.534396719768457
,,disclosure,scalar,10,12,24,jspace,ok,belief,0.10506176933000967,0.18517781289476332,6.598307567218242e-06
,,disclosure,scalar,11,12,24,residual,ok,belief,0.963508057864225,0.7670309113131628,-12.742299180393301
,,disclosure,scalar,11,12,24,jspace,ok,belief,-0.30616728301650514,0.18518607865075457,-1.5819462528154915e-05
,,disclosure,scalar,12,12,24,residual,ok,belief,0.9439795158061599,0.27876959409978647,-0.966444323542103
,,disclosure,scalar,12,12,24,jspace,ok,belief,-0.6392329493400233,0.18526905485316694,-0.0007024023556221337
,,disclosure,scalar,13,12,24,residual,ok,belief,0.9517943656319203,0.3762934671507941,-2.3981251206588072
,,disclosure,scalar,13,12,24,jspace,ok,belief,0.2975160505561151,0.18465977564375366,0.00878254821344493
,,disclosure,scalar,14,12,24,residual,ok,belief,0.9644051334126098,0.23465985101130268,-0.3814191832245861
,,disclosure,scalar,14,12,24,jspace,ok,belief,0.057131303463448795,0.18521633909412513,7.468319415893099e-06
,,disclosure,scalar,15,12,24,residual,ok,belief,0.963612173932776,0.4502717637353473,-3.805501745209618
,,disclosure,scalar,15,12,24,jspace,ok,belief,0.36811988985112204,0.18516497121010064,7.649896402694978e-05
,,disclosure,scalar,16,12,24,residual,ok,belief,0.9756684456049616,0.8996619416607752,-17.835161500176465
,,disclosure,scalar,16,12,24,jspace,ok,belief,0.5341102826810564,0.1851992805874455,9.15434774156898e-05
,,disclosure,scalar,17,12,24,residual,ok,belief,0.9467341030302331,1.0843369397852158,-26.3724015964681
,,disclosure,scalar,17,12,24,jspace,ok,belief,0.43835572720633403,0.18520633469757716,9.225489657915809e-05
,,disclosure,scalar,18,12,24,residual,ok,belief,0.9482812429566514,1.2452439698908067,-35.04354287500825
,,disclosure,scalar,18,12,24,jspace,ok,belief,-0.16414464257365502,0.18501050035467914,-9.531947272622965e-05
,,disclosure,scalar,19,12,24,residual,ok,belief,0.9636473191768811,0.5171817027860217,-5.320428775934692
,,disclosure,scalar,19,12,24,jspace,ok,belief,-0.04570072402452864,0.18534898919938228,-2.736814465431614e-05
,,disclosure,scalar,20,12,24,residual,ok,belief,0.939801271757299,0.4490528884861204,-3.8846539741087662
,,disclosure,scalar,20,12,24,jspace,ok,belief,0.5443412455863205,0.18518858892016765,2.4864297298421434e-05
,,disclosure,scalar,21,12,24,residual,ok,belief,0.9221954255406191,0.4539412740204069,-3.9959823719899834
,,disclosure,scalar,21,12,24,jspace,ok,belief,0.6708781014726494,0.18516856347152577,0.00011531556639743368
,,disclosure,scalar,22,12,24,residual,ok,belief,0.9265758212532116,0.5255518141720029,-5.622496783159311
,,disclosure,scalar,22,12,24,jspace,ok,belief,0.7319367158657968,0.18529011663295036,0.0001592380312571695
,,disclosure,scalar,23,12,24,residual,ok,belief,0.9572734358761615,0.689622186952167,-10.175918408796887
,,disclosure,scalar,23,12,24,jspace,ok,belief,0.5574785954251595,0.18636542457125616,-0.0009548753910368912
,,disclosure,scalar,24,12,24,residual,ok,belief,0.9548599994757803,1.0966384642653997,-26.972470512728083
,,disclosure,scalar,24,12,24,jspace,ok,belief,0.5431935883636769,0.18518260423866872,1.573702382862141e-05
,,disclosure,scalar,25,12,24,residual,ok,belief,0.9537632338913614,0.7928066584799026,-13.699481431973643
,,disclosure,scalar,25,12,24,jspace,ok,belief,-0.7416445017371086,0.1852069784911161,-0.0005229030562050596
,,disclosure,scalar,26,12,24,residual,ok,belief,0.9495527470339622,0.7093386484516991,-10.832370565089022
,,disclosure,scalar,26,12,24,jspace,ok,belief,0.6117297387729898,0.18515659837914325,3.7215518162936334e-05
,,disclosure,scalar,27,12,24,residual,ok,belief,0.9653344323977543,0.8599785897466873,-16.205316289422683
,,disclosure,scalar,27,12,24,jspace,ok,belief,-0.22908816524056957,0.1851902459373356,-3.0269117050840677e-05
,,disclosure,scalar,28,12,24,residual,ok,belief,0.9661182106478181,0.7077322039339277,-10.672526534800985
,,disclosure,scalar,28,12,24,jspace,ok,belief,0.15469798532578824,0.18499010722024498,-2.503792224950452e-05
,,disclosure,scalar,29,12,24,residual,ok,belief,0.9639189957654394,0.823381437195672,-14.769348395452184
,,disclosure,scalar,29,12,24,jspace,ok,belief,0.5352783156862315,0.18560731092337676,-9.086967637950139e-05
,,disclosure,scalar,30,12,24,residual,ok,belief,0.95566482899919,0.848307016823027,-15.7639478020489
,,disclosure,scalar,30,12,24,jspace,ok,belief,0.3742538605475326,0.1851306685846524,3.0115421022491873e-05
,,disclosure,scalar,31,12,24,residual,ok,belief,0.9681646266679024,0.874383557173941,-16.76959916147159
,,disclosure,scalar,31,12,24,jspace,ok,belief,0.23641113446885637,0.18517488124293288,1.9320276355760946e-05
,,disclosure,scalar,32,12,24,residual,ok,belief,0.9769427624053266,0.7479643556806778,-12.002832365177314
,,disclosure,scalar,32,12,24,jspace,ok,belief,0.17403010737003471,0.18517517535198777,0.00012458265762127496
,,disclosure,scalar,33,12,24,residual,ok,belief,0.9799247500620002,0.6420036835802926,-8.579183096573745
,,disclosure,scalar,33,12,24,jspace,ok,belief,-0.4361267177741421,0.18519675010567352,-9.305412753235487e-05
,,disclosure,scalar,34,12,24,residual,ok,belief,0.9758903922330968,0.579155448410246,-6.811949300513092
,,disclosure,scalar,34,12,24,jspace,ok,belief,0.10787658441423577,0.18519022537258598,1.0397775042858548e-05
,,disclosure,scalar,35,12,24,residual,ok,belief,0.9859267785865289,0.2222745824191306,-0.17333389583391035
,,disclosure,scalar,35,12,24,jspace,ok,belief,0.02850937082676474,0.18518238150706431,1.741866361015809e-05
,,disclosure,scalar,36,12,24,residual,ok,belief,0.9894892924766913,0.22514335645569702,-0.19582262671419803
,,disclosure,scalar,36,12,24,jspace,ok,belief,0.6504420962297537,0.18518691780215624,7.944081225963462e-05
,,disclosure,scalar,37,12,24,residual,ok,belief,0.990403136442449,0.21152808351649185,-0.05583363816751796
,,disclosure,scalar,37,12,24,jspace,ok,belief,0.4347935308381999,0.18519409253029018,0.00012920506222591222
,,disclosure,scalar,38,12,24,residual,ok,belief,0.9886779357071818,0.139110995663537,0.5288874061511035
,,disclosure,scalar,38,12,24,jspace,ok,belief,0.6758935110182391,0.18517822299457135,0.0003204512021250938
,,disclosure,scalar,39,12,24,residual,ok,belief,0.9887708882393397,0.10169480327102876,0.7295653979437842
,,disclosure,scalar,39,12,24,jspace,ok,belief,0.9304605241882175,0.18515190421253722,0.00040955106725204526
,,disclosure,scalar,40,12,24,residual,ok,belief,0.9886362917895687,0.08823267204893963,0.7859511483646577
,,disclosure,scalar,40,12,24,jspace,ok,belief,0.5291024235837083,0.18518975134608506,0.0005288738824845707
,,disclosure,scalar,41,12,24,residual,ok,belief,0.9877885525288468,0.055026854077974974,0.894898102696209
,,disclosure,scalar,41,12,24,jspace,ok,belief,0.5920234498172389,0.18517059649446632,0.0011786231472146191
,,disclosure,scalar,42,12,24,residual,ok,belief,0.988282063258108,0.07364715221855378,0.8318918143804266
,,disclosure,scalar,42,12,24,jspace,ok,belief,0.6006358124506878,0.18446331190208884,0.03613293246493865
,,disclosure,scalar,43,12,24,residual,ok,belief,0.9707820770073358,0.06771205117305122,0.8319884112747112
,,disclosure,scalar,43,12,24,jspace,ok,belief,-0.47413638804656244,0.18752228453236222,-0.022765690048075493
,,disclosure,scalar,44,12,24,residual,ok,belief,0.9768866820864702,0.06120770010683272,0.8874924620472218
,,disclosure,scalar,44,12,24,jspace,ok,belief,0.4407504350608301,0.18532256696363877,0.0022739267101686833
,,disclosure,scalar,45,12,24,residual,ok,belief,0.9804324550318334,0.06522296948565377,0.8839382360776779
,,disclosure,scalar,45,12,24,jspace,ok,belief,0.489925312730206,0.18389363406021028,0.009667755578730008
,,disclosure,scalar,46,12,24,residual,ok,belief,0.9829226550748328,0.06002969377570683,0.9009406206941422
,,disclosure,scalar,46,12,24,jspace,ok,belief,0.29349204823391184,0.18205890109614242,0.01739436590659138
,,disclosure,scalar,47,12,24,residual,ok,belief,0.9742591444238933,0.05631428377495871,0.9000367698961536
,,disclosure,scalar,47,12,24,jspace,ok,belief,-0.46746250039988224,0.18223994057533055,-0.04339239402903372
,,disclosure,scalar,48,12,24,residual,ok,belief,0.9715735947158133,0.056651396056016275,0.8789974932276617
,,disclosure,scalar,48,12,24,jspace,ok,belief,0.3740183403917944,0.18525559469529693,0.0019019464266316621
,,disclosure,scalar,49,12,24,residual,ok,belief,0.9614211402355572,0.06436719993750253,0.864523891283287
,,disclosure,scalar,49,12,24,jspace,ok,belief,0.5207341345437212,0.18525997088229648,0.0025737936105394432
,,disclosure,scalar,50,12,24,residual,ok,belief,0.9464543394714672,0.07320920957459343,0.8347553729204951
,,disclosure,scalar,50,12,24,jspace,ok,belief,0.7819148336932272,0.18500796911904296,0.0026729572334802665
,,disclosure,scalar,51,12,24,residual,ok,belief,0.9450483328613808,0.07742096814844342,0.7816148202518438
,,disclosure,scalar,51,12,24,jspace,ok,belief,0.5755697126407981,0.1847318660009073,0.0068269946808618975
,,disclosure,scalar,52,12,24,residual,ok,belief,0.9467619048440813,0.07879908714029522,0.780365170439563
,,disclosure,scalar,52,12,24,jspace,ok,belief,0.6803344625539328,0.18524366920556964,0.0036183207235748194
,,disclosure,scalar,53,12,24,residual,ok,belief,0.9500285497576442,0.07510855628384483,0.800082157368921
,,disclosure,scalar,53,12,24,jspace,ok,belief,0.7285730854639598,0.18542871437910782,0.006781288349661296
,,disclosure,scalar,54,12,24,residual,ok,belief,0.953034727987957,0.07490176045232348,0.8070845676217613
,,disclosure,scalar,54,12,24,jspace,ok,belief,0.44296208503770645,0.18620167000297172,0.021203021009430723
,,disclosure,scalar,55,12,24,residual,ok,belief,0.9453563338333952,0.07629356450504726,0.8059416908858935
,,disclosure,scalar,55,12,24,jspace,ok,belief,0.24098627590308103,0.18544105202799155,0.013195272437112715
,,disclosure,scalar,56,12,24,residual,ok,belief,0.9459020779467417,0.07718621111578411,0.8228252322433549
,,disclosure,scalar,56,12,24,jspace,ok,belief,0.22021290601833235,0.18486705397562284,0.006201659245813396
,,disclosure,scalar,57,12,24,residual,ok,belief,0.9413925640052586,0.07737189448542064,0.8136212533176884
,,disclosure,scalar,57,12,24,jspace,ok,belief,0.006338038587734668,0.18344656376729618,-0.0007680982171600625
,,disclosure,scalar,58,12,24,residual,ok,belief,0.9422216690214086,0.07890169736411835,0.8209940137101308
,,disclosure,scalar,58,12,24,jspace,ok,belief,0.4358415416123308,0.18350102724700823,0.02194219089376559
,,disclosure,scalar,59,12,24,residual,ok,belief,0.9375542993666119,0.08241632497972912,0.8046001763977297
,,disclosure,scalar,59,12,24,jspace,ok,belief,0.2541413694105965,0.1854365650958817,0.009720334422985144
,,disclosure,scalar,60,12,24,residual,ok,belief,0.942040965802903,0.0921868723299768,0.7589247254326168
,,disclosure,scalar,60,12,24,jspace,ok,belief,0.2844536869826505,0.18335970879237382,0.00854252128769839
,,disclosure,scalar,61,12,24,residual,ok,belief,0.9425881751347844,0.09910929616954589,0.7162369154802475
,,disclosure,scalar,61,12,24,jspace,ok,belief,0.4101201411856142,0.1765986938277205,0.06639952202876065
,,disclosure,scalar,62,12,24,residual,ok,belief,0.9428915075936998,0.09718210664060378,0.7104674344098427
,,disclosure,scalar,62,12,24,jspace,ok,belief,0.35680464066181433,0.1742185427370284,0.07713233464346625
,,disclosure,scalar,-1,12,24,output,constant_target,objective,,,
,,disclosure,scalar,0,12,24,residual,constant_target,objective,,,
,,disclosure,scalar,0,12,24,jspace,constant_target,objective,,,
,,disclosure,scalar,1,12,24,residual,constant_target,objective,,,
,,disclosure,scalar,1,12,24,jspace,constant_target,objective,,,
,,disclosure,scalar,2,12,24,residual,constant_target,objective,,,
,,disclosure,scalar,2,12,24,jspace,constant_target,objective,,,
,,disclosure,scalar,3,12,24,residual,constant_target,objective,,,
,,disclosure,scalar,3,12,24,jspace,constant_target,objective,,,
,,disclosure,scalar,4,12,24,residual,constant_target,objective,,,
,,disclosure,scalar,4,12,24,jspace,constant_target,objective,,,
,,disclosure,scalar,5,12,24,residual,constant_target,objective,,,
,,disclosure,scalar,5,12,24,jspace,constant_target,objective,,,
,,disclosure,scalar,6,12,24,residual,constant_target,objective,,,
,,disclosure,scalar,6,12,24,jspace,constant_target,objective,,,
,,disclosure,scalar,7,12,24,residual,constant_target,objective,,,
,,disclosure,scalar,7,12,24,jspace,constant_target,objective,,,
,,disclosure,scalar,8,12,24,residual,constant_target,objective,,,
,,disclosure,scalar,8,12,24,jspace,constant_target,objective,,,
,,disclosure,scalar,9,12,24,residual,constant_target,objective,,,
,,disclosure,scalar,9,12,24,jspace,constant_target,objective,,,
,,disclosure,scalar,10,12,24,residual,constant_target,objective,,,
,,disclosure,scalar,10,12,24,jspace,constant_target,objective,,,
,,disclosure,scalar,11,12,24,residual,constant_target,objective,,,
,,disclosure,scalar,11,12,24,jspace,constant_target,objective,,,
,,disclosure,scalar,12,12,24,residual,constant_target,objective,,,
,,disclosure,scalar,12,12,24,jspace,constant_target,objective,,,
,,disclosure,scalar,13,12,24,residual,constant_target,objective,,,
,,disclosure,scalar,13,12,24,jspace,constant_target,objective,,,
,,disclosure,scalar,14,12,24,residual,constant_target,objective,,,
,,disclosure,scalar,14,12,24,jspace,constant_target,objective,,,
,,disclosure,scalar,15,12,24,residual,constant_target,objective,,,
,,disclosure,scalar,15,12,24,jspace,constant_target,objective,,,
,,disclosure,scalar,16,12,24,residual,constant_target,objective,,,
,,disclosure,scalar,16,12,24,jspace,constant_target,objective,,,
,,disclosure,scalar,17,12,24,residual,constant_target,objective,,,
,,disclosure,scalar,17,12,24,jspace,constant_target,objective,,,
,,disclosure,scalar,18,12,24,residual,constant_target,objective,,,
,,disclosure,scalar,18,12,24,jspace,constant_target,objective,,,
,,disclosure,scalar,19,12,24,residual,constant_target,objective,,,
,,disclosure,scalar,19,12,24,jspace,constant_target,objective,,,
,,disclosure,scalar,20,12,24,residual,constant_target,objective,,,
,,disclosure,scalar,20,12,24,jspace,constant_target,objective,,,
,,disclosure,scalar,21,12,24,residual,constant_target,objective,,,
,,disclosure,scalar,21,12,24,jspace,constant_target,objective,,,
,,disclosure,scalar,22,12,24,residual,constant_target,objective,,,
,,disclosure,scalar,22,12,24,jspace,constant_target,objective,,,
,,disclosure,scalar,23,12,24,residual,constant_target,objective,,,
,,disclosure,scalar,23,12,24,jspace,constant_target,objective,,,
,,disclosure,scalar,24,12,24,residual,constant_target,objective,,,
,,disclosure,scalar,24,12,24,jspace,constant_target,objective,,,
,,disclosure,scalar,25,12,24,residual,constant_target,objective,,,
,,disclosure,scalar,25,12,24,jspace,constant_target,objective,,,
,,disclosure,scalar,26,12,24,residual,constant_target,objective,,,
,,disclosure,scalar,26,12,24,jspace,constant_target,objective,,,
,,disclosure,scalar,27,12,24,residual,constant_target,objective,,,
,,disclosure,scalar,27,12,24,jspace,constant_target,objective,,,
,,disclosure,scalar,28,12,24,residual,constant_target,objective,,,
,,disclosure,scalar,28,12,24,jspace,constant_target,objective,,,
,,disclosure,scalar,29,12,24,residual,constant_target,objective,,,
,,disclosure,scalar,29,12,24,jspace,constant_target,objective,,,
,,disclosure,scalar,30,12,24,residual,constant_target,objective,,,
,,disclosure,scalar,30,12,24,jspace,constant_target,objective,,,
,,disclosure,scalar,31,12,24,residual,constant_target,objective,,,
,,disclosure,scalar,31,12,24,jspace,constant_target,objective,,,
,,disclosure,scalar,32,12,24,residual,constant_target,objective,,,
,,disclosure,scalar,32,12,24,jspace,constant_target,objective,,,
,,disclosure,scalar,33,12,24,residual,constant_target,objective,,,
,,disclosure,scalar,33,12,24,jspace,constant_target,objective,,,
,,disclosure,scalar,34,12,24,residual,constant_target,objective,,,
,,disclosure,scalar,34,12,24,jspace,constant_target,objective,,,
,,disclosure,scalar,35,12,24,residual,constant_target,objective,,,
,,disclosure,scalar,35,12,24,jspace,constant_target,objective,,,
,,disclosure,scalar,36,12,24,residual,constant_target,objective,,,
,,disclosure,scalar,36,12,24,jspace,constant_target,objective,,,
,,disclosure,scalar,37,12,24,residual,constant_target,objective,,,
,,disclosure,scalar,37,12,24,jspace,constant_target,objective,,,
,,disclosure,scalar,38,12,24,residual,constant_target,objective,,,
,,disclosure,scalar,38,12,24,jspace,constant_target,objective,,,
,,disclosure,scalar,39,12,24,residual,constant_target,objective,,,
,,disclosure,scalar,39,12,24,jspace,constant_target,objective,,,
,,disclosure,scalar,40,12,24,residual,constant_target,objective,,,
,,disclosure,scalar,40,12,24,jspace,constant_target,objective,,,
,,disclosure,scalar,41,12,24,residual,constant_target,objective,,,
,,disclosure,scalar,41,12,24,jspace,constant_target,objective,,,
,,disclosure,scalar,42,12,24,residual,constant_target,objective,,,
,,disclosure,scalar,42,12,24,jspace,constant_target,objective,,,
,,disclosure,scalar,43,12,24,residual,constant_target,objective,,,
,,disclosure,scalar,43,12,24,jspace,constant_target,objective,,,
,,disclosure,scalar,44,12,24,residual,constant_target,objective,,,
,,disclosure,scalar,44,12,24,jspace,constant_target,objective,,,
,,disclosure,scalar,45,12,24,residual,constant_target,objective,,,
,,disclosure,scalar,45,12,24,jspace,constant_target,objective,,,
,,disclosure,scalar,46,12,24,residual,constant_target,objective,,,
,,disclosure,scalar,46,12,24,jspace,constant_target,objective,,,
,,disclosure,scalar,47,12,24,residual,constant_target,objective,,,
,,disclosure,scalar,47,12,24,jspace,constant_target,objective,,,
,,disclosure,scalar,48,12,24,residual,constant_target,objective,,,
,,disclosure,scalar,48,12,24,jspace,constant_target,objective,,,
,,disclosure,scalar,49,12,24,residual,constant_target,objective,,,
,,disclosure,scalar,49,12,24,jspace,constant_target,objective,,,
,,disclosure,scalar,50,12,24,residual,constant_target,objective,,,
,,disclosure,scalar,50,12,24,jspace,constant_target,objective,,,
,,disclosure,scalar,51,12,24,residual,constant_target,objective,,,
,,disclosure,scalar,51,12,24,jspace,constant_target,objective,,,
,,disclosure,scalar,52,12,24,residual,constant_target,objective,,,
,,disclosure,scalar,52,12,24,jspace,constant_target,objective,,,
,,disclosure,scalar,53,12,24,residual,constant_target,objective,,,
,,disclosure,scalar,53,12,24,jspace,constant_target,objective,,,
,,disclosure,scalar,54,12,24,residual,constant_target,objective,,,
,,disclosure,scalar,54,12,24,jspace,constant_target,objective,,,
,,disclosure,scalar,55,12,24,residual,constant_target,objective,,,
,,disclosure,scalar,55,12,24,jspace,constant_target,objective,,,
,,disclosure,scalar,56,12,24,residual,constant_target,objective,,,
,,disclosure,scalar,56,12,24,jspace,constant_target,objective,,,
,,disclosure,scalar,57,12,24,residual,constant_target,objective,,,
,,disclosure,scalar,57,12,24,jspace,constant_target,objective,,,
,,disclosure,scalar,58,12,24,residual,constant_target,objective,,,
,,disclosure,scalar,58,12,24,jspace,constant_target,objective,,,
,,disclosure,scalar,59,12,24,residual,constant_target,objective,,,
,,disclosure,scalar,59,12,24,jspace,constant_target,objective,,,
,,disclosure,scalar,60,12,24,residual,constant_target,objective,,,
,,disclosure,scalar,60,12,24,jspace,constant_target,objective,,,
,,disclosure,scalar,61,12,24,residual,constant_target,objective,,,
,,disclosure,scalar,61,12,24,jspace,constant_target,objective,,,
,,disclosure,scalar,62,12,24,residual,constant_target,objective,,,
,,disclosure,scalar,62,12,24,jspace,constant_target,objective,,,
,,disclosure,scalar,-1,12,24,output,ok,value_margin,0.5019608165314531,1.6350560903549194,0.19876007450805933
,,disclosure,scalar,0,12,24,residual,ok,value_margin,0.7887058032787819,13.003243160247804,-36.78669382064845
,,disclosure,scalar,0,12,24,jspace,ok,value_margin,-0.23494596046216354,2.1044670744288356,-0.000245097789052684
,,disclosure,scalar,1,12,24,residual,ok,value_margin,0.6695418549536638,2.0638710081577307,-0.34609719486693
,,disclosure,scalar,1,12,24,jspace,ok,value_margin,0.19982272859643185,2.1034454416506168,0.0006959788348162022
,,disclosure,scalar,2,12,24,residual,ok,value_margin,0.9016061336269936,1.5598086178302768,0.18894768364340753
,,disclosure,scalar,2,12,24,jspace,ok,value_margin,0.5204574324850626,2.1041106710156434,5.9677089093934654e-05
,,disclosure,scalar,3,12,24,residual,ok,value_margin,0.8329179015029646,3.683719786008199,-2.327278158172274
,,disclosure,scalar,3,12,24,jspace,ok,value_margin,0.6050630695938604,2.1041645185745956,2.175048249952738e-06
,,disclosure,scalar,4,12,24,residual,ok,value_margin,0.8524080120812672,2.330960520108541,-0.48738796428782183
,,disclosure,scalar,4,12,24,jspace,ok,value_margin,0.08939552652852625,2.104164251034388,1.932402192261762e-06
,,disclosure,scalar,5,12,24,residual,ok,value_margin,0.8557374176682971,3.3052226781845095,-1.7036325343662742
,,disclosure,scalar,5,12,24,jspace,ok,value_margin,0.0643122099420248,2.104162544425649,1.4324982393398855e-05
,,disclosure,scalar,6,12,24,residual,ok,value_margin,0.8548896944725569,3.391960956652959,-1.8254814693984898
,,disclosure,scalar,6,12,24,jspace,ok,value_margin,0.3342644899946382,2.1039999205817908,0.0001596964695174119
,,disclosure,scalar,7,12,24,residual,ok,value_margin,0.8817705987492795,4.029316178957621,-2.813962144583464
,,disclosure,scalar,7,12,24,jspace,ok,value_margin,-0.4620551592763899,2.104198487044542,-2.8856681018041286e-05
,,disclosure,scalar,8,12,24,residual,ok,value_margin,0.9316779864254662,0.7367636243502299,0.7942783812080787
,,disclosure,scalar,8,12,24,jspace,ok,value_margin,-0.0029321684833147794,2.1041685830071466,-9.823152988808204e-07
,,disclosure,scalar,9,12,24,residual,ok,value_margin,0.8885352077371501,1.1961335102717083,0.4534737383422296
,,disclosure,scalar,9,12,24,jspace,ok,value_margin,-0.3243195806632611,2.1045770596263376,-0.00037192214788062117
,,disclosure,scalar,10,12,24,residual,ok,value_margin,0.8417238143422364,3.3691684385140745,-1.8280511046239938
,,disclosure,scalar,10,12,24,jspace,ok,value_margin,0.5351927197885347,2.104147964236302,1.8412772849751846e-05
,,disclosure,scalar,11,12,24,residual,ok,value_margin,0.7908712991159066,2.5260539531707766,-0.800078242813467
,,disclosure,scalar,11,12,24,jspace,ok,value_margin,0.11174252071704449,2.1041644426608714,6.77995129061415e-06
,,disclosure,scalar,12,12,24,residual,ok,value_margin,0.9173663234457009,6.865727293491363,-9.667366305413092
,,disclosure,scalar,12,12,24,jspace,ok,value_margin,-0.19056842144224928,2.1042372466920853,-5.840358218178743e-05
,,disclosure,scalar,13,12,24,residual,ok,value_margin,0.8446486777263008,13.573282845815022,-40.024487134649334
,,disclosure,scalar,13,12,24,jspace,ok,value_margin,0.09293404894452033,2.103377606084755,0.001665724805915314
,,disclosure,scalar,14,12,24,residual,ok,value_margin,0.8747789805034222,13.858364232381184,-41.72550167817779
,,disclosure,scalar,14,12,24,jspace,ok,value_margin,-0.055432109793288824,2.10417695353434,-3.0625660260241716e-05
,,disclosure,scalar,15,12,24,residual,ok,value_margin,0.9318110353678554,2.4936425467332204,-0.5949660453961978
,,disclosure,scalar,15,12,24,jspace,ok,value_margin,-0.0636620058059473,2.1041813872015127,-1.0221089290496366e-05
,,disclosure,scalar,16,12,24,residual,ok,value_margin,0.9226530192366033,12.210547971725463,-32.1309052382583
,,disclosure,scalar,16,12,24,jspace,ok,value_margin,0.5807887405811636,2.1041190666397296,4.567852765757774e-05
,,disclosure,scalar,17,12,24,residual,ok,value_margin,0.8174253361360079,10.252186822891234,-22.57555557568188
,,disclosure,scalar,17,12,24,jspace,ok,value_margin,0.2779692207979401,2.1041429929479594,1.9840846858576455e-05
,,disclosure,scalar,18,12,24,residual,ok,value_margin,0.8276967337339407,16.24383597373962,-57.61541563083254
,,disclosure,scalar,18,12,24,jspace,ok,value_margin,-0.28830850952160486,2.1042263372549246,-7.825405653516526e-05
,,disclosure,scalar,19,12,24,residual,ok,value_margin,0.9140817815948535,12.623900580406188,-34.410380851434596
,,disclosure,scalar,19,12,24,jspace,ok,value_margin,0.030102033496787254,2.1041484976107205,-6.53922009652419e-06
,,disclosure,scalar,20,12,24,residual,ok,value_margin,0.873119125167891,15.28225990931193,-50.88077568279906
,,disclosure,scalar,20,12,24,jspace,ok,value_margin,-0.38737570533486504,2.1041964533508364,-3.426055995259247e-05
,,disclosure,scalar,21,12,24,residual,ok,value_margin,0.8787531832632156,16.875409094492593,-62.19901003771416
,,disclosure,scalar,21,12,24,jspace,ok,value_margin,-0.14121645866572716,2.1041754557501675,-1.3735844700768496e-05
,,disclosure,scalar,22,12,24,residual,ok,value_margin,0.921645695381469,14.945161628723143,-48.61447367229883
,,disclosure,scalar,22,12,24,jspace,ok,value_margin,0.19718968604743622,2.1041485283897936,1.602647375265054e-05
,,disclosure,scalar,23,12,24,residual,ok,value_margin,0.8411612609878011,18.89648259480794,-78.18098068177586
,,disclosure,scalar,23,12,24,jspace,ok,value_margin,0.3601240210581516,2.10407373022199,-0.0001441122635441605
,,disclosure,scalar,24,12,24,residual,ok,value_margin,0.7807030308476705,23.18170464833577,-117.99562782455088
,,disclosure,scalar,24,12,24,jspace,ok,value_margin,-0.23044484034245494,2.1041759828223263,-7.218514553430921e-06
,,disclosure,scalar,25,12,24,residual,ok,value_margin,0.7802432445310525,21.185952472686765,-98.47006275728008
,,disclosure,scalar,25,12,24,jspace,ok,value_margin,0.4363150572899405,2.1032590118030465,0.0007381919213109711
,,disclosure,scalar,26,12,24,residual,ok,value_margin,0.7231719559444131,19.349858729044595,-82.11914032988739
,,disclosure,scalar,26,12,24,jspace,ok,value_margin,0.20082293507302265,2.104145866984132,1.5231689227013234e-05
,,disclosure,scalar,27,12,24,residual,ok,value_margin,0.8206962596135958,22.105751800537107,-107.19156666077875
,,disclosure,scalar,27,12,24,jspace,ok,value_margin,-0.4951454427280022,2.1041904281479824,-2.5814732018680786e-05
,,disclosure,scalar,28,12,24,residual,ok,value_margin,0.7774491331263592,19.505131769180295,-83.36389600169339
,,disclosure,scalar,28,12,24,jspace,ok,value_margin,-0.30216567348571843,2.104178237934116,-1.2941534586197179e-05
,,disclosure,scalar,29,12,24,residual,ok,value_margin,0.8017479553281495,18.99034123420715,-79.00950372447373
,,disclosure,scalar,29,12,24,jspace,ok,value_margin,0.6897352711135777,2.1041074000367512,5.27158161892638e-05
,,disclosure,scalar,30,12,24,residual,ok,value_margin,0.9221579678368258,15.834982522328692,-54.67217707250684
,,disclosure,scalar,30,12,24,jspace,ok,value_margin,0.16570782680293217,2.1041639902595466,-0.00085342294872226
,,disclosure,scalar,31,12,24,residual,ok,value_margin,0.9459784811461089,12.214647340774535,-32.04766590093934
,,disclosure,scalar,31,12,24,jspace,ok,value_margin,0.0556377787310318,2.1041605184815757,3.6842521690116925e-06
,,disclosure,scalar,32,12,24,residual,ok,value_margin,0.9406301231396885,7.763206549485524,-12.415456220964252
,,disclosure,scalar,32,12,24,jspace,ok,value_margin,-0.11292556058009118,2.1044238254031726,-0.00014590041426831846
,,disclosure,scalar,33,12,24,residual,ok,value_margin,0.9368761352035446,2.8088625351587932,-0.8851335954472499
,,disclosure,scalar,33,12,24,jspace,ok,value_margin,-0.016466521469599562,2.104151854945202,-6.092138717939122e-06
,,disclosure,scalar,34,12,24,residual,ok,value_margin,0.928352458903468,0.7227291127045947,0.7933198951130096
,,disclosure,scalar,34,12,24,jspace,ok,value_margin,-0.3585315862964236,2.1042114728270076,-4.336495648837868e-05
,,disclosure,scalar,35,12,24,residual,ok,value_margin,0.9150992670893523,1.0666584451993306,0.6792849770187098
,,disclosure,scalar,35,12,24,jspace,ok,value_margin,-0.700507434746475,2.1042262853135663,-5.753904064054183e-05
,,disclosure,scalar,36,12,24,residual,ok,value_margin,0.9383102864826959,1.1507783253987631,0.6733043224651298
,,disclosure,scalar,36,12,24,jspace,ok,value_margin,-0.3137406027944601,2.1042030889960355,-3.024763802961239e-05
,,disclosure,scalar,37,12,24,residual,ok,value_margin,0.9354325043292754,1.3234313050905864,0.5475175405915053
,,disclosure,scalar,37,12,24,jspace,ok,value_margin,-0.03540543824266818,2.104172329612951,-3.2464491355188585e-06
,,disclosure,scalar,38,12,24,residual,ok,value_margin,0.9101284676699765,1.7929751992225649,0.11726041829936762
,,disclosure,scalar,38,12,24,jspace,ok,value_margin,-0.01856900088345989,2.104167858560923,-6.151887271821366e-06
,,disclosure,scalar,39,12,24,residual,ok,value_margin,0.9084333134286185,2.9306775053342182,-1.127668285095465
,,disclosure,scalar,39,12,24,jspace,ok,value_margin,0.6222414195240669,2.1040762930462065,9.140055403933367e-05
,,disclosure,scalar,40,12,24,residual,ok,value_margin,0.8763383439959996,3.9286241650581353,-2.763567284610271
,,disclosure,scalar,40,12,24,jspace,ok,value_margin,-0.34661255098180394,2.1042184517114273,-4.855377536894245e-05
,,disclosure,scalar,41,12,24,residual,ok,value_margin,0.9360759570557079,3.314752352237701,-1.5587651125602902
,,disclosure,scalar,41,12,24,jspace,ok,value_margin,-0.2971323052522806,2.104308048632681,-0.00013853075809611148
,,disclosure,scalar,42,12,24,residual,ok,value_margin,0.9441601974295467,3.1898761709531147,-1.3565589592652496
,,disclosure,scalar,42,12,24,jspace,ok,value_margin,0.009086455302699437,2.1037791739216503,-0.0004881823677918007
,,disclosure,scalar,43,12,24,residual,ok,value_margin,0.9647720080810828,1.0680833558241527,0.6560785318736008
,,disclosure,scalar,43,12,24,jspace,ok,value_margin,-0.4150328564282348,2.11614431000818,-0.010967748684404643
,,disclosure,scalar,44,12,24,residual,ok,value_margin,0.9696702097649402,0.7172741293907167,0.8396421670211367
,,disclosure,scalar,44,12,24,jspace,ok,value_margin,0.4269029608209946,2.100170822571419,0.0032372117893174623
,,disclosure,scalar,45,12,24,residual,ok,value_margin,0.9667149429143098,0.8486407438913983,0.7957265836106171
,,disclosure,scalar,45,12,24,jspace,ok,value_margin,0.49841212284648384,2.041127645370899,0.047457796552973996
,,disclosure,scalar,46,12,24,residual,ok,value_margin,0.9596032911838527,0.7257223069667819,0.8564490757252681
,,disclosure,scalar,46,12,24,jspace,ok,value_margin,0.4099861860194796,2.0648221426510425,0.03075492093696741
,,disclosure,scalar,47,12,24,residual,ok,value_margin,0.9729636406470507,0.7513337194919587,0.8198196128474532
,,disclosure,scalar,47,12,24,jspace,ok,value_margin,0.476624359387123,2.0414570098562934,0.02812824562989591
,,disclosure,scalar,48,12,24,residual,ok,value_margin,0.9706054934599109,0.9093434035778046,0.7419843244546138
,,disclosure,scalar,48,12,24,jspace,ok,value_margin,0.2038558073132619,2.1029404620904106,0.0008770852325712397
,,disclosure,scalar,49,12,24,residual,ok,value_margin,0.9567932192539294,1.0100597421328226,0.68096769287235
,,disclosure,scalar,49,12,24,jspace,ok,value_margin,0.6312197490936515,2.103696776067363,0.00033162984431356346
,,disclosure,scalar,50,12,24,residual,ok,value_margin,0.9247715156153014,1.067055724064509,0.6623448704023993
,,disclosure,scalar,50,12,24,jspace,ok,value_margin,0.3953822797684074,2.102749062769363,0.0012661156217902425
,,disclosure,scalar,51,12,24,residual,ok,value_margin,0.9201783418642498,1.2822238683700562,0.4553660260694613
,,disclosure,scalar,51,12,24,jspace,ok,value_margin,0.047290180035651955,2.1027770459314747,0.0004580611788391753
,,disclosure,scalar,52,12,24,residual,ok,value_margin,0.9108713882976471,1.2685930609703064,0.45041380238610007
,,disclosure,scalar,52,12,24,jspace,ok,value_margin,0.41663696607845263,2.10227848170476,0.0015669704706317011
,,disclosure,scalar,53,12,24,residual,ok,value_margin,0.8992339071857932,1.1369004130363465,0.5415038053938542
,,disclosure,scalar,53,12,24,jspace,ok,value_margin,0.5393797045528105,2.100891491636393,0.002655343237704888
,,disclosure,scalar,54,12,24,residual,ok,value_margin,0.8825950938087785,1.2413780073324838,0.4726435506777521
,,disclosure,scalar,54,12,24,jspace,ok,value_margin,0.25978011751907876,2.099510713466331,0.0035811903545635015
,,disclosure,scalar,55,12,24,residual,ok,value_margin,0.8949520537711825,1.2562900265057881,0.4450982711654786
,,disclosure,scalar,55,12,24,jspace,ok,value_margin,0.5796596968160582,2.0781855251980743,0.023939605998136382
,,disclosure,scalar,56,12,24,residual,ok,value_margin,0.8986861047600244,1.1329679310321807,0.5521693291813612
,,disclosure,scalar,56,12,24,jspace,ok,value_margin,0.32132150942662757,2.0862525611710194,0.01684002057705325
,,disclosure,scalar,57,12,24,residual,ok,value_margin,0.909022891258455,1.0570596873760223,0.6134800342875346
,,disclosure,scalar,57,12,24,jspace,ok,value_margin,0.4015796055021779,2.0790934086044692,0.02299152132879001
,,disclosure,scalar,58,12,24,residual,ok,value_margin,0.907143451766106,1.08767373363177,0.5750994682206088
,,disclosure,scalar,58,12,24,jspace,ok,value_margin,0.3806797542298512,2.0631799662670636,0.03435084682187761
,,disclosure,scalar,59,12,24,residual,ok,value_margin,0.9166656719597479,1.030559237798055,0.6648114118839449
,,disclosure,scalar,59,12,24,jspace,ok,value_margin,0.5060118889218306,2.059980684380221,0.0380143332471371
,,disclosure,scalar,60,12,24,residual,ok,value_margin,0.9236198387012095,1.1078768491744995,0.5780671401759417
,,disclosure,scalar,60,12,24,jspace,ok,value_margin,0.6527500888021286,2.0151336217430313,0.07390125737424269
,,disclosure,scalar,61,12,24,residual,ok,value_margin,0.9122966346199768,1.0166933159033458,0.6682764306920196
,,disclosure,scalar,61,12,24,jspace,ok,value_margin,0.546903795126519,1.9480630614122907,0.11334029590863492
,,disclosure,scalar,62,12,24,residual,ok,value_margin,0.8702657116026584,1.124818923075994,0.6279417732236925
,,disclosure,scalar,62,12,24,jspace,ok,value_margin,0.46193489756233647,1.9972447883771327,0.08257700798226686
0.75,0.6666666666666666,chameleon,categorical,-1,12,24,output,ok,private_state,,,
1.0,1.0,chameleon,categorical,0,12,24,residual,ok,private_state,,,
0.5,0.3333333333333333,chameleon,categorical,0,12,24,jspace,ok,private_state,,,
1.0,1.0,chameleon,categorical,1,12,24,residual,ok,private_state,,,
0.5,0.3333333333333333,chameleon,categorical,1,12,24,jspace,ok,private_state,,,
1.0,1.0,chameleon,categorical,2,12,24,residual,ok,private_state,,,
0.5,0.3333333333333333,chameleon,categorical,2,12,24,jspace,ok,private_state,,,
1.0,1.0,chameleon,categorical,3,12,24,residual,ok,private_state,,,
0.5,0.3333333333333333,chameleon,categorical,3,12,24,jspace,ok,private_state,,,
1.0,1.0,chameleon,categorical,4,12,24,residual,ok,private_state,,,
0.5,0.3333333333333333,chameleon,categorical,4,12,24,jspace,ok,private_state,,,
1.0,1.0,chameleon,categorical,5,12,24,residual,ok,private_state,,,
0.5,0.3333333333333333,chameleon,categorical,5,12,24,jspace,ok,private_state,,,
1.0,1.0,chameleon,categorical,6,12,24,residual,ok,private_state,,,
0.5,0.3333333333333333,chameleon,categorical,6,12,24,jspace,ok,private_state,,,
1.0,1.0,chameleon,categorical,7,12,24,residual,ok,private_state,,,
0.5,0.3333333333333333,chameleon,categorical,7,12,24,jspace,ok,private_state,,,
1.0,1.0,chameleon,categorical,8,12,24,residual,ok,private_state,,,
0.5,0.3333333333333333,chameleon,categorical,8,12,24,jspace,ok,private_state,,,
1.0,1.0,chameleon,categorical,9,12,24,residual,ok,private_state,,,
0.5,0.3333333333333333,chameleon,categorical,9,12,24,jspace,ok,private_state,,,
1.0,1.0,chameleon,categorical,10,12,24,residual,ok,private_state,,,
0.5,0.3333333333333333,chameleon,categorical,10,12,24,jspace,ok,private_state,,,
1.0,1.0,chameleon,categorical,11,12,24,residual,ok,private_state,,,
0.5,0.3333333333333333,chameleon,categorical,11,12,24,jspace,ok,private_state,,,
0.75,0.6666666666666666,chameleon,categorical,12,12,24,residual,ok,private_state,,,
0.5,0.3333333333333333,chameleon,categorical,12,12,24,jspace,ok,private_state,,,
0.75,0.6666666666666666,chameleon,categorical,13,12,24,residual,ok,private_state,,,
0.5,0.3333333333333333,chameleon,categorical,13,12,24,jspace,ok,private_state,,,
1.0,1.0,chameleon,categorical,14,12,24,residual,ok,private_state,,,
0.5,0.3333333333333333,chameleon,categorical,14,12,24,jspace,ok,private_state,,,
1.0,1.0,chameleon,categorical,15,12,24,residual,ok,private_state,,,
0.5,0.3333333333333333,chameleon,categorical,15,12,24,jspace,ok,private_state,,,
1.0,1.0,chameleon,categorical,16,12,24,residual,ok,private_state,,,
0.5,0.3333333333333333,chameleon,categorical,16,12,24,jspace,ok,private_state,,,
1.0,1.0,chameleon,categorical,17,12,24,residual,ok,private_state,,,
0.5,0.3333333333333333,chameleon,categorical,17,12,24,jspace,ok,private_state,,,
1.0,1.0,chameleon,categorical,18,12,24,residual,ok,private_state,,,
0.5,0.3333333333333333,chameleon,categorical,18,12,24,jspace,ok,private_state,,,
1.0,1.0,chameleon,categorical,19,12,24,residual,ok,private_state,,,
0.5,0.3333333333333333,chameleon,categorical,19,12,24,jspace,ok,private_state,,,
1.0,1.0,chameleon,categorical,20,12,24,residual,ok,private_state,,,
0.5,0.3333333333333333,chameleon,categorical,20,12,24,jspace,ok,private_state,,,
1.0,1.0,chameleon,categorical,21,12,24,residual,ok,private_state,,,
0.5,0.3333333333333333,chameleon,categorical,21,12,24,jspace,ok,private_state,,,
1.0,1.0,chameleon,categorical,22,12,24,residual,ok,private_state,,,
0.5,0.3333333333333333,chameleon,categorical,22,12,24,jspace,ok,private_state,,,
1.0,1.0,chameleon,categorical,23,12,24,residual,ok,private_state,,,
0.5,0.3333333333333333,chameleon,categorical,23,12,24,jspace,ok,private_state,,,
1.0,1.0,chameleon,categorical,24,12,24,residual,ok,private_state,,,
0.5,0.3333333333333333,chameleon,categorical,24,12,24,jspace,ok,private_state,,,
0.75,0.6666666666666666,chameleon,categorical,25,12,24,residual,ok,private_state,,,
0.5,0.3333333333333333,chameleon,categorical,25,12,24,jspace,ok,private_state,,,
0.5,0.3333333333333333,chameleon,categorical,26,12,24,residual,ok,private_state,,,
0.5,0.3333333333333333,chameleon,categorical,26,12,24,jspace,ok,private_state,,,
0.5,0.3333333333333333,chameleon,categorical,27,12,24,residual,ok,private_state,,,
0.5,0.3333333333333333,chameleon,categorical,27,12,24,jspace,ok,private_state,,,
0.5,0.3333333333333333,chameleon,categorical,28,12,24,residual,ok,private_state,,,
0.5,0.3333333333333333,chameleon,categorical,28,12,24,jspace,ok,private_state,,,
0.5,0.3333333333333333,chameleon,categorical,29,12,24,residual,ok,private_state,,,
0.5,0.3333333333333333,chameleon,categorical,29,12,24,jspace,ok,private_state,,,
0.5,0.3333333333333333,chameleon,categorical,30,12,24,residual,ok,private_state,,,
0.5,0.3333333333333333,chameleon,categorical,30,12,24,jspace,ok,private_state,,,
0.5,0.3333333333333333,chameleon,categorical,31,12,24,residual,ok,private_state,,,
0.5,0.3333333333333333,chameleon,categorical,31,12,24,jspace,ok,private_state,,,
0.5,0.3333333333333333,chameleon,categorical,32,12,24,residual,ok,private_state,,,
0.5,0.3333333333333333,chameleon,categorical,32,12,24,jspace,ok,private_state,,,
0.5,0.3333333333333333,chameleon,categorical,33,12,24,residual,ok,private_state,,,
0.5,0.3333333333333333,chameleon,categorical,33,12,24,jspace,ok,private_state,,,
0.75,0.6666666666666666,chameleon,categorical,34,12,24,residual,ok,private_state,,,
0.5,0.3333333333333333,chameleon,categorical,34,12,24,jspace,ok,private_state,,,
0.75,0.6666666666666666,chameleon,categorical,35,12,24,residual,ok,private_state,,,
0.5,0.3333333333333333,chameleon,categorical,35,12,24,jspace,ok,private_state,,,
0.75,0.6666666666666666,chameleon,categorical,36,12,24,residual,ok,private_state,,,
0.5,0.3333333333333333,chameleon,categorical,36,12,24,jspace,ok,private_state,,,
0.75,0.6666666666666666,chameleon,categorical,37,12,24,residual,ok,private_state,,,
0.5,0.3333333333333333,chameleon,categorical,37,12,24,jspace,ok,private_state,,,
0.75,0.6666666666666666,chameleon,categorical,38,12,24,residual,ok,private_state,,,
0.5,0.3333333333333333,chameleon,categorical,38,12,24,jspace,ok,private_state,,,
0.75,0.6666666666666666,chameleon,categorical,39,12,24,residual,ok,private_state,,,
0.5,0.3333333333333333,chameleon,categorical,39,12,24,jspace,ok,private_state,,,
0.75,0.6666666666666666,chameleon,categorical,40,12,24,residual,ok,private_state,,,
0.5,0.3333333333333333,chameleon,categorical,40,12,24,jspace,ok,private_state,,,
0.75,0.6666666666666666,chameleon,categorical,41,12,24,residual,ok,private_state,,,
0.5,0.3333333333333333,chameleon,categorical,41,12,24,jspace,ok,private_state,,,
0.75,0.6666666666666666,chameleon,categorical,42,12,24,residual,ok,private_state,,,
0.5,0.3333333333333333,chameleon,categorical,42,12,24,jspace,ok,private_state,,,
1.0,1.0,chameleon,categorical,43,12,24,residual,ok,private_state,,,
0.5,0.3333333333333333,chameleon,categorical,43,12,24,jspace,ok,private_state,,,
0.75,0.6666666666666666,chameleon,categorical,44,12,24,residual,ok,private_state,,,
0.5,0.3333333333333333,chameleon,categorical,44,12,24,jspace,ok,private_state,,,
0.75,0.6666666666666666,chameleon,categorical,45,12,24,residual,ok,private_state,,,
0.5,0.3333333333333333,chameleon,categorical,45,12,24,jspace,ok,private_state,,,
1.0,1.0,chameleon,categorical,46,12,24,residual,ok,private_state,,,
0.5,0.3333333333333333,chameleon,categorical,46,12,24,jspace,ok,private_state,,,
0.75,0.6666666666666666,chameleon,categorical,47,12,24,residual,ok,private_state,,,
0.5,0.3333333333333333,chameleon,categorical,47,12,24,jspace,ok,private_state,,,
0.75,0.6666666666666666,chameleon,categorical,48,12,24,residual,ok,private_state,,,
0.5,0.3333333333333333,chameleon,categorical,48,12,24,jspace,ok,private_state,,,
0.75,0.6666666666666666,chameleon,categorical,49,12,24,residual,ok,private_state,,,
0.5,0.3333333333333333,chameleon,categorical,49,12,24,jspace,ok,private_state,,,
0.75,0.6666666666666666,chameleon,categorical,50,12,24,residual,ok,private_state,,,
0.5,0.3333333333333333,chameleon,categorical,50,12,24,jspace,ok,private_state,,,
0.75,0.6666666666666666,chameleon,categorical,51,12,24,residual,ok,private_state,,,
0.5,0.3333333333333333,chameleon,categorical,51,12,24,jspace,ok,private_state,,,
0.75,0.6666666666666666,chameleon,categorical,52,12,24,residual,ok,private_state,,,
0.5,0.3333333333333333,chameleon,categorical,52,12,24,jspace,ok,private_state,,,
0.75,0.6666666666666666,chameleon,categorical,53,12,24,residual,ok,private_state,,,
0.5,0.3333333333333333,chameleon,categorical,53,12,24,jspace,ok,private_state,,,
0.75,0.6666666666666666,chameleon,categorical,54,12,24,residual,ok,private_state,,,
0.5,0.3333333333333333,chameleon,categorical,54,12,24,jspace,ok,private_state,,,
1.0,1.0,chameleon,categorical,55,12,24,residual,ok,private_state,,,
0.5,0.3333333333333333,chameleon,categorical,55,12,24,jspace,ok,private_state,,,
1.0,1.0,chameleon,categorical,56,12,24,residual,ok,private_state,,,
0.5,0.3333333333333333,chameleon,categorical,56,12,24,jspace,ok,private_state,,,
1.0,1.0,chameleon,categorical,57,12,24,residual,ok,private_state,,,
0.5,0.3333333333333333,chameleon,categorical,57,12,24,jspace,ok,private_state,,,
1.0,1.0,chameleon,categorical,58,12,24,residual,ok,private_state,,,
0.5,0.3333333333333333,chameleon,categorical,58,12,24,jspace,ok,private_state,,,
1.0,1.0,chameleon,categorical,59,12,24,residual,ok,private_state,,,
0.5,0.3333333333333333,chameleon,categorical,59,12,24,jspace,ok,private_state,,,
1.0,1.0,chameleon,categorical,60,12,24,residual,ok,private_state,,,
0.5,0.3333333333333333,chameleon,categorical,60,12,24,jspace,ok,private_state,,,
1.0,1.0,chameleon,categorical,61,12,24,residual,ok,private_state,,,
0.5,0.3333333333333333,chameleon,categorical,61,12,24,jspace,ok,private_state,,,
1.0,1.0,chameleon,categorical,62,12,24,residual,ok,private_state,,,
0.5,0.3333333333333333,chameleon,categorical,62,12,24,jspace,ok,private_state,,,
0.75,0.75,chameleon,categorical,-1,12,24,output,ok,strategy,,,
1.0,1.0,chameleon,categorical,0,12,24,residual,ok,strategy,,,
0.5,0.5,chameleon,categorical,0,12,24,jspace,ok,strategy,,,
1.0,1.0,chameleon,categorical,1,12,24,residual,ok,strategy,,,
0.5,0.5,chameleon,categorical,1,12,24,jspace,ok,strategy,,,
1.0,1.0,chameleon,categorical,2,12,24,residual,ok,strategy,,,
0.5,0.5,chameleon,categorical,2,12,24,jspace,ok,strategy,,,
1.0,1.0,chameleon,categorical,3,12,24,residual,ok,strategy,,,
0.5,0.5,chameleon,categorical,3,12,24,jspace,ok,strategy,,,
1.0,1.0,chameleon,categorical,4,12,24,residual,ok,strategy,,,
0.5,0.5,chameleon,categorical,4,12,24,jspace,ok,strategy,,,
1.0,1.0,chameleon,categorical,5,12,24,residual,ok,strategy,,,
0.5,0.5,chameleon,categorical,5,12,24,jspace,ok,strategy,,,
1.0,1.0,chameleon,categorical,6,12,24,residual,ok,strategy,,,
0.5,0.5,chameleon,categorical,6,12,24,jspace,ok,strategy,,,
1.0,1.0,chameleon,categorical,7,12,24,residual,ok,strategy,,,
0.25,0.25,chameleon,categorical,7,12,24,jspace,ok,strategy,,,
1.0,1.0,chameleon,categorical,8,12,24,residual,ok,strategy,,,
0.5,0.5,chameleon,categorical,8,12,24,jspace,ok,strategy,,,
1.0,1.0,chameleon,categorical,9,12,24,residual,ok,strategy,,,
0.5,0.5,chameleon,categorical,9,12,24,jspace,ok,strategy,,,
1.0,1.0,chameleon,categorical,10,12,24,residual,ok,strategy,,,
0.5,0.5,chameleon,categorical,10,12,24,jspace,ok,strategy,,,
0.75,0.75,chameleon,categorical,11,12,24,residual,ok,strategy,,,
1.0,1.0,chameleon,categorical,11,12,24,jspace,ok,strategy,,,
1.0,1.0,chameleon,categorical,12,12,24,residual,ok,strategy,,,
1.0,1.0,chameleon,categorical,12,12,24,jspace,ok,strategy,,,
1.0,1.0,chameleon,categorical,13,12,24,residual,ok,strategy,,,
0.5,0.5,chameleon,categorical,13,12,24,jspace,ok,strategy,,,
1.0,1.0,chameleon,categorical,14,12,24,residual,ok,strategy,,,
0.5,0.5,chameleon,categorical,14,12,24,jspace,ok,strategy,,,
1.0,1.0,chameleon,categorical,15,12,24,residual,ok,strategy,,,
0.5,0.5,chameleon,categorical,15,12,24,jspace,ok,strategy,,,
1.0,1.0,chameleon,categorical,16,12,24,residual,ok,strategy,,,
0.5,0.5,chameleon,categorical,16,12,24,jspace,ok,strategy,,,
1.0,1.0,chameleon,categorical,17,12,24,residual,ok,strategy,,,
0.5,0.5,chameleon,categorical,17,12,24,jspace,ok,strategy,,,
1.0,1.0,chameleon,categorical,18,12,24,residual,ok,strategy,,,
0.5,0.5,chameleon,categorical,18,12,24,jspace,ok,strategy,,,
1.0,1.0,chameleon,categorical,19,12,24,residual,ok,strategy,,,
0.75,0.75,chameleon,categorical,19,12,24,jspace,ok,strategy,,,
1.0,1.0,chameleon,categorical,20,12,24,residual,ok,strategy,,,
0.5,0.5,chameleon,categorical,20,12,24,jspace,ok,strategy,,,
1.0,1.0,chameleon,categorical,21,12,24,residual,ok,strategy,,,
0.5,0.5,chameleon,categorical,21,12,24,jspace,ok,strategy,,,
1.0,1.0,chameleon,categorical,22,12,24,residual,ok,strategy,,,
0.5,0.5,chameleon,categorical,22,12,24,jspace,ok,strategy,,,
1.0,1.0,chameleon,categorical,23,12,24,residual,ok,strategy,,,
0.5,0.5,chameleon,categorical,23,12,24,jspace,ok,strategy,,,
0.5,0.5,chameleon,categorical,24,12,24,residual,ok,strategy,,,
0.5,0.5,chameleon,categorical,24,12,24,jspace,ok,strategy,,,
0.5,0.5,chameleon,categorical,25,12,24,residual,ok,strategy,,,
0.5,0.5,chameleon,categorical,25,12,24,jspace,ok,strategy,,,
0.5,0.5,chameleon,categorical,26,12,24,residual,ok,strategy,,,
0.5,0.5,chameleon,categorical,26,12,24,jspace,ok,strategy,,,
0.5,0.5,chameleon,categorical,27,12,24,residual,ok,strategy,,,
0.5,0.5,chameleon,categorical,27,12,24,jspace,ok,strategy,,,
0.5,0.5,chameleon,categorical,28,12,24,residual,ok,strategy,,,
0.5,0.5,chameleon,categorical,28,12,24,jspace,ok,strategy,,,
0.5,0.5,chameleon,categorical,29,12,24,residual,ok,strategy,,,
0.5,0.5,chameleon,categorical,29,12,24,jspace,ok,strategy,,,
0.5,0.5,chameleon,categorical,30,12,24,residual,ok,strategy,,,
0.5,0.5,chameleon,categorical,30,12,24,jspace,ok,strategy,,,
0.5,0.5,chameleon,categorical,31,12,24,residual,ok,strategy,,,
0.5,0.5,chameleon,categorical,31,12,24,jspace,ok,strategy,,,
0.5,0.5,chameleon,categorical,32,12,24,residual,ok,strategy,,,
0.5,0.5,chameleon,categorical,32,12,24,jspace,ok,strategy,,,
0.5,0.5,chameleon,categorical,33,12,24,residual,ok,strategy,,,
0.5,0.5,chameleon,categorical,33,12,24,jspace,ok,strategy,,,
0.5,0.5,chameleon,categorical,34,12,24,residual,ok,strategy,,,
0.5,0.5,chameleon,categorical,34,12,24,jspace,ok,strategy,,,
1.0,1.0,chameleon,categorical,35,12,24,residual,ok,strategy,,,
0.5,0.5,chameleon,categorical,35,12,24,jspace,ok,strategy,,,
1.0,1.0,chameleon,categorical,36,12,24,residual,ok,strategy,,,
0.75,0.75,chameleon,categorical,36,12,24,jspace,ok,strategy,,,
1.0,1.0,chameleon,categorical,37,12,24,residual,ok,strategy,,,
0.5,0.5,chameleon,categorical,37,12,24,jspace,ok,strategy,,,
1.0,1.0,chameleon,categorical,38,12,24,residual,ok,strategy,,,
1.0,1.0,chameleon,categorical,38,12,24,jspace,ok,strategy,,,
1.0,1.0,chameleon,categorical,39,12,24,residual,ok,strategy,,,
0.5,0.5,chameleon,categorical,39,12,24,jspace,ok,strategy,,,
1.0,1.0,chameleon,categorical,40,12,24,residual,ok,strategy,,,
1.0,1.0,chameleon,categorical,40,12,24,jspace,ok,strategy,,,
1.0,1.0,chameleon,categorical,41,12,24,residual,ok,strategy,,,
0.5,0.5,chameleon,categorical,41,12,24,jspace,ok,strategy,,,
1.0,1.0,chameleon,categorical,42,12,24,residual,ok,strategy,,,
0.5,0.5,chameleon,categorical,42,12,24,jspace,ok,strategy,,,
1.0,1.0,chameleon,categorical,43,12,24,residual,ok,strategy,,,
0.5,0.5,chameleon,categorical,43,12,24,jspace,ok,strategy,,,
1.0,1.0,chameleon,categorical,44,12,24,residual,ok,strategy,,,
0.5,0.5,chameleon,categorical,44,12,24,jspace,ok,strategy,,,
1.0,1.0,chameleon,categorical,45,12,24,residual,ok,strategy,,,
0.25,0.25,chameleon,categorical,45,12,24,jspace,ok,strategy,,,
1.0,1.0,chameleon,categorical,46,12,24,residual,ok,strategy,,,
0.5,0.5,chameleon,categorical,46,12,24,jspace,ok,strategy,,,
1.0,1.0,chameleon,categorical,47,12,24,residual,ok,strategy,,,
1.0,1.0,chameleon,categorical,47,12,24,jspace,ok,strategy,,,
1.0,1.0,chameleon,categorical,48,12,24,residual,ok,strategy,,,
0.75,0.75,chameleon,categorical,48,12,24,jspace,ok,strategy,,,
1.0,1.0,chameleon,categorical,49,12,24,residual,ok,strategy,,,
0.0,0.0,chameleon,categorical,49,12,24,jspace,ok,strategy,,,
1.0,1.0,chameleon,categorical,50,12,24,residual,ok,strategy,,,
0.5,0.5,chameleon,categorical,50,12,24,jspace,ok,strategy,,,
1.0,1.0,chameleon,categorical,51,12,24,residual,ok,strategy,,,
0.75,0.75,chameleon,categorical,51,12,24,jspace,ok,strategy,,,
1.0,1.0,chameleon,categorical,52,12,24,residual,ok,strategy,,,
0.75,0.75,chameleon,categorical,52,12,24,jspace,ok,strategy,,,
1.0,1.0,chameleon,categorical,53,12,24,residual,ok,strategy,,,
0.75,0.75,chameleon,categorical,53,12,24,jspace,ok,strategy,,,
1.0,1.0,chameleon,categorical,54,12,24,residual,ok,strategy,,,
1.0,1.0,chameleon,categorical,54,12,24,jspace,ok,strategy,,,
1.0,1.0,chameleon,categorical,55,12,24,residual,ok,strategy,,,
0.75,0.75,chameleon,categorical,55,12,24,jspace,ok,strategy,,,
1.0,1.0,chameleon,categorical,56,12,24,residual,ok,strategy,,,
0.5,0.5,chameleon,categorical,56,12,24,jspace,ok,strategy,,,
1.0,1.0,chameleon,categorical,57,12,24,residual,ok,strategy,,,
0.5,0.5,chameleon,categorical,57,12,24,jspace,ok,strategy,,,
1.0,1.0,chameleon,categorical,58,12,24,residual,ok,strategy,,,
1.0,1.0,chameleon,categorical,58,12,24,jspace,ok,strategy,,,
1.0,1.0,chameleon,categorical,59,12,24,residual,ok,strategy,,,
0.5,0.5,chameleon,categorical,59,12,24,jspace,ok,strategy,,,
1.0,1.0,chameleon,categorical,60,12,24,residual,ok,strategy,,,
0.75,0.75,chameleon,categorical,60,12,24,jspace,ok,strategy,,,
1.0,1.0,chameleon,categorical,61,12,24,residual,ok,strategy,,,
0.5,0.5,chameleon,categorical,61,12,24,jspace,ok,strategy,,,
1.0,1.0,chameleon,categorical,62,12,24,residual,ok,strategy,,,
0.5,0.5,chameleon,categorical,62,12,24,jspace,ok,strategy,,,
0.75,0.75,chameleon,categorical,-1,12,24,output,ok,action,,,
1.0,1.0,chameleon,categorical,0,12,24,residual,ok,action,,,
0.5,0.5,chameleon,categorical,0,12,24,jspace,ok,action,,,
1.0,1.0,chameleon,categorical,1,12,24,residual,ok,action,,,
0.5,0.5,chameleon,categorical,1,12,24,jspace,ok,action,,,
1.0,1.0,chameleon,categorical,2,12,24,residual,ok,action,,,
0.5,0.5,chameleon,categorical,2,12,24,jspace,ok,action,,,
1.0,1.0,chameleon,categorical,3,12,24,residual,ok,action,,,
0.5,0.5,chameleon,categorical,3,12,24,jspace,ok,action,,,
1.0,1.0,chameleon,categorical,4,12,24,residual,ok,action,,,
0.5,0.5,chameleon,categorical,4,12,24,jspace,ok,action,,,
1.0,1.0,chameleon,categorical,5,12,24,residual,ok,action,,,
0.5,0.5,chameleon,categorical,5,12,24,jspace,ok,action,,,
1.0,1.0,chameleon,categorical,6,12,24,residual,ok,action,,,
0.5,0.5,chameleon,categorical,6,12,24,jspace,ok,action,,,
1.0,1.0,chameleon,categorical,7,12,24,residual,ok,action,,,
0.25,0.25,chameleon,categorical,7,12,24,jspace,ok,action,,,
1.0,1.0,chameleon,categorical,8,12,24,residual,ok,action,,,
0.5,0.5,chameleon,categorical,8,12,24,jspace,ok,action,,,
1.0,1.0,chameleon,categorical,9,12,24,residual,ok,action,,,
0.5,0.5,chameleon,categorical,9,12,24,jspace,ok,action,,,
1.0,1.0,chameleon,categorical,10,12,24,residual,ok,action,,,
0.5,0.5,chameleon,categorical,10,12,24,jspace,ok,action,,,
0.75,0.75,chameleon,categorical,11,12,24,residual,ok,action,,,
1.0,1.0,chameleon,categorical,11,12,24,jspace,ok,action,,,
1.0,1.0,chameleon,categorical,12,12,24,residual,ok,action,,,
1.0,1.0,chameleon,categorical,12,12,24,jspace,ok,action,,,
1.0,1.0,chameleon,categorical,13,12,24,residual,ok,action,,,
0.5,0.5,chameleon,categorical,13,12,24,jspace,ok,action,,,
1.0,1.0,chameleon,categorical,14,12,24,residual,ok,action,,,
0.5,0.5,chameleon,categorical,14,12,24,jspace,ok,action,,,
1.0,1.0,chameleon,categorical,15,12,24,residual,ok,action,,,
0.5,0.5,chameleon,categorical,15,12,24,jspace,ok,action,,,
1.0,1.0,chameleon,categorical,16,12,24,residual,ok,action,,,
0.5,0.5,chameleon,categorical,16,12,24,jspace,ok,action,,,
1.0,1.0,chameleon,categorical,17,12,24,residual,ok,action,,,
0.5,0.5,chameleon,categorical,17,12,24,jspace,ok,action,,,
1.0,1.0,chameleon,categorical,18,12,24,residual,ok,action,,,
0.5,0.5,chameleon,categorical,18,12,24,jspace,ok,action,,,
1.0,1.0,chameleon,categorical,19,12,24,residual,ok,action,,,
0.75,0.75,chameleon,categorical,19,12,24,jspace,ok,action,,,
1.0,1.0,chameleon,categorical,20,12,24,residual,ok,action,,,
0.5,0.5,chameleon,categorical,20,12,24,jspace,ok,action,,,
1.0,1.0,chameleon,categorical,21,12,24,residual,ok,action,,,
0.5,0.5,chameleon,categorical,21,12,24,jspace,ok,action,,,
1.0,1.0,chameleon,categorical,22,12,24,residual,ok,action,,,
0.5,0.5,chameleon,categorical,22,12,24,jspace,ok,action,,,
1.0,1.0,chameleon,categorical,23,12,24,residual,ok,action,,,
0.5,0.5,chameleon,categorical,23,12,24,jspace,ok,action,,,
0.5,0.5,chameleon,categorical,24,12,24,residual,ok,action,,,
0.5,0.5,chameleon,categorical,24,12,24,jspace,ok,action,,,
0.5,0.5,chameleon,categorical,25,12,24,residual,ok,action,,,
0.5,0.5,chameleon,categorical,25,12,24,jspace,ok,action,,,
0.5,0.5,chameleon,categorical,26,12,24,residual,ok,action,,,
0.5,0.5,chameleon,categorical,26,12,24,jspace,ok,action,,,
0.5,0.5,chameleon,categorical,27,12,24,residual,ok,action,,,
0.5,0.5,chameleon,categorical,27,12,24,jspace,ok,action,,,
0.5,0.5,chameleon,categorical,28,12,24,residual,ok,action,,,
0.5,0.5,chameleon,categorical,28,12,24,jspace,ok,action,,,
0.5,0.5,chameleon,categorical,29,12,24,residual,ok,action,,,
0.5,0.5,chameleon,categorical,29,12,24,jspace,ok,action,,,
0.5,0.5,chameleon,categorical,30,12,24,residual,ok,action,,,
0.5,0.5,chameleon,categorical,30,12,24,jspace,ok,action,,,
0.5,0.5,chameleon,categorical,31,12,24,residual,ok,action,,,
0.5,0.5,chameleon,categorical,31,12,24,jspace,ok,action,,,
0.5,0.5,chameleon,categorical,32,12,24,residual,ok,action,,,
0.5,0.5,chameleon,categorical,32,12,24,jspace,ok,action,,,
0.5,0.5,chameleon,categorical,33,12,24,residual,ok,action,,,
0.5,0.5,chameleon,categorical,33,12,24,jspace,ok,action,,,
0.5,0.5,chameleon,categorical,34,12,24,residual,ok,action,,,
0.5,0.5,chameleon,categorical,34,12,24,jspace,ok,action,,,
1.0,1.0,chameleon,categorical,35,12,24,residual,ok,action,,,
0.5,0.5,chameleon,categorical,35,12,24,jspace,ok,action,,,
1.0,1.0,chameleon,categorical,36,12,24,residual,ok,action,,,
0.75,0.75,chameleon,categorical,36,12,24,jspace,ok,action,,,
1.0,1.0,chameleon,categorical,37,12,24,residual,ok,action,,,
0.5,0.5,chameleon,categorical,37,12,24,jspace,ok,action,,,
1.0,1.0,chameleon,categorical,38,12,24,residual,ok,action,,,
1.0,1.0,chameleon,categorical,38,12,24,jspace,ok,action,,,
1.0,1.0,chameleon,categorical,39,12,24,residual,ok,action,,,
0.5,0.5,chameleon,categorical,39,12,24,jspace,ok,action,,,
1.0,1.0,chameleon,categorical,40,12,24,residual,ok,action,,,
1.0,1.0,chameleon,categorical,40,12,24,jspace,ok,action,,,
1.0,1.0,chameleon,categorical,41,12,24,residual,ok,action,,,
0.5,0.5,chameleon,categorical,41,12,24,jspace,ok,action,,,
1.0,1.0,chameleon,categorical,42,12,24,residual,ok,action,,,
0.5,0.5,chameleon,categorical,42,12,24,jspace,ok,action,,,
1.0,1.0,chameleon,categorical,43,12,24,residual,ok,action,,,
0.5,0.5,chameleon,categorical,43,12,24,jspace,ok,action,,,
1.0,1.0,chameleon,categorical,44,12,24,residual,ok,action,,,
0.5,0.5,chameleon,categorical,44,12,24,jspace,ok,action,,,
1.0,1.0,chameleon,categorical,45,12,24,residual,ok,action,,,
0.25,0.25,chameleon,categorical,45,12,24,jspace,ok,action,,,
1.0,1.0,chameleon,categorical,46,12,24,residual,ok,action,,,
0.5,0.5,chameleon,categorical,46,12,24,jspace,ok,action,,,
1.0,1.0,chameleon,categorical,47,12,24,residual,ok,action,,,
1.0,1.0,chameleon,categorical,47,12,24,jspace,ok,action,,,
1.0,1.0,chameleon,categorical,48,12,24,residual,ok,action,,,
0.75,0.75,chameleon,categorical,48,12,24,jspace,ok,action,,,
1.0,1.0,chameleon,categorical,49,12,24,residual,ok,action,,,
0.0,0.0,chameleon,categorical,49,12,24,jspace,ok,action,,,
1.0,1.0,chameleon,categorical,50,12,24,residual,ok,action,,,
0.5,0.5,chameleon,categorical,50,12,24,jspace,ok,action,,,
1.0,1.0,chameleon,categorical,51,12,24,residual,ok,action,,,
0.75,0.75,chameleon,categorical,51,12,24,jspace,ok,action,,,
1.0,1.0,chameleon,categorical,52,12,24,residual,ok,action,,,
0.75,0.75,chameleon,categorical,52,12,24,jspace,ok,action,,,
1.0,1.0,chameleon,categorical,53,12,24,residual,ok,action,,,
0.75,0.75,chameleon,categorical,53,12,24,jspace,ok,action,,,
1.0,1.0,chameleon,categorical,54,12,24,residual,ok,action,,,
1.0,1.0,chameleon,categorical,54,12,24,jspace,ok,action,,,
1.0,1.0,chameleon,categorical,55,12,24,residual,ok,action,,,
0.75,0.75,chameleon,categorical,55,12,24,jspace,ok,action,,,
1.0,1.0,chameleon,categorical,56,12,24,residual,ok,action,,,
0.5,0.5,chameleon,categorical,56,12,24,jspace,ok,action,,,
1.0,1.0,chameleon,categorical,57,12,24,residual,ok,action,,,
0.5,0.5,chameleon,categorical,57,12,24,jspace,ok,action,,,
1.0,1.0,chameleon,categorical,58,12,24,residual,ok,action,,,
1.0,1.0,chameleon,categorical,58,12,24,jspace,ok,action,,,
1.0,1.0,chameleon,categorical,59,12,24,residual,ok,action,,,
0.5,0.5,chameleon,categorical,59,12,24,jspace,ok,action,,,
1.0,1.0,chameleon,categorical,60,12,24,residual,ok,action,,,
0.75,0.75,chameleon,categorical,60,12,24,jspace,ok,action,,,
1.0,1.0,chameleon,categorical,61,12,24,residual,ok,action,,,
0.5,0.5,chameleon,categorical,61,12,24,jspace,ok,action,,,
1.0,1.0,chameleon,categorical,62,12,24,residual,ok,action,,,
0.5,0.5,chameleon,categorical,62,12,24,jspace,ok,action,,,
,,chameleon,scalar,-1,12,24,output,ok,belief,0.48566407695589126,0.17724846303462985,-0.12015238637509396
,,chameleon,scalar,0,12,24,residual,ok,belief,0.9951492610813282,0.029793272912502278,0.9678396067315655
,,chameleon,scalar,0,12,24,jspace,ok,belief,0.30453038263885107,0.17499923942545034,5.933680078618053e-06
,,chameleon,scalar,1,12,24,residual,ok,belief,0.993363937487942,0.04333391338586806,0.9171573740799862
,,chameleon,scalar,1,12,24,jspace,ok,belief,-0.47584113903751146,0.17518681110013223,-0.0025033311445670225
,,chameleon,scalar,2,12,24,residual,ok,belief,0.9956938542588242,0.03554308712482451,0.9532402061886955
,,chameleon,scalar,2,12,24,jspace,ok,belief,0.5958752479289849,0.17492376738742613,0.0008431600601606082
,,chameleon,scalar,3,12,24,residual,ok,belief,0.9911570458126869,0.06428658515214919,0.8345812480624898
,,chameleon,scalar,3,12,24,jspace,ok,belief,0.9795504190830413,0.17496117783028697,-0.004605813283476978
,,chameleon,scalar,4,12,24,residual,ok,belief,0.9943885915889353,0.05881832093000411,0.8806641897636226
,,chameleon,scalar,4,12,24,jspace,ok,belief,0.15599597776997506,0.1749374233061869,0.0007092126982510827
,,chameleon,scalar,5,12,24,residual,ok,belief,0.9964496729143704,0.05062483549118041,0.8898453782694282
,,chameleon,scalar,5,12,24,jspace,ok,belief,-0.39381489596540636,0.1750589533275058,-0.0006783130794416614
,,chameleon,scalar,6,12,24,residual,ok,belief,0.997206463883129,0.04104254692792891,0.9182078606128774
,,chameleon,scalar,6,12,24,jspace,ok,belief,-0.9782068051491853,0.1750058824522016,-6.869161843869875e-05
,,chameleon,scalar,7,12,24,residual,ok,belief,0.9990157435225303,0.0542138285934925,0.8212340843773129
,,chameleon,scalar,7,12,24,jspace,ok,belief,0.3721652702151285,0.17498455633968804,0.00017638270465292205
,,chameleon,scalar,8,12,24,residual,ok,belief,0.998651965370444,0.0485087253153324,0.8667647062956982
,,chameleon,scalar,8,12,24,jspace,ok,belief,0.27934555306503384,0.17499728269980774,3.0858275380185596e-05
,,chameleon,scalar,9,12,24,residual,ok,belief,0.9917987527909115,0.047312244027853,0.8633948484012357
,,chameleon,scalar,9,12,24,jspace,ok,belief,0.4750082246662684,0.17494757027196337,0.0005453095969523147
,,chameleon,scalar,10,12,24,residual,ok,belief,0.9956528945939145,0.048308803886175145,0.8705928608245852
,,chameleon,scalar,10,12,24,jspace,ok,belief,-0.7614390186150845,0.17517204887157986,-0.0019846206851867887
,,chameleon,scalar,11,12,24,residual,ok,belief,0.9808273650229977,0.08939993679523467,0.6352898818687072
,,chameleon,scalar,11,12,24,jspace,ok,belief,0.9950006693027706,0.16917324542536885,0.06544633229076702
,,chameleon,scalar,12,12,24,residual,ok,belief,0.9701857632283362,0.09834283143281937,0.667167595007246
,,chameleon,scalar,12,12,24,jspace,ok,belief,0.9999809455381765,0.15315476292077643,0.23018446109105906
,,chameleon,scalar,13,12,24,residual,ok,belief,0.9775669999306638,0.0908453345298767,0.7194020713596336
,,chameleon,scalar,13,12,24,jspace,ok,belief,-0.2022546368806137,0.17561352291923327,-0.13890918745869807
,,chameleon,scalar,14,12,24,residual,ok,belief,0.9886298547418709,0.09515787214040757,0.6983538154288242
,,chameleon,scalar,14,12,24,jspace,ok,belief,0.6695017187533984,0.174563290659268,0.004932221716034135
,,chameleon,scalar,15,12,24,residual,ok,belief,0.9791141334867122,0.09659909754991532,0.6665524276239321
,,chameleon,scalar,15,12,24,jspace,ok,belief,0.9682129043310862,0.17485418465020983,0.001624067339071722
,,chameleon,scalar,16,12,24,residual,ok,belief,0.9793287011020517,0.09742644727230072,0.6668503909776333
,,chameleon,scalar,16,12,24,jspace,ok,belief,0.623183823400827,0.17472294055708582,0.003132777464301628
,,chameleon,scalar,17,12,24,residual,ok,belief,0.9955197938289303,0.09061440378427504,0.7282420914230078
,,chameleon,scalar,17,12,24,jspace,ok,belief,0.7165371463748448,0.174702088833986,0.0033881164892196614
,,chameleon,scalar,18,12,24,residual,ok,belief,0.994201869274257,0.08322124481201171,0.7584331753321858
,,chameleon,scalar,18,12,24,jspace,ok,belief,0.678166410955388,0.17472491965061154,0.003082815833345798
,,chameleon,scalar,19,12,24,residual,ok,belief,0.9962877480361614,0.06868819445371627,0.83050288300524
,,chameleon,scalar,19,12,24,jspace,ok,belief,0.6013877789626741,0.17401010237105122,0.011206506594971577
,,chameleon,scalar,20,12,24,residual,ok,belief,0.9970550819731167,0.06592441648244857,0.7952722233731627
,,chameleon,scalar,20,12,24,jspace,ok,belief,0.1943092111416578,0.17499228503786934,8.811617057280507e-05
,,chameleon,scalar,21,12,24,residual,ok,belief,0.9981512669046292,0.0665606141090393,0.7933047082745887
,,chameleon,scalar,21,12,24,jspace,ok,belief,0.5822272569844056,0.1749691807289104,0.0003425957197342733
,,chameleon,scalar,22,12,24,residual,ok,belief,0.9962154949205068,0.06365631818771361,0.7554082931458945
,,chameleon,scalar,22,12,24,jspace,ok,belief,-0.5646858271268643,0.1770662695526414,-0.024460719604308512
,,chameleon,scalar,23,12,24,residual,ok,belief,0.9949187017107988,0.09740581661462784,0.5564093863252775
,,chameleon,scalar,23,12,24,jspace,ok,belief,0.9447165485309204,0.17496612508896411,-0.0015933082170385138
,,chameleon,scalar,24,12,24,residual,ok,belief,0.9961514530716153,0.10436765402555466,0.5200587159337005
,,chameleon,scalar,24,12,24,jspace,ok,belief,0.5787501497105716,0.17004033545597738,0.03272311679730033
,,chameleon,scalar,25,12,24,residual,ok,belief,0.9957027714456415,0.11691533327102661,0.37385079514419095
,,chameleon,scalar,25,12,24,jspace,ok,belief,0.8654100068122732,0.17495096772210916,0.0005184950285743728
,,chameleon,scalar,26,12,24,residual,ok,belief,0.9914339042893758,0.12163779810070992,0.3050906946111326
,,chameleon,scalar,26,12,24,jspace,ok,belief,0.7124500903801924,0.1749757309997725,0.0002771899771975006
,,chameleon,scalar,27,12,24,residual,ok,belief,0.9932961075661728,0.14242412447929384,0.12784791314654798
,,chameleon,scalar,27,12,24,jspace,ok,belief,0.46760441742747444,0.17498779284180987,0.00013924269080056728
,,chameleon,scalar,28,12,24,residual,ok,belief,0.978894641450688,0.17578007578849794,-0.2392221194127937
,,chameleon,scalar,28,12,24,jspace,ok,belief,0.9917917256674907,0.1749873614416492,0.00014222980623024295
,,chameleon,scalar,29,12,24,residual,ok,belief,0.9629259781695254,0.2528728239238262,-1.3559445574754219
,,chameleon,scalar,29,12,24,jspace,ok,belief,0.6529596756251241,0.17438561700808894,0.006807103193120834
,,chameleon,scalar,30,12,24,residual,ok,belief,0.9569790940331285,0.23687907606363298,-1.0857507329538927
,,chameleon,scalar,30,12,24,jspace,ok,belief,0.9329790788867306,0.17490703140975863,-0.004951506602731248
,,chameleon,scalar,31,12,24,residual,ok,belief,0.9707535289978719,0.22858879268169405,-1.0280925367759837
,,chameleon,scalar,31,12,24,jspace,ok,belief,0.9862092438206007,0.1749026881039053,-0.0027523418217831885
,,chameleon,scalar,32,12,24,residual,ok,belief,0.9849159905690761,0.1888571783900261,-0.5731171122857746
,,chameleon,scalar,32,12,24,jspace,ok,belief,0.9623941468151462,0.17486897355967687,0.001495151641930148
,,chameleon,scalar,33,12,24,residual,ok,belief,0.9843117002380877,0.1332343026995659,0.0263606367260929
,,chameleon,scalar,33,12,24,jspace,ok,belief,0.5956903660784097,0.1749723348440989,-0.03224978064274775
,,chameleon,scalar,34,12,24,residual,ok,belief,0.9931407247407495,0.10831142514944077,0.41144680628743135
,,chameleon,scalar,34,12,24,jspace,ok,belief,0.6920709799222678,0.17496404419703104,0.0004090988154841213
,,chameleon,scalar,35,12,24,residual,ok,belief,0.9810885793176838,0.09809452593326569,0.6473753007865821
,,chameleon,scalar,35,12,24,jspace,ok,belief,0.7190846991335067,0.17493632189648614,0.0007252728540968478
,,chameleon,scalar,36,12,24,residual,ok,belief,0.9781230038552104,0.09708661884069443,0.6762247197300135
,,chameleon,scalar,36,12,24,jspace,ok,belief,0.7168230700325668,0.1749843728930298,0.00017857795829323564
,,chameleon,scalar,37,12,24,residual,ok,belief,0.9773581307656499,0.0919957861304283,0.677132221100285
,,chameleon,scalar,37,12,24,jspace,ok,belief,0.808999643652844,0.17487285769776453,0.0014499856456913207
,,chameleon,scalar,38,12,24,residual,ok,belief,0.9737003466183993,0.09123678058385848,0.6744128596875554
,,chameleon,scalar,38,12,24,jspace,ok,belief,0.925744504300212,0.174626933486942,0.004255055990284418
,,chameleon,scalar,39,12,24,residual,ok,belief,0.9780096370648038,0.09152661561965941,0.644073294334859
,,chameleon,scalar,39,12,24,jspace,ok,belief,0.9960632924501219,0.17447561241709766,0.00589122764727712
,,chameleon,scalar,40,12,24,residual,ok,belief,0.9775453066124298,0.09247204214334487,0.6339779358779795
,,chameleon,scalar,40,12,24,jspace,ok,belief,0.9974130809875299,0.16282679390020752,0.13241825287883702
,,chameleon,scalar,41,12,24,residual,ok,belief,0.9773204008645421,0.0841893583536148,0.6849053689150382
,,chameleon,scalar,41,12,24,jspace,ok,belief,0.5582174181190944,0.17486738686132677,0.0014199551960577539
,,chameleon,scalar,42,12,24,residual,ok,belief,0.9783225993920636,0.08701897710561751,0.6527922947836835
,,chameleon,scalar,42,12,24,jspace,ok,belief,0.5364083485072758,0.17475565693666714,0.0022345876729564784
,,chameleon,scalar,43,12,24,residual,ok,belief,0.9741066381683492,0.0804759070277214,0.6596614313074366
,,chameleon,scalar,43,12,24,jspace,ok,belief,0.6737297320344003,0.1729067027341276,0.021297046996905378
,,chameleon,scalar,44,12,24,residual,ok,belief,0.9829191203832377,0.0684061974287033,0.7273613775278143
,,chameleon,scalar,44,12,24,jspace,ok,belief,0.5322884978180634,0.1728873668549229,0.018171927682107625
,,chameleon,scalar,45,12,24,residual,ok,belief,0.9835650937310556,0.0649620622396469,0.7305944995211973
,,chameleon,scalar,45,12,24,jspace,ok,belief,-0.2822423394638703,0.17642838194415522,-0.01831570559850526
,,chameleon,scalar,46,12,24,residual,ok,belief,0.979975081806144,0.06300027966499328,0.8031078451774711
,,chameleon,scalar,46,12,24,jspace,ok,belief,0.7368593958679537,0.17215318100070875,0.024191112177243346
,,chameleon,scalar,47,12,24,residual,ok,belief,0.9579197068670248,0.061091113090515126,0.7957148050901981
,,chameleon,scalar,47,12,24,jspace,ok,belief,0.8689517621874611,0.1740781465379405,0.010498531034056291
,,chameleon,scalar,48,12,24,residual,ok,belief,0.9532932011043624,0.061449716985225666,0.7850111732290144
,,chameleon,scalar,48,12,24,jspace,ok,belief,0.9242679720757528,0.1742116360909888,0.008969909769863893
,,chameleon,scalar,49,12,24,residual,ok,belief,0.9525377267315196,0.06393109560012816,0.8053170902532067
,,chameleon,scalar,49,12,24,jspace,ok,belief,-0.9979704930843647,0.18361066788021865,-0.10085010496456448
,,chameleon,scalar,50,12,24,residual,ok,belief,0.9513365563102654,0.05216347724199294,0.8393526682303678
,,chameleon,scalar,50,12,24,jspace,ok,belief,0.8003321365438553,0.17401774921060742,0.011089589387465404
,,chameleon,scalar,51,12,24,residual,ok,belief,0.9416497748761347,0.047085995972156514,0.8186229194326088
,,chameleon,scalar,51,12,24,jspace,ok,belief,0.8604416818445284,0.17247176173321851,0.028516162959390967
,,chameleon,scalar,52,12,24,residual,ok,belief,0.9520714848478841,0.04060865491628646,0.8612072930867496
,,chameleon,scalar,52,12,24,jspace,ok,belief,0.7415505336546974,0.17367716347262355,0.01492988310009069
,,chameleon,scalar,53,12,24,residual,ok,belief,0.9498442979231901,0.04059724509716034,0.8630274992811474
,,chameleon,scalar,53,12,24,jspace,ok,belief,0.5756185506637833,0.17408230576804704,0.010334295694301554
,,chameleon,scalar,54,12,24,residual,ok,belief,0.9525998621995245,0.040750398486852635,0.8528054060717449
,,chameleon,scalar,54,12,24,jspace,ok,belief,0.9545688673425005,0.1716711182432206,0.037611572900194346
,,chameleon,scalar,55,12,24,residual,ok,belief,0.9581719726079602,0.03711985424160957,0.9045507987751848
,,chameleon,scalar,55,12,24,jspace,ok,belief,0.5850215903350529,0.17233860190895056,0.029735566564006777
,,chameleon,scalar,56,12,24,residual,ok,belief,0.9564595534716126,0.03751225769519806,0.9029203866454437
,,chameleon,scalar,56,12,24,jspace,ok,belief,0.022528902280267896,0.1748063168487544,-0.0002502046162384808
,,chameleon,scalar,57,12,24,residual,ok,belief,0.9665931315424195,0.035211704671382904,0.923144503671203
,,chameleon,scalar,57,12,24,jspace,ok,belief,0.040471864267311176,0.1747690207337411,0.0015565175983812685
,,chameleon,scalar,58,12,24,residual,ok,belief,0.9628916831266026,0.037882059812545776,0.9170073336962524
,,chameleon,scalar,58,12,24,jspace,ok,belief,0.9424192577888523,0.15647786812183703,0.19633930107222042
,,chameleon,scalar,59,12,24,residual,ok,belief,0.9760578406808006,0.0465516671538353,0.9226406775911347
,,chameleon,scalar,59,12,24,jspace,ok,belief,0.5932570608223497,0.17278961000182944,0.024273739251772564
,,chameleon,scalar,60,12,24,residual,ok,belief,0.9877349354448094,0.053840140998363484,0.8867402190356368
,,chameleon,scalar,60,12,24,jspace,ok,belief,0.7904212386876263,0.1702645640271396,0.05294708794045977
,,chameleon,scalar,61,12,24,residual,ok,belief,0.9899241857159436,0.04569397419691085,0.9206123066745562
,,chameleon,scalar,61,12,24,jspace,ok,belief,0.7532052817008877,0.16111515026543796,0.10828467413672349
,,chameleon,scalar,62,12,24,residual,ok,belief,0.9982118915265438,0.048865120112895954,0.9001524373882412
,,chameleon,scalar,62,12,24,jspace,ok,belief,0.9221761780945358,0.16809135746201664,0.06019310544174372
,,chameleon,scalar,-1,12,24,output,ok,objective,0.485664211736507,0.5064240247011185,-0.12015169275026594
,,chameleon,scalar,0,12,24,residual,ok,objective,0.9951492604086029,0.08512367308139801,0.9678395702018001
,,chameleon,scalar,0,12,24,jspace,ok,objective,0.30453038264353965,0.4999978269298581,5.933680078840098e-06
,,chameleon,scalar,1,12,24,residual,ok,objective,0.9933639249297077,0.12381121516227722,0.917157284993273
,,chameleon,scalar,1,12,24,jspace,ok,objective,-0.4758411390375111,0.5005337460003777,-0.0025033311445670225
,,chameleon,scalar,2,12,24,residual,ok,objective,0.9956938570219391,0.10155176371335983,0.953240142938486
,,chameleon,scalar,2,12,24,jspace,ok,objective,0.5958752479290176,0.49978219253550327,0.0008431600601603861
,,chameleon,scalar,3,12,24,residual,ok,objective,0.9911570544268528,0.18367604166269302,0.8345811399515837
,,chameleon,scalar,3,12,24,jspace,ok,objective,0.9795504190830482,0.49988907951510564,-0.004605813283476978
,,chameleon,scalar,4,12,24,residual,ok,objective,0.9943885779570906,0.16805239021778107,0.8806641311263839
,,chameleon,scalar,4,12,24,jspace,ok,objective,0.15599597776998342,0.49982120944624836,0.0007092126982511937
,,chameleon,scalar,5,12,24,residual,ok,objective,0.9964496628849117,0.1446424424648285,0.8898454106829448
,,chameleon,scalar,5,12,24,jspace,ok,objective,-0.3938148959654441,0.5001684380785881,-0.0006783130794418835
,,chameleon,scalar,6,12,24,residual,ok,objective,0.997206449104944,0.11726441234350204,0.9182078754641401
,,chameleon,scalar,6,12,24,jspace,ok,objective,-0.9782068051491878,0.5000168070062904,-6.869161843869875e-05
,,chameleon,scalar,7,12,24,residual,ok,objective,0.9990157441241263,0.15489667654037476,0.8212340063508634
,,chameleon,scalar,7,12,24,jspace,ok,objective,0.3721652702148541,0.4999558752562516,0.00017638270465303307
,,chameleon,scalar,8,12,24,residual,ok,objective,0.9986519619979044,0.13859641551971436,0.8667646524272712
,,chameleon,scalar,8,12,24,jspace,ok,objective,0.2793455530644306,0.4999922362851652,3.085827537996355e-05
,,chameleon,scalar,9,12,24,residual,ok,objective,0.9917987506360747,0.13517780601978302,0.8633948378724305
,,chameleon,scalar,9,12,24,jspace,ok,objective,0.47500822466621995,0.4998502007770382,0.0005453095969522037
,,chameleon,scalar,10,12,24,residual,ok,objective,0.9956529099954162,0.13802534341812134,0.8705926363836909
,,chameleon,scalar,10,12,24,jspace,ok,objective,-0.7614390186150614,0.500491568204514,-0.0019846206851867887
,,chameleon,scalar,11,12,24,residual,ok,objective,0.9808273541757965,0.2554284483194351,0.6352896090942455
,,chameleon,scalar,11,12,24,jspace,ok,objective,0.9950006693027708,0.48335212978676806,0.06544633229076735
,,chameleon,scalar,12,12,24,residual,ok,objective,0.9701857582898246,0.2809795141220093,0.6671675935565613
,,chameleon,scalar,12,12,24,jspace,ok,objective,0.9999809455381771,0.437585036916504,0.23018446109105917
,,chameleon,scalar,13,12,24,residual,ok,objective,0.9775670147113518,0.2595580741763115,0.7194021425358583
,,chameleon,scalar,13,12,24,jspace,ok,objective,-0.2022546368806149,0.5017529226263807,-0.1389091874586983
,,chameleon,scalar,14,12,24,residual,ok,objective,0.9886298797301202,0.2718796730041504,0.6983537120381342
,,chameleon,scalar,14,12,24,jspace,ok,objective,0.6695017187533967,0.49875225902648007,0.004932221716034246
,,chameleon,scalar,15,12,24,residual,ok,objective,0.9791140883936181,0.27599745243787766,0.6665523190339107
,,chameleon,scalar,15,12,24,jspace,ok,objective,0.9682129043310908,0.4995833847148852,0.001624067339071722
,,chameleon,scalar,16,12,24,residual,ok,objective,0.9793287024525785,0.2783612608909607,0.6668503555998981
,,chameleon,scalar,16,12,24,jspace,ok,objective,0.6231838234008118,0.49920840159167373,0.003132777464301628
,,chameleon,scalar,17,12,24,residual,ok,objective,0.99551978947051,0.25889837741851807,0.7282419446680777
,,chameleon,scalar,17,12,24,jspace,ok,objective,0.7165371463748565,0.49914882523996007,0.0033881164892194393
,,chameleon,scalar,18,12,24,residual,ok,objective,0.994201874550184,0.23777499794960022,0.7584331035125658
,,chameleon,scalar,18,12,24,jspace,ok,objective,0.6781664109553747,0.4992140561446043,0.0030828158333452427
,,chameleon,scalar,19,12,24,residual,ok,objective,0.9962877597991404,0.1962520107626915,0.830502797270646
,,chameleon,scalar,19,12,24,jspace,ok,objective,0.60138777896268,0.49717172106014623,0.011206506594971466
,,chameleon,scalar,20,12,24,residual,ok,objective,0.9970550717021955,0.188355453312397,0.7952721177529041
,,chameleon,scalar,20,12,24,jspace,ok,objective,0.19430921114152733,0.49997795725105537,8.81161705729161e-05
,,chameleon,scalar,21,12,24,residual,ok,objective,0.9981512581388395,0.1901731863617897,0.7933045363118536
,,chameleon,scalar,21,12,24,jspace,ok,objective,0.5822272569844262,0.49991194493974395,0.0003425957197343843
,,chameleon,scalar,22,12,24,residual,ok,objective,0.9962154900840072,0.1818752884864807,0.75540806494093
,,chameleon,scalar,22,12,24,jspace,ok,objective,-0.5646858271268662,0.5059036272932612,-0.024460719604308512
,,chameleon,scalar,23,12,24,residual,ok,objective,0.9949186840465338,0.2783023864030838,0.5564091779089928
,,chameleon,scalar,23,12,24,jspace,ok,objective,0.9447165485308939,0.49990321453989756,-0.0015933082170389579
,,chameleon,scalar,24,12,24,residual,ok,objective,0.9961514392321074,0.29819343984127045,0.5200582382845589
,,chameleon,scalar,24,12,24,jspace,ok,objective,0.5787501497105701,0.48582952987422123,0.032723116797300444
,,chameleon,scalar,25,12,24,residual,ok,objective,0.995702784738253,0.33404386043548584,0.37385054733926637
,,chameleon,scalar,25,12,24,jspace,ok,objective,0.8654100068120647,0.49985990777745476,0.0005184950285740397
,,chameleon,scalar,26,12,24,residual,ok,objective,0.9914339050124223,0.3475366681814194,0.3050904033841686
,,chameleon,scalar,26,12,24,jspace,ok,objective,0.7124500903801505,0.4999306599993501,0.0002771899771976116
,,chameleon,scalar,27,12,24,residual,ok,objective,0.9932961154126545,0.4069262221455574,0.12784747752945602
,,chameleon,scalar,27,12,24,jspace,ok,objective,0.4676044174273962,0.4999651224051711,0.00013924269080078933
,,chameleon,scalar,28,12,24,residual,ok,objective,0.9788946109639048,0.502228818833828,-0.23922230912127507
,,chameleon,scalar,28,12,24,jspace,ok,objective,0.9917917256674998,0.4999638898332835,0.00014222980622990988
,,chameleon,scalar,29,12,24,residual,ok,objective,0.9629260378406355,0.7224938794970512,-1.3559451442023347
,,chameleon,scalar,29,12,24,jspace,ok,objective,0.6529596756251361,0.4982446200231112,0.006807103193120945
,,chameleon,scalar,30,12,24,residual,ok,objective,0.9569791975228937,0.6767974495887756,-1.08575109410058
,,chameleon,scalar,30,12,24,jspace,ok,objective,0.9329790788867861,0.4997343754564532,-0.004951506602731248
,,chameleon,scalar,31,12,24,residual,ok,objective,0.9707535383300908,0.653110682964325,-1.0280918582017637
,,chameleon,scalar,31,12,24,jspace,ok,objective,0.9862092438206054,0.49972196601115804,-0.0027523418217834106
,,chameleon,scalar,32,12,24,residual,ok,objective,0.9849160774587551,0.539591982960701,-0.5731174779551118
,,chameleon,scalar,32,12,24,jspace,ok,objective,0.9623941468151075,0.49962563874193394,0.001495151641930037
,,chameleon,scalar,33,12,24,residual,ok,objective,0.984311733015839,0.380669541656971,0.02636022392831361
,,chameleon,scalar,33,12,24,jspace,ok,objective,0.5956903660782398,0.49992095669742537,-0.03224978064274797
,,chameleon,scalar,34,12,24,residual,ok,objective,0.993140699555042,0.30946122109889984,0.4114463913680826
,,chameleon,scalar,34,12,24,jspace,ok,objective,0.6920709799222671,0.4998972691343744,0.0004090988154840103
,,chameleon,scalar,35,12,24,residual,ok,objective,0.9810885747181908,0.280270054936409,0.6473752133189414
,,chameleon,scalar,35,12,24,jspace,ok,objective,0.7190846991335156,0.49981806256138905,0.0007252728540968478
,,chameleon,scalar,36,12,24,residual,ok,objective,0.9781229675101073,0.27739033102989197,0.6762246939899086
,,chameleon,scalar,36,12,24,jspace,ok,objective,0.7168230700328424,0.4999553511229422,0.00017857795829312462
,,chameleon,scalar,37,12,24,residual,ok,objective,0.9773581319160117,0.26284513622522354,0.6771320768796718
,,chameleon,scalar,37,12,24,jspace,ok,objective,0.8089996436528272,0.4996367362793273,0.0014499856456916538
,,chameleon,scalar,38,12,24,residual,ok,objective,0.9737003684550704,0.2606765180826187,0.6744128023340643
,,chameleon,scalar,38,12,24,jspace,ok,objective,0.9257445043002174,0.49893409567697716,0.004255055990284529
,,chameleon,scalar,39,12,24,residual,ok,objective,0.9780096305171474,0.2615045830607414,0.6440732670390075
,,chameleon,scalar,39,12,24,jspace,ok,objective,0.9960632924501222,0.49850174976313627,0.005891227647276676
,,chameleon,scalar,40,12,24,residual,ok,objective,0.9775453233311389,0.2642059028148651,0.6339777728640215
,,chameleon,scalar,40,12,24,jspace,ok,objective,0.9974130809875297,0.46521941114345006,0.1324182528788368
,,chameleon,scalar,41,12,24,residual,ok,objective,0.9773203777222002,0.2405410259962082,0.6849052041850392
,,chameleon,scalar,41,12,24,jspace,ok,objective,0.5582174181190985,0.4996211053180765,0.0014199551960577539
,,chameleon,scalar,42,12,24,residual,ok,objective,0.978322586661736,0.24862562119960785,0.6527922111815307
,,chameleon,scalar,42,12,24,jspace,ok,objective,0.5364083485072645,0.49930187696190614,0.0022345876729564784
,,chameleon,scalar,43,12,24,residual,ok,objective,0.9741066497399254,0.22993110120296478,0.6596612843381457
,,chameleon,scalar,43,12,24,jspace,ok,objective,0.6737297320344022,0.49401915066893604,0.0212970469969056
,,chameleon,scalar,44,12,24,residual,ok,objective,0.9829191025242875,0.19544634222984314,0.7273611787884633
,,chameleon,scalar,44,12,24,jspace,ok,objective,0.5322884978180622,0.49396390529977974,0.018171927682107625
,,chameleon,scalar,45,12,24,residual,ok,objective,0.9835650860328616,0.1856059730052948,0.7305943335023102
,,chameleon,scalar,45,12,24,jspace,ok,objective,-0.2822423394638677,0.5040810912690149,-0.018315705598505483
,,chameleon,scalar,46,12,24,residual,ok,objective,0.9799750843585593,0.18000076711177826,0.803107811644832
,,chameleon,scalar,46,12,24,jspace,ok,objective,0.7368593958679514,0.49186623143059643,0.024191112177243013
,,chameleon,scalar,47,12,24,residual,ok,objective,0.9579196721376899,0.174546018242836,0.7957147633902046
,,chameleon,scalar,47,12,24,jspace,ok,objective,0.8689517621874651,0.4973661329655443,0.010498531034056402
,,chameleon,scalar,48,12,24,residual,ok,objective,0.9532932095046098,0.17557070404291153,0.7850109555313152
,,chameleon,scalar,48,12,24,jspace,ok,objective,0.9242679720757586,0.49774753168853936,0.008969909769863782
,,chameleon,scalar,49,12,24,residual,ok,objective,0.9525377256694134,0.18266034871339798,0.8053169616265086
,,chameleon,scalar,49,12,24,jspace,ok,objective,-0.9979704930843649,0.5246019082291963,-0.1008501049645647
,,chameleon,scalar,50,12,24,residual,ok,objective,0.9513365092727614,0.14903856813907623,0.8393525384539959
,,chameleon,scalar,50,12,24,jspace,ok,objective,0.8003321365438565,0.49719356917316415,0.011089589387465515
,,chameleon,scalar,51,12,24,residual,ok,objective,0.9416498354702556,0.13453154265880585,0.8186228187486968
,,chameleon,scalar,51,12,24,jspace,ok,objective,0.8604416818445294,0.49277646209491016,0.028516162959390967
,,chameleon,scalar,52,12,24,residual,ok,objective,0.952071459368038,0.11602481454610825,0.8612071745266361
,,chameleon,scalar,52,12,24,jspace,ok,objective,0.7415505336546973,0.4962204670646388,0.014929883100090913
,,chameleon,scalar,53,12,24,residual,ok,objective,0.9498442966790621,0.11599208414554596,0.8630274230567743
,,chameleon,scalar,53,12,24,jspace,ok,objective,0.5756185506637865,0.49737801648013447,0.010334295694301443
,,chameleon,scalar,54,12,24,residual,ok,objective,0.9525998544991519,0.11642980575561523,0.8528052215675004
,,chameleon,scalar,54,12,24,jspace,ok,objective,0.9545688673424988,0.4904889092663447,0.037611572900194123
,,chameleon,scalar,55,12,24,residual,ok,objective,0.9581719863140609,0.10605670511722565,0.9045507524229315
,,chameleon,scalar,55,12,24,jspace,ok,objective,0.5850215903350502,0.4923960054541445,0.029735566564006555
,,chameleon,scalar,56,12,24,residual,ok,objective,0.9564595375533758,0.10717780888080597,0.9029203120022338
,,chameleon,scalar,56,12,24,jspace,ok,objective,0.0225289022802688,0.49944661956786973,-0.0002502046162384808
,,chameleon,scalar,57,12,24,residual,ok,objective,0.9665931443171458,0.10060484707355499,0.9231444721314936
,,chameleon,scalar,57,12,24,jspace,ok,objective,0.04047186426731086,0.4993400592392603,0.0015565175983809354
,,chameleon,scalar,58,12,24,residual,ok,objective,0.9628916614590299,0.1082344576716423,0.9170072554416597
,,chameleon,scalar,58,12,24,jspace,ok,objective,0.9424192577888524,0.4470796232052487,0.1963393010722202
,,chameleon,scalar,59,12,24,residual,ok,objective,0.9760578439817524,0.13300473988056183,0.9226407040125189
,,chameleon,scalar,59,12,24,jspace,ok,objective,0.5932570608223482,0.493684600005227,0.02427373925177212
,,chameleon,scalar,60,12,24,residual,ok,objective,0.9877349087040196,0.15382899343967438,0.8867401986042882
,,chameleon,scalar,60,12,24,jspace,ok,objective,0.7904212386876258,0.4864701829346845,0.05294708794045988
,,chameleon,scalar,61,12,24,residual,ok,objective,0.9899242260280038,0.1305541843175888,0.9206123770843782
,,chameleon,scalar,61,12,24,jspace,ok,objective,0.7532052817008875,0.46032900075839417,0.10828467413672327
,,chameleon,scalar,62,12,24,residual,ok,objective,0.9982118838346926,0.13961463421583176,0.900152371061071
,,chameleon,scalar,62,12,24,jspace,ok,objective,0.9221761780945361,0.4802610213200476,0.06019310544174339
,,chameleon,scalar,-1,12,24,output,ok,value_margin,0.48566400923314623,0.05064239352941516,-0.12015139783315898
,,chameleon,scalar,0,12,24,residual,ok,value_margin,0.9951492406880043,0.00851239189505576,0.9678393543580476
,,chameleon,scalar,0,12,24,jspace,ok,value_margin,0.3045303826391348,0.04999978269298583,5.933680078840098e-06
,,chameleon,scalar,1,12,24,residual,ok,value_margin,0.9933638963882635,0.012381124496459978,0.9171571251973419
,,chameleon,scalar,1,12,24,jspace,ok,value_margin,-0.4758411390374808,0.0500533746000378,-0.0025033311445668005
,,chameleon,scalar,2,12,24,residual,ok,value_margin,0.9956938430486314,0.010155181586742418,0.9532400860221876
,,chameleon,scalar,2,12,24,jspace,ok,value_margin,0.5958752479291769,0.04997821925355034,0.0008431600601606082
,,chameleon,scalar,3,12,24,residual,ok,value_margin,0.9911570776063336,0.018367613852024095,0.8345808800613207
,,chameleon,scalar,3,12,24,jspace,ok,value_margin,0.9795504190829017,0.049988907951510564,-0.004605813283476756
,,chameleon,scalar,4,12,24,residual,ok,value_margin,0.9943885510040317,0.016805242002010362,0.8806641076606032
,,chameleon,scalar,4,12,24,jspace,ok,value_margin,0.15599597776998478,0.04998212094462484,0.0007092126982510827
,,chameleon,scalar,5,12,24,residual,ok,value_margin,0.9964496677275877,0.014464254677295701,0.8898453781580745
,,chameleon,scalar,5,12,24,jspace,ok,value_margin,-0.3938148959656996,0.050016843807858834,-0.0006783130794423275
,,chameleon,scalar,6,12,24,residual,ok,value_margin,0.9972064456739833,0.01172644197940828,0.9182080610013582
,,chameleon,scalar,6,12,24,jspace,ok,value_margin,-0.9782068051491932,0.05000168070062905,-6.869161843825466e-05
,,chameleon,scalar,7,12,24,residual,ok,value_margin,0.9990157328706185,0.0154896780848503,0.8212337409695505
,,chameleon,scalar,7,12,24,jspace,ok,value_margin,0.3721652702140683,0.04999558752562519,0.00017638270465281103
,,chameleon,scalar,8,12,24,residual,ok,value_margin,0.998651957348374,0.013859654963016471,0.8667644844211132
,,chameleon,scalar,8,12,24,jspace,ok,value_margin,0.2793455530685824,0.04999922362851652,3.085827538051866e-05
,,chameleon,scalar,9,12,24,residual,ok,value_margin,0.9917987458177415,0.013517803698778114,0.8633945757417395
,,chameleon,scalar,9,12,24,jspace,ok,value_margin,0.4750082246663519,0.049985020077703834,0.0005453095969520927
,,chameleon,scalar,10,12,24,residual,ok,value_margin,0.9956528933713252,0.013802542537450752,0.870592519012209
,,chameleon,scalar,10,12,24,jspace,ok,value_margin,-0.761439018615123,0.05004915682045143,-0.001984620685187455
,,chameleon,scalar,11,12,24,residual,ok,value_margin,0.980827327138896,0.02554284334182741,0.6352893867469124
,,chameleon,scalar,11,12,24,jspace,ok,value_margin,0.9950006693027712,0.04833521297867683,0.0654463322907669
,,chameleon,scalar,12,12,24,residual,ok,value_margin,0.9701857779303478,0.028097952902317064,0.6671675148246301
,,chameleon,scalar,12,12,24,jspace,ok,value_margin,0.9999809455381771,0.04375850369165043,0.23018446109105928
,,chameleon,scalar,13,12,24,residual,ok,value_margin,0.9775670560981723,0.025955814123153703,0.719402036175772
,,chameleon,scalar,13,12,24,jspace,ok,value_margin,-0.20225463688060458,0.050175292262638095,-0.1389091874586983
,,chameleon,scalar,14,12,24,residual,ok,value_margin,0.9886298079676037,0.027187968790531175,0.6983536310947577
,,chameleon,scalar,14,12,24,jspace,ok,value_margin,0.6695017187533924,0.04987522590264801,0.00493222171603469
,,chameleon,scalar,15,12,24,residual,ok,value_margin,0.9791141401179946,0.02759974747896196,0.6665521541137274
,,chameleon,scalar,15,12,24,jspace,ok,value_margin,0.9682129043309953,0.04995833847148854,0.0016240673390709448
,,chameleon,scalar,16,12,24,residual,ok,value_margin,0.9793287487380492,0.027836132049560564,0.6668501741630237
,,chameleon,scalar,16,12,24,jspace,ok,value_margin,0.6231838234007808,0.04992084015916739,0.003132777464301073
,,chameleon,scalar,17,12,24,residual,ok,value_margin,0.9955197811930506,0.025889839231967943,0.7282419406394387
,,chameleon,scalar,17,12,24,jspace,ok,value_margin,0.7165371463749276,0.04991488252399603,0.0033881164892197724
,,chameleon,scalar,18,12,24,residual,ok,value_margin,0.9942018316951664,0.02377749532461168,0.7584330778693236
,,chameleon,scalar,18,12,24,jspace,ok,value_margin,0.6781664109553771,0.049921405614460436,0.00308281583334602
,,chameleon,scalar,19,12,24,residual,ok,value_margin,0.9962877608713178,0.019625204801559465,0.8305026496407351
,,chameleon,scalar,19,12,24,jspace,ok,value_margin,0.6013877789626874,0.04971717210601464,0.011206506594971577
,,chameleon,scalar,20,12,24,residual,ok,value_margin,0.9970550657068371,0.018835547566413896,0.795271896414157
,,chameleon,scalar,20,12,24,jspace,ok,value_margin,0.19430921114026542,0.04999779572510557,8.811617057202792e-05
,,chameleon,scalar,21,12,24,residual,ok,value_margin,0.9981512610518117,0.019017326831817644,0.7933042605507767
,,chameleon,scalar,21,12,24,jspace,ok,value_margin,0.582227256984209,0.04999119449397441,0.0003425957197344953
,,chameleon,scalar,22,12,24,residual,ok,value_margin,0.9962155207376255,0.018187537044286717,0.7554078424487645
,,chameleon,scalar,22,12,24,jspace,ok,value_margin,-0.5646858271268643,0.050590362729326134,-0.024460719604308512
,,chameleon,scalar,23,12,24,residual,ok,value_margin,0.994918689347174,0.027830257266759834,0.5564088202802537
,,chameleon,scalar,23,12,24,jspace,ok,value_margin,0.9447165485310829,0.04999032145398976,-0.0015933082170387358
,,chameleon,scalar,24,12,24,residual,ok,value_margin,0.9961514402134577,0.029819364845752677,0.52005782318538
,,chameleon,scalar,24,12,24,jspace,ok,value_margin,0.5787501497105679,0.048582952987422136,0.032723116797299445
,,chameleon,scalar,25,12,24,residual,ok,value_margin,0.9957027871567546,0.033404412865638694,0.3738498817454937
,,chameleon,scalar,25,12,24,jspace,ok,value_margin,0.865410006812252,0.049985990777745515,0.0005184950285738177
,,chameleon,scalar,26,12,24,residual,ok,value_margin,0.9914338982943665,0.03475369438529011,0.3050895930404105
,,chameleon,scalar,26,12,24,jspace,ok,value_margin,0.7124500903803779,0.049993065999935006,0.00027718997719772265
,,chameleon,scalar,27,12,24,residual,ok,value_margin,0.9932961210950101,0.04069263413548466,0.1278470663208543
,,chameleon,scalar,27,12,24,jspace,ok,value_margin,0.46760441742886855,0.04999651224051712,0.0001392426908006783
,,chameleon,scalar,28,12,24,residual,ok,value_margin,0.978894663430858,0.05022290274500843,-0.23922324768979175
,,chameleon,scalar,28,12,24,jspace,ok,value_margin,0.9917917256676105,0.049996388983328345,0.000142229806230465
,,chameleon,scalar,29,12,24,residual,ok,value_margin,0.962926075635266,0.0722494006156921,-1.3559458139511982
,,chameleon,scalar,29,12,24,jspace,ok,value_margin,0.6529596756251205,0.049824462002311144,0.006807103193121389
,,chameleon,scalar,30,12,24,residual,ok,value_margin,0.9569791966553058,0.067679750919342,-1.085751366101047
,,chameleon,scalar,30,12,24,jspace,ok,value_margin,0.9329790788866924,0.04997343754564535,-0.004951506602731914
,,chameleon,scalar,31,12,24,residual,ok,value_margin,0.9707535689084585,0.06531111449003216,-1.0280942901870476
,,chameleon,scalar,31,12,24,jspace,ok,value_margin,0.9862092438206371,0.04997219660111581,-0.0027523418217825224
,,chameleon,scalar,32,12,24,residual,ok,value_margin,0.9849160306750733,0.05395921617746349,-0.5731180394272799
,,chameleon,scalar,32,12,24,jspace,ok,value_margin,0.9623941468150944,0.0499625638741934,0.0014951516419304811
,,chameleon,scalar,33,12,24,residual,ok,value_margin,0.9843117364272285,0.03806697130203243,0.026359648360638865
,,chameleon,scalar,33,12,24,jspace,ok,value_margin,0.5956903660788216,0.04999209566974255,-0.03224978064274797
,,chameleon,scalar,34,12,24,residual,ok,value_margin,0.9931406985323098,0.030946131050586717,0.41144592963018034
,,chameleon,scalar,34,12,24,jspace,ok,value_margin,0.6920709799222261,0.049989726913437456,0.0004090988154836772
,,chameleon,scalar,35,12,24,residual,ok,value_margin,0.981088553932762,0.028027008473873155,0.6473750352551342
,,chameleon,scalar,35,12,24,jspace,ok,value_margin,0.719084699133542,0.04998180625613891,0.0007252728540967368
,,chameleon,scalar,36,12,24,residual,ok,value_margin,0.9781229618432625,0.027739036083221452,0.6762245778876306
,,chameleon,scalar,36,12,24,jspace,ok,value_margin,0.7168230700308659,0.049995535112294244,0.0001785779582925695
,,chameleon,scalar,37,12,24,residual,ok,value_margin,0.9773582011850955,0.02628451138734819,0.677132047878285
,,chameleon,scalar,37,12,24,jspace,ok,value_margin,0.8089996436527652,0.04996367362793275,0.0014499856456917648
,,chameleon,scalar,38,12,24,residual,ok,value_margin,0.9737003887863289,0.026067654788494127,0.6744127049850202
,,chameleon,scalar,38,12,24,jspace,ok,value_margin,0.9257445043001665,0.04989340956769774,0.0042550559902840845
,,chameleon,scalar,39,12,24,residual,ok,value_margin,0.9780096331251776,0.02615045309066774,0.644073188910973
,,chameleon,scalar,39,12,24,jspace,ok,value_margin,0.9960632924501234,0.049850174976313645,0.005891227647276898
,,chameleon,scalar,40,12,24,residual,ok,value_margin,0.9775452872872818,0.02642058879137041,0.6339774067940919
,,chameleon,scalar,40,12,24,jspace,ok,value_margin,0.99741308098753,0.046521941114345024,0.13241825287883724
,,chameleon,scalar,41,12,24,residual,ok,value_margin,0.9773204182509364,0.024054105579853075,0.6849050142865176
,,chameleon,scalar,41,12,24,jspace,ok,value_margin,0.5582174181190239,0.04996211053180768,0.0014199551960575318
,,chameleon,scalar,42,12,24,residual,ok,value_margin,0.9783226172489167,0.024862560629844682,0.6527921317811338
,,chameleon,scalar,42,12,24,jspace,ok,value_margin,0.5364083485073607,0.04993018769619062,0.0022345876729567005
,,chameleon,scalar,43,12,24,residual,ok,value_margin,0.9741065570209365,0.02299312055110933,0.6596609057304694
,,chameleon,scalar,43,12,24,jspace,ok,value_margin,0.6737297320343999,0.04940191506689364,0.021297046996904934
,,chameleon,scalar,44,12,24,residual,ok,value_margin,0.9829191175490213,0.0195446416735649,0.7273608974644898
,,chameleon,scalar,44,12,24,jspace,ok,value_margin,0.5322884978180535,0.049396390529978,0.01817192768210718
,,chameleon,scalar,45,12,24,residual,ok,value_margin,0.983565096160687,0.018560606241226185,0.7305940432416738
,,chameleon,scalar,45,12,24,jspace,ok,value_margin,-0.2822423394638729,0.050408109126901524,-0.018315705598505927
,,chameleon,scalar,46,12,24,residual,ok,value_margin,0.9799751201406786,0.018000069260597246,0.8031077147686505
,,chameleon,scalar,46,12,24,jspace,ok,value_margin,0.7368593958679618,0.04918662314305966,0.024191112177243346
,,chameleon,scalar,47,12,24,residual,ok,value_margin,0.9579196308213667,0.017454604804515855,0.7957145131220822
,,chameleon,scalar,47,12,24,jspace,ok,value_margin,0.8689517621874928,0.04973661329655443,0.010498531034056846
,,chameleon,scalar,48,12,24,residual,ok,value_margin,0.9532932026814369,0.01755707263946535,0.785010731192074
,,chameleon,scalar,48,12,24,jspace,ok,value_margin,0.9242679720757672,0.04977475316885396,0.008969909769863671
,,chameleon,scalar,49,12,24,residual,ok,value_margin,0.9525376736660709,0.018266040086746232,0.8053167786674963
,,chameleon,scalar,49,12,24,jspace,ok,value_margin,-0.9979704930843656,0.05246019082291964,-0.10085010496456448
,,chameleon,scalar,50,12,24,residual,ok,value_margin,0.9513365598388053,0.014903861284255998,0.8393524801352258
,,chameleon,scalar,50,12,24,jspace,ok,value_margin,0.8003321365438857,0.04971935691731642,0.011089589387465737
,,chameleon,scalar,51,12,24,residual,ok,value_margin,0.9416498960260548,0.013453166186809529,0.8186226555104493
,,chameleon,scalar,51,12,24,jspace,ok,value_margin,0.860441681844523,0.04927764620949104,0.028516162959390412
,,chameleon,scalar,52,12,24,residual,ok,value_margin,0.9520715923006161,0.011602486670017259,0.8612071902405172
,,chameleon,scalar,52,12,24,jspace,ok,value_margin,0.7415505336546784,0.04962204670646389,0.014929883100090802
,,chameleon,scalar,53,12,24,residual,ok,value_margin,0.949844299511233,0.011599209159612656,0.863027338440886
,,chameleon,scalar,53,12,24,jspace,ok,value_margin,0.5756185506637781,0.049737801648013474,0.010334295694300999
,,chameleon,scalar,54,12,24,residual,ok,value_margin,0.9525998124201485,0.011642980575561512,0.8528051214380173
,,chameleon,scalar,54,12,24,jspace,ok,value_margin,0.9545688673424958,0.04904889092663448,0.037611572900194123
,,chameleon,scalar,55,12,24,residual,ok,value_margin,0.9581719711500399,0.010605674237012863,0.9045506699700844
,,chameleon,scalar,55,12,24,jspace,ok,value_margin,0.5850215903350585,0.04923960054541445,0.02973556656400722
,,chameleon,scalar,56,12,24,residual,ok,value_margin,0.9564595673562825,0.010717764496803311,0.9029202348643183
,,chameleon,scalar,56,12,24,jspace,ok,value_margin,0.02252890228027272,0.049944661956786984,-0.0002502046162380367
,,chameleon,scalar,57,12,24,residual,ok,value_margin,0.9665931866048963,0.01006048172712326,0.9231444808392517
,,chameleon,scalar,57,12,24,jspace,ok,value_margin,0.040471864267320995,0.04993400592392602,0.0015565175983816015
,,chameleon,scalar,58,12,24,residual,ok,value_margin,0.9628917260293828,0.010823428630828885,0.9170073246249331
,,chameleon,scalar,58,12,24,jspace,ok,value_margin,0.9424192577888525,0.0447079623205249,0.19633930107221964
,,chameleon,scalar,59,12,24,residual,ok,value_margin,0.9760578452427112,0.013300463557243375,0.9226408174867868
,,chameleon,scalar,59,12,24,jspace,ok,value_margin,0.5932570608223446,0.049368460000522724,0.02427373925177201
,,chameleon,scalar,60,12,24,residual,ok,value_margin,0.9877349322070006,0.015382903814315813,0.8867402525605923
,,chameleon,scalar,60,12,24,jspace,ok,value_margin,0.7904212386876268,0.04864701829346848,0.0529470879404601
,,chameleon,scalar,61,12,24,residual,ok,value_margin,0.9899241928696484,0.013055424392223375,0.9206122766145305
,,chameleon,scalar,61,12,24,jspace,ok,value_margin,0.7532052817008879,0.046032900075839454,0.10828467413672271
,,chameleon,scalar,62,12,24,residual,ok,value_margin,0.9982118847332652,0.013961459696292894,0.9001522909488068
,,chameleon,scalar,62,12,24,jspace,ok,value_margin,0.9221761780945369,0.048026102132004804,0.060193105441742834
0.5,0.4166666666666667,kuhn,categorical,-1,8,16,output,ok,strategy_given_action_A,,,
0.5,0.3333333333333333,kuhn,categorical,0,8,16,residual,ok,strategy_given_action_A,,,
0.5,0.3333333333333333,kuhn,categorical,0,8,16,jspace,ok,strategy_given_action_A,,,
0.75,0.6666666666666666,kuhn,categorical,1,8,16,residual,ok,strategy_given_action_A,,,
0.5,0.3333333333333333,kuhn,categorical,1,8,16,jspace,ok,strategy_given_action_A,,,
0.5,0.3333333333333333,kuhn,categorical,2,8,16,residual,ok,strategy_given_action_A,,,
0.5,0.3333333333333333,kuhn,categorical,2,8,16,jspace,ok,strategy_given_action_A,,,
0.25,0.3333333333333333,kuhn,categorical,3,8,16,residual,ok,strategy_given_action_A,,,
0.5,0.3333333333333333,kuhn,categorical,3,8,16,jspace,ok,strategy_given_action_A,,,
0.25,0.3333333333333333,kuhn,categorical,4,8,16,residual,ok,strategy_given_action_A,,,
0.5,0.3333333333333333,kuhn,categorical,4,8,16,jspace,ok,strategy_given_action_A,,,
0.25,0.3333333333333333,kuhn,categorical,5,8,16,residual,ok,strategy_given_action_A,,,
0.5,0.3333333333333333,kuhn,categorical,5,8,16,jspace,ok,strategy_given_action_A,,,
0.75,0.6666666666666666,kuhn,categorical,6,8,16,residual,ok,strategy_given_action_A,,,
0.5,0.3333333333333333,kuhn,categorical,6,8,16,jspace,ok,strategy_given_action_A,,,
0.5,0.3333333333333333,kuhn,categorical,7,8,16,residual,ok,strategy_given_action_A,,,
0.5,0.3333333333333333,kuhn,categorical,7,8,16,jspace,ok,strategy_given_action_A,,,
0.5,0.5,kuhn,categorical,8,8,16,residual,ok,strategy_given_action_A,,,
0.5,0.3333333333333333,kuhn,categorical,8,8,16,jspace,ok,strategy_given_action_A,,,
0.5,0.3333333333333333,kuhn,categorical,9,8,16,residual,ok,strategy_given_action_A,,,
0.5,0.3333333333333333,kuhn,categorical,9,8,16,jspace,ok,strategy_given_action_A,,,
0.5,0.3333333333333333,kuhn,categorical,10,8,16,residual,ok,strategy_given_action_A,,,
0.5,0.3333333333333333,kuhn,categorical,10,8,16,jspace,ok,strategy_given_action_A,,,
0.75,0.6666666666666666,kuhn,categorical,11,8,16,residual,ok,strategy_given_action_A,,,
0.5,0.3333333333333333,kuhn,categorical,11,8,16,jspace,ok,strategy_given_action_A,,,
0.25,0.3333333333333333,kuhn,categorical,12,8,16,residual,ok,strategy_given_action_A,,,
0.5,0.3333333333333333,kuhn,categorical,12,8,16,jspace,ok,strategy_given_action_A,,,
1.0,1.0,kuhn,categorical,13,8,16,residual,ok,strategy_given_action_A,,,
0.5,0.3333333333333333,kuhn,categorical,13,8,16,jspace,ok,strategy_given_action_A,,,
0.25,0.3333333333333333,kuhn,categorical,14,8,16,residual,ok,strategy_given_action_A,,,
0.5,0.3333333333333333,kuhn,categorical,14,8,16,jspace,ok,strategy_given_action_A,,,
0.25,0.3333333333333333,kuhn,categorical,15,8,16,residual,ok,strategy_given_action_A,,,
0.5,0.3333333333333333,kuhn,categorical,15,8,16,jspace,ok,strategy_given_action_A,,,
0.375,0.4166666666666667,kuhn,categorical,16,8,16,residual,ok,strategy_given_action_A,,,
0.5,0.3333333333333333,kuhn,categorical,16,8,16,jspace,ok,strategy_given_action_A,,,
0.375,0.4166666666666667,kuhn,categorical,17,8,16,residual,ok,strategy_given_action_A,,,
0.5,0.3333333333333333,kuhn,categorical,17,8,16,jspace,ok,strategy_given_action_A,,,
0.25,0.3333333333333333,kuhn,categorical,18,8,16,residual,ok,strategy_given_action_A,,,
0.5,0.3333333333333333,kuhn,categorical,18,8,16,jspace,ok,strategy_given_action_A,,,
0.5,0.6666666666666666,kuhn,categorical,19,8,16,residual,ok,strategy_given_action_A,,,
0.5,0.3333333333333333,kuhn,categorical,19,8,16,jspace,ok,strategy_given_action_A,,,
0.25,0.3333333333333333,kuhn,categorical,20,8,16,residual,ok,strategy_given_action_A,,,
0.5,0.3333333333333333,kuhn,categorical,20,8,16,jspace,ok,strategy_given_action_A,,,
0.375,0.4166666666666667,kuhn,categorical,21,8,16,residual,ok,strategy_given_action_A,,,
0.5,0.3333333333333333,kuhn,categorical,21,8,16,jspace,ok,strategy_given_action_A,,,
0.25,0.3333333333333333,kuhn,categorical,22,8,16,residual,ok,strategy_given_action_A,,,
0.5,0.3333333333333333,kuhn,categorical,22,8,16,jspace,ok,strategy_given_action_A,,,
0.5,0.5833333333333334,kuhn,categorical,23,8,16,residual,ok,strategy_given_action_A,,,
0.5,0.3333333333333333,kuhn,categorical,23,8,16,jspace,ok,strategy_given_action_A,,,
0.875,0.8333333333333334,kuhn,categorical,24,8,16,residual,ok,strategy_given_action_A,,,
0.5,0.3333333333333333,kuhn,categorical,24,8,16,jspace,ok,strategy_given_action_A,,,
0.5,0.3333333333333333,kuhn,categorical,25,8,16,residual,ok,strategy_given_action_A,,,
0.5,0.3333333333333333,kuhn,categorical,25,8,16,jspace,ok,strategy_given_action_A,,,
0.625,0.5,kuhn,categorical,26,8,16,residual,ok,strategy_given_action_A,,,
0.5,0.3333333333333333,kuhn,categorical,26,8,16,jspace,ok,strategy_given_action_A,,,
0.375,0.4166666666666667,kuhn,categorical,27,8,16,residual,ok,strategy_given_action_A,,,
0.5,0.3333333333333333,kuhn,categorical,27,8,16,jspace,ok,strategy_given_action_A,,,
0.625,0.5833333333333334,kuhn,categorical,28,8,16,residual,ok,strategy_given_action_A,,,
0.5,0.3333333333333333,kuhn,categorical,28,8,16,jspace,ok,strategy_given_action_A,,,
0.5,0.5,kuhn,categorical,29,8,16,residual,ok,strategy_given_action_A,,,
0.5,0.3333333333333333,kuhn,categorical,29,8,16,jspace,ok,strategy_given_action_A,,,
0.375,0.4166666666666667,kuhn,categorical,30,8,16,residual,ok,strategy_given_action_A,,,
0.5,0.3333333333333333,kuhn,categorical,30,8,16,jspace,ok,strategy_given_action_A,,,
0.25,0.3333333333333333,kuhn,categorical,31,8,16,residual,ok,strategy_given_action_A,,,
0.5,0.3333333333333333,kuhn,categorical,31,8,16,jspace,ok,strategy_given_action_A,,,
0.25,0.3333333333333333,kuhn,categorical,32,8,16,residual,ok,strategy_given_action_A,,,
0.5,0.3333333333333333,kuhn,categorical,32,8,16,jspace,ok,strategy_given_action_A,,,
0.375,0.4166666666666667,kuhn,categorical,33,8,16,residual,ok,strategy_given_action_A,,,
0.5,0.3333333333333333,kuhn,categorical,33,8,16,jspace,ok,strategy_given_action_A,,,
0.375,0.4166666666666667,kuhn,categorical,34,8,16,residual,ok,strategy_given_action_A,,,
0.5,0.3333333333333333,kuhn,categorical,34,8,16,jspace,ok,strategy_given_action_A,,,
0.375,0.4166666666666667,kuhn,categorical,35,8,16,residual,ok,strategy_given_action_A,,,
0.5,0.3333333333333333,kuhn,categorical,35,8,16,jspace,ok,strategy_given_action_A,,,
0.25,0.3333333333333333,kuhn,categorical,36,8,16,residual,ok,strategy_given_action_A,,,
0.5,0.3333333333333333,kuhn,categorical,36,8,16,jspace,ok,strategy_given_action_A,,,
0.25,0.3333333333333333,kuhn,categorical,37,8,16,residual,ok,strategy_given_action_A,,,
0.5,0.3333333333333333,kuhn,categorical,37,8,16,jspace,ok,strategy_given_action_A,,,
0.25,0.3333333333333333,kuhn,categorical,38,8,16,residual,ok,strategy_given_action_A,,,
0.5,0.3333333333333333,kuhn,categorical,38,8,16,jspace,ok,strategy_given_action_A,,,
0.25,0.3333333333333333,kuhn,categorical,39,8,16,residual,ok,strategy_given_action_A,,,
0.5,0.3333333333333333,kuhn,categorical,39,8,16,jspace,ok,strategy_given_action_A,,,
0.25,0.3333333333333333,kuhn,categorical,40,8,16,residual,ok,strategy_given_action_A,,,
0.5,0.3333333333333333,kuhn,categorical,40,8,16,jspace,ok,strategy_given_action_A,,,
0.25,0.3333333333333333,kuhn,categorical,41,8,16,residual,ok,strategy_given_action_A,,,
0.5,0.3333333333333333,kuhn,categorical,41,8,16,jspace,ok,strategy_given_action_A,,,
0.25,0.3333333333333333,kuhn,categorical,42,8,16,residual,ok,strategy_given_action_A,,,
0.5,0.3333333333333333,kuhn,categorical,42,8,16,jspace,ok,strategy_given_action_A,,,
0.375,0.4166666666666667,kuhn,categorical,43,8,16,residual,ok,strategy_given_action_A,,,
0.5,0.3333333333333333,kuhn,categorical,43,8,16,jspace,ok,strategy_given_action_A,,,
0.375,0.4166666666666667,kuhn,categorical,44,8,16,residual,ok,strategy_given_action_A,,,
0.5,0.3333333333333333,kuhn,categorical,44,8,16,jspace,ok,strategy_given_action_A,,,
0.375,0.4166666666666667,kuhn,categorical,45,8,16,residual,ok,strategy_given_action_A,,,
0.5,0.3333333333333333,kuhn,categorical,45,8,16,jspace,ok,strategy_given_action_A,,,
0.25,0.3333333333333333,kuhn,categorical,46,8,16,residual,ok,strategy_given_action_A,,,
0.5,0.3333333333333333,kuhn,categorical,46,8,16,jspace,ok,strategy_given_action_A,,,
0.25,0.3333333333333333,kuhn,categorical,47,8,16,residual,ok,strategy_given_action_A,,,
0.5,0.3333333333333333,kuhn,categorical,47,8,16,jspace,ok,strategy_given_action_A,,,
0.625,0.75,kuhn,categorical,48,8,16,residual,ok,strategy_given_action_A,,,
0.5,0.3333333333333333,kuhn,categorical,48,8,16,jspace,ok,strategy_given_action_A,,,
0.625,0.75,kuhn,categorical,49,8,16,residual,ok,strategy_given_action_A,,,
0.5,0.3333333333333333,kuhn,categorical,49,8,16,jspace,ok,strategy_given_action_A,,,
0.375,0.5,kuhn,categorical,50,8,16,residual,ok,strategy_given_action_A,,,
0.5,0.3333333333333333,kuhn,categorical,50,8,16,jspace,ok,strategy_given_action_A,,,
0.375,0.5,kuhn,categorical,51,8,16,residual,ok,strategy_given_action_A,,,
0.5,0.3333333333333333,kuhn,categorical,51,8,16,jspace,ok,strategy_given_action_A,,,
0.375,0.5,kuhn,categorical,52,8,16,residual,ok,strategy_given_action_A,,,
0.5,0.3333333333333333,kuhn,categorical,52,8,16,jspace,ok,strategy_given_action_A,,,
0.375,0.5,kuhn,categorical,53,8,16,residual,ok,strategy_given_action_A,,,
0.5,0.3333333333333333,kuhn,categorical,53,8,16,jspace,ok,strategy_given_action_A,,,
0.25,0.3333333333333333,kuhn,categorical,54,8,16,residual,ok,strategy_given_action_A,,,
0.5,0.3333333333333333,kuhn,categorical,54,8,16,jspace,ok,strategy_given_action_A,,,
0.375,0.5,kuhn,categorical,55,8,16,residual,ok,strategy_given_action_A,,,
0.5,0.3333333333333333,kuhn,categorical,55,8,16,jspace,ok,strategy_given_action_A,,,
0.375,0.5,kuhn,categorical,56,8,16,residual,ok,strategy_given_action_A,,,
0.5,0.3333333333333333,kuhn,categorical,56,8,16,jspace,ok,strategy_given_action_A,,,
0.375,0.5,kuhn,categorical,57,8,16,residual,ok,strategy_given_action_A,,,
0.5,0.3333333333333333,kuhn,categorical,57,8,16,jspace,ok,strategy_given_action_A,,,
0.25,0.3333333333333333,kuhn,categorical,58,8,16,residual,ok,strategy_given_action_A,,,
0.5,0.3333333333333333,kuhn,categorical,58,8,16,jspace,ok,strategy_given_action_A,,,
0.25,0.3333333333333333,kuhn,categorical,59,8,16,residual,ok,strategy_given_action_A,,,
0.5,0.3333333333333333,kuhn,categorical,59,8,16,jspace,ok,strategy_given_action_A,,,
0.25,0.3333333333333333,kuhn,categorical,60,8,16,residual,ok,strategy_given_action_A,,,
0.5,0.3333333333333333,kuhn,categorical,60,8,16,jspace,ok,strategy_given_action_A,,,
0.25,0.3333333333333333,kuhn,categorical,61,8,16,residual,ok,strategy_given_action_A,,,
0.5,0.3333333333333333,kuhn,categorical,61,8,16,jspace,ok,strategy_given_action_A,,,
0.25,0.3333333333333333,kuhn,categorical,62,8,16,residual,ok,strategy_given_action_A,,,
0.5,0.3333333333333333,kuhn,categorical,62,8,16,jspace,ok,strategy_given_action_A,,,
