accuracy,balanced_accuracy,game,kind,layer,n_test,n_train,representation,status,variable,correlation,mae,r2
0.16666666666666666,0.16666666666666666,inspection,categorical,-1,12,12,output,ok,private_state,,,
0.16666666666666666,0.16666666666666666,inspection,categorical,0,12,12,residual,ok,private_state,,,
0.16666666666666666,0.16666666666666666,inspection,categorical,0,12,12,jspace,ok,private_state,,,
0.3333333333333333,0.3333333333333333,inspection,categorical,1,12,12,residual,ok,private_state,,,
0.16666666666666666,0.16666666666666666,inspection,categorical,1,12,12,jspace,ok,private_state,,,
0.3333333333333333,0.3333333333333333,inspection,categorical,2,12,12,residual,ok,private_state,,,
0.16666666666666666,0.16666666666666666,inspection,categorical,2,12,12,jspace,ok,private_state,,,
0.16666666666666666,0.16666666666666666,inspection,categorical,3,12,12,residual,ok,private_state,,,
0.25,0.25,inspection,categorical,3,12,12,jspace,ok,private_state,,,
0.16666666666666666,0.16666666666666666,inspection,categorical,4,12,12,residual,ok,private_state,,,
0.16666666666666666,0.16666666666666666,inspection,categorical,4,12,12,jspace,ok,private_state,,,
0.16666666666666666,0.16666666666666666,inspection,categorical,5,12,12,residual,ok,private_state,,,
0.16666666666666666,0.16666666666666666,inspection,categorical,5,12,12,jspace,ok,private_state,,,
0.16666666666666666,0.16666666666666666,inspection,categorical,6,12,12,residual,ok,private_state,,,
0.16666666666666666,0.16666666666666666,inspection,categorical,6,12,12,jspace,ok,private_state,,,
0.3333333333333333,0.3333333333333333,inspection,categorical,7,12,12,residual,ok,private_state,,,
0.16666666666666666,0.16666666666666666,inspection,categorical,7,12,12,jspace,ok,private_state,,,
0.16666666666666666,0.16666666666666666,inspection,categorical,8,12,12,residual,ok,private_state,,,
0.16666666666666666,0.16666666666666666,inspection,categorical,8,12,12,jspace,ok,private_state,,,
0.16666666666666666,0.16666666666666666,inspection,categorical,9,12,12,residual,ok,private_state,,,
0.16666666666666666,0.16666666666666666,inspection,categorical,9,12,12,jspace,ok,private_state,,,
0.16666666666666666,0.16666666666666666,inspection,categorical,10,12,12,residual,ok,private_state,,,
0.16666666666666666,0.16666666666666666,inspection,categorical,10,12,12,jspace,ok,private_state,,,
0.16666666666666666,0.16666666666666666,inspection,categorical,11,12,12,residual,ok,private_state,,,
0.16666666666666666,0.16666666666666666,inspection,categorical,11,12,12,jspace,ok,private_state,,,
0.16666666666666666,0.16666666666666666,inspection,categorical,12,12,12,residual,ok,private_state,,,
0.16666666666666666,0.16666666666666666,inspection,categorical,12,12,12,jspace,ok,private_state,,,
0.16666666666666666,0.16666666666666666,inspection,categorical,13,12,12,residual,ok,private_state,,,
0.25,0.25,inspection,categorical,13,12,12,jspace,ok,private_state,,,
0.16666666666666666,0.16666666666666666,inspection,categorical,14,12,12,residual,ok,private_state,,,
0.16666666666666666,0.16666666666666666,inspection,categorical,14,12,12,jspace,ok,private_state,,,
0.16666666666666666,0.16666666666666666,inspection,categorical,15,12,12,residual,ok,private_state,,,
0.3333333333333333,0.3333333333333333,inspection,categorical,15,12,12,jspace,ok,private_state,,,
0.16666666666666666,0.16666666666666666,inspection,categorical,16,12,12,residual,ok,private_state,,,
0.16666666666666666,0.16666666666666666,inspection,categorical,16,12,12,jspace,ok,private_state,,,
0.16666666666666666,0.16666666666666666,inspection,categorical,17,12,12,residual,ok,private_state,,,
0.16666666666666666,0.16666666666666666,inspection,categorical,17,12,12,jspace,ok,private_state,,,
0.16666666666666666,0.16666666666666666,inspection,categorical,18,12,12,residual,ok,private_state,,,
0.16666666666666666,0.16666666666666666,inspection,categorical,18,12,12,jspace,ok,private_state,,,
0.3333333333333333,0.3333333333333333,inspection,categorical,19,12,12,residual,ok,private_state,,,
0.16666666666666666,0.16666666666666666,inspection,categorical,19,12,12,jspace,ok,private_state,,,
0.16666666666666666,0.16666666666666666,inspection,categorical,20,12,12,residual,ok,private_state,,,
0.16666666666666666,0.16666666666666666,inspection,categorical,20,12,12,jspace,ok,private_state,,,
0.16666666666666666,0.16666666666666666,inspection,categorical,21,12,12,residual,ok,private_state,,,
0.16666666666666666,0.16666666666666666,inspection,categorical,21,12,12,jspace,ok,private_state,,,
0.16666666666666666,0.16666666666666666,inspection,categorical,22,12,12,residual,ok,private_state,,,
0.16666666666666666,0.16666666666666666,inspection,categorical,22,12,12,jspace,ok,private_state,,,
0.16666666666666666,0.16666666666666666,inspection,categorical,23,12,12,residual,ok,private_state,,,
0.16666666666666666,0.16666666666666666,inspection,categorical,23,12,12,jspace,ok,private_state,,,
0.16666666666666666,0.16666666666666666,inspection,categorical,24,12,12,residual,ok,private_state,,,
0.08333333333333333,0.08333333333333333,inspection,categorical,24,12,12,jspace,ok,private_state,,,
0.16666666666666666,0.16666666666666666,inspection,categorical,25,12,12,residual,ok,private_state,,,
0.16666666666666666,0.16666666666666666,inspection,categorical,25,12,12,jspace,ok,private_state,,,
0.16666666666666666,0.16666666666666666,inspection,categorical,26,12,12,residual,ok,private_state,,,
0.3333333333333333,0.3333333333333333,inspection,categorical,26,12,12,jspace,ok,private_state,,,
0.16666666666666666,0.16666666666666666,inspection,categorical,27,12,12,residual,ok,private_state,,,
0.16666666666666666,0.16666666666666666,inspection,categorical,27,12,12,jspace,ok,private_state,,,
0.16666666666666666,0.16666666666666666,inspection,categorical,28,12,12,residual,ok,private_state,,,
0.16666666666666666,0.16666666666666666,inspection,categorical,28,12,12,jspace,ok,private_state,,,
0.16666666666666666,0.16666666666666666,inspection,categorical,29,12,12,residual,ok,private_state,,,
0.16666666666666666,0.16666666666666666,inspection,categorical,29,12,12,jspace,ok,private_state,,,
0.16666666666666666,0.16666666666666666,inspection,categorical,30,12,12,residual,ok,private_state,,,
0.16666666666666666,0.16666666666666666,inspection,categorical,30,12,12,jspace,ok,private_state,,,
0.16666666666666666,0.16666666666666666,inspection,categorical,31,12,12,residual,ok,private_state,,,
0.25,0.25,inspection,categorical,31,12,12,jspace,ok,private_state,,,
0.25,0.25,inspection,categorical,32,12,12,residual,ok,private_state,,,
0.16666666666666666,0.16666666666666666,inspection,categorical,32,12,12,jspace,ok,private_state,,,
0.16666666666666666,0.16666666666666666,inspection,categorical,33,12,12,residual,ok,private_state,,,
0.16666666666666666,0.16666666666666666,inspection,categorical,33,12,12,jspace,ok,private_state,,,
0.3333333333333333,0.3333333333333333,inspection,categorical,34,12,12,residual,ok,private_state,,,
0.16666666666666666,0.16666666666666666,inspection,categorical,34,12,12,jspace,ok,private_state,,,
0.16666666666666666,0.16666666666666666,inspection,categorical,35,12,12,residual,ok,private_state,,,
0.16666666666666666,0.16666666666666666,inspection,categorical,35,12,12,jspace,ok,private_state,,,
0.16666666666666666,0.16666666666666666,inspection,categorical,36,12,12,residual,ok,private_state,,,
0.16666666666666666,0.16666666666666666,inspection,categorical,36,12,12,jspace,ok,private_state,,,
0.16666666666666666,0.16666666666666666,inspection,categorical,37,12,12,residual,ok,private_state,,,
0.3333333333333333,0.3333333333333333,inspection,categorical,37,12,12,jspace,ok,private_state,,,
0.16666666666666666,0.16666666666666666,inspection,categorical,38,12,12,residual,ok,private_state,,,
0.16666666666666666,0.16666666666666666,inspection,categorical,38,12,12,jspace,ok,private_state,,,
0.16666666666666666,0.16666666666666666,inspection,categorical,39,12,12,residual,ok,private_state,,,
0.16666666666666666,0.16666666666666666,inspection,categorical,39,12,12,jspace,ok,private_state,,,
0.16666666666666666,0.16666666666666666,inspection,categorical,40,12,12,residual,ok,private_state,,,
0.16666666666666666,0.16666666666666666,inspection,categorical,40,12,12,jspace,ok,private_state,,,
0.16666666666666666,0.16666666666666666,inspection,categorical,41,12,12,residual,ok,private_state,,,
0.08333333333333333,0.08333333333333333,inspection,categorical,41,12,12,jspace,ok,private_state,,,
0.16666666666666666,0.16666666666666666,inspection,categorical,42,12,12,residual,ok,private_state,,,
0.16666666666666666,0.16666666666666666,inspection,categorical,42,12,12,jspace,ok,private_state,,,
0.16666666666666666,0.16666666666666666,inspection,categorical,43,12,12,residual,ok,private_state,,,
0.16666666666666666,0.16666666666666666,inspection,categorical,43,12,12,jspace,ok,private_state,,,
0.16666666666666666,0.16666666666666666,inspection,categorical,44,12,12,residual,ok,private_state,,,
0.16666666666666666,0.16666666666666666,inspection,categorical,44,12,12,jspace,ok,private_state,,,
0.16666666666666666,0.16666666666666666,inspection,categorical,45,12,12,residual,ok,private_state,,,
0.16666666666666666,0.16666666666666666,inspection,categorical,45,12,12,jspace,ok,private_state,,,
0.16666666666666666,0.16666666666666666,inspection,categorical,46,12,12,residual,ok,private_state,,,
0.16666666666666666,0.16666666666666666,inspection,categorical,46,12,12,jspace,ok,private_state,,,
0.16666666666666666,0.16666666666666666,inspection,categorical,47,12,12,residual,ok,private_state,,,
0.16666666666666666,0.16666666666666666,inspection,categorical,47,12,12,jspace,ok,private_state,,,
0.16666666666666666,0.16666666666666666,inspection,categorical,48,12,12,residual,ok,private_state,,,
0.16666666666666666,0.16666666666666666,inspection,categorical,48,12,12,jspace,ok,private_state,,,
0.16666666666666666,0.16666666666666666,inspection,categorical,49,12,12,residual,ok,private_state,,,
0.16666666666666666,0.16666666666666666,inspection,categorical,49,12,12,jspace,ok,private_state,,,
0.25,0.25,inspection,categorical,50,12,12,residual,ok,private_state,,,
0.16666666666666666,0.16666666666666666,inspection,categorical,50,12,12,jspace,ok,private_state,,,
0.16666666666666666,0.16666666666666666,inspection,categorical,51,12,12,residual,ok,private_state,,,
0.16666666666666666,0.16666666666666666,inspection,categorical,51,12,12,jspace,ok,private_state,,,
0.16666666666666666,0.16666666666666666,inspection,categorical,52,12,12,residual,ok,private_state,,,
0.16666666666666666,0.16666666666666666,inspection,categorical,52,12,12,jspace,ok,private_state,,,
0.16666666666666666,0.16666666666666666,inspection,categorical,53,12,12,residual,ok,private_state,,,
0.3333333333333333,0.3333333333333333,inspection,categorical,53,12,12,jspace,ok,private_state,,,
0.3333333333333333,0.3333333333333333,inspection,categorical,54,12,12,residual,ok,private_state,,,
0.3333333333333333,0.3333333333333333,inspection,categorical,54,12,12,jspace,ok,private_state,,,
0.16666666666666666,0.16666666666666666,inspection,categorical,55,12,12,residual,ok,private_state,,,
0.16666666666666666,0.16666666666666666,inspection,categorical,55,12,12,jspace,ok,private_state,,,
0.16666666666666666,0.16666666666666666,inspection,categorical,56,12,12,residual,ok,private_state,,,
0.16666666666666666,0.16666666666666666,inspection,categorical,56,12,12,jspace,ok,private_state,,,
0.16666666666666666,0.16666666666666666,inspection,categorical,57,12,12,residual,ok,private_state,,,
0.16666666666666666,0.16666666666666666,inspection,categorical,57,12,12,jspace,ok,private_state,,,
0.16666666666666666,0.16666666666666666,inspection,categorical,58,12,12,residual,ok,private_state,,,
0.3333333333333333,0.3333333333333333,inspection,categorical,58,12,12,jspace,ok,private_state,,,
0.16666666666666666,0.16666666666666666,inspection,categorical,59,12,12,residual,ok,private_state,,,
0.16666666666666666,0.16666666666666666,inspection,categorical,59,12,12,jspace,ok,private_state,,,
0.25,0.25,inspection,categorical,60,12,12,residual,ok,private_state,,,
0.16666666666666666,0.16666666666666666,inspection,categorical,60,12,12,jspace,ok,private_state,,,
0.16666666666666666,0.16666666666666666,inspection,categorical,61,12,12,residual,ok,private_state,,,
0.16666666666666666,0.16666666666666666,inspection,categorical,61,12,12,jspace,ok,private_state,,,
0.16666666666666666,0.16666666666666666,inspection,categorical,62,12,12,residual,ok,private_state,,,
0.3333333333333333,0.3333333333333333,inspection,categorical,62,12,12,jspace,ok,private_state,,,
0.5833333333333334,0.5,inspection,categorical,-1,12,12,output,ok,strategy,,,
0.5833333333333334,0.5,inspection,categorical,0,12,12,residual,ok,strategy,,,
0.5833333333333334,0.5,inspection,categorical,0,12,12,jspace,ok,strategy,,,
0.5833333333333334,0.5,inspection,categorical,1,12,12,residual,ok,strategy,,,
0.5833333333333334,0.5,inspection,categorical,1,12,12,jspace,ok,strategy,,,
0.5833333333333334,0.5,inspection,categorical,2,12,12,residual,ok,strategy,,,
0.5833333333333334,0.5,inspection,categorical,2,12,12,jspace,ok,strategy,,,
0.5833333333333334,0.5,inspection,categorical,3,12,12,residual,ok,strategy,,,
0.5833333333333334,0.5,inspection,categorical,3,12,12,jspace,ok,strategy,,,
0.5833333333333334,0.5,inspection,categorical,4,12,12,residual,ok,strategy,,,
0.5833333333333334,0.5,inspection,categorical,4,12,12,jspace,ok,strategy,,,
0.5833333333333334,0.5,inspection,categorical,5,12,12,residual,ok,strategy,,,
0.5833333333333334,0.5,inspection,categorical,5,12,12,jspace,ok,strategy,,,
0.5833333333333334,0.5,inspection,categorical,6,12,12,residual,ok,strategy,,,
0.5833333333333334,0.5,inspection,categorical,6,12,12,jspace,ok,strategy,,,
0.5833333333333334,0.5,inspection,categorical,7,12,12,residual,ok,strategy,,,
0.5833333333333334,0.5,inspection,categorical,7,12,12,jspace,ok,strategy,,,
0.5833333333333334,0.5,inspection,categorical,8,12,12,residual,ok,strategy,,,
0.5833333333333334,0.5,inspection,categorical,8,12,12,jspace,ok,strategy,,,
0.5833333333333334,0.5,inspection,categorical,9,12,12,residual,ok,strategy,,,
0.5833333333333334,0.5,inspection,categorical,9,12,12,jspace,ok,strategy,,,
0.5833333333333334,0.5,inspection,categorical,10,12,12,residual,ok,strategy,,,
0.5833333333333334,0.5,inspection,categorical,10,12,12,jspace,ok,strategy,,,
0.5833333333333334,0.5,inspection,categorical,11,12,12,residual,ok,strategy,,,
0.5833333333333334,0.5,inspection,categorical,11,12,12,jspace,ok,strategy,,,
0.5833333333333334,0.5,inspection,categorical,12,12,12,residual,ok,strategy,,,
0.5833333333333334,0.5,inspection,categorical,12,12,12,jspace,ok,strategy,,,
0.5833333333333334,0.5,inspection,categorical,13,12,12,residual,ok,strategy,,,
0.5833333333333334,0.5,inspection,categorical,13,12,12,jspace,ok,strategy,,,
0.5833333333333334,0.5,inspection,categorical,14,12,12,residual,ok,strategy,,,
0.5833333333333334,0.5,inspection,categorical,14,12,12,jspace,ok,strategy,,,
0.5833333333333334,0.5,inspection,categorical,15,12,12,residual,ok,strategy,,,
0.5833333333333334,0.5,inspection,categorical,15,12,12,jspace,ok,strategy,,,
0.5833333333333334,0.5,inspection,categorical,16,12,12,residual,ok,strategy,,,
0.5833333333333334,0.5,inspection,categorical,16,12,12,jspace,ok,strategy,,,
0.5833333333333334,0.5,inspection,categorical,17,12,12,residual,ok,strategy,,,
0.5833333333333334,0.5,inspection,categorical,17,12,12,jspace,ok,strategy,,,
0.5833333333333334,0.5,inspection,categorical,18,12,12,residual,ok,strategy,,,
0.5833333333333334,0.5,inspection,categorical,18,12,12,jspace,ok,strategy,,,
0.4166666666666667,0.5,inspection,categorical,19,12,12,residual,ok,strategy,,,
0.5833333333333334,0.5,inspection,categorical,19,12,12,jspace,ok,strategy,,,
0.6666666666666666,0.6285714285714286,inspection,categorical,20,12,12,residual,ok,strategy,,,
0.5833333333333334,0.5,inspection,categorical,20,12,12,jspace,ok,strategy,,,
0.5833333333333334,0.6428571428571428,inspection,categorical,21,12,12,residual,ok,strategy,,,
0.5833333333333334,0.5,inspection,categorical,21,12,12,jspace,ok,strategy,,,
0.75,0.7285714285714285,inspection,categorical,22,12,12,residual,ok,strategy,,,
0.5833333333333334,0.5,inspection,categorical,22,12,12,jspace,ok,strategy,,,
0.5833333333333334,0.5,inspection,categorical,23,12,12,residual,ok,strategy,,,
0.5833333333333334,0.5,inspection,categorical,23,12,12,jspace,ok,strategy,,,
0.5833333333333334,0.5,inspection,categorical,24,12,12,residual,ok,strategy,,,
0.5833333333333334,0.5,inspection,categorical,24,12,12,jspace,ok,strategy,,,
0.5833333333333334,0.5,inspection,categorical,25,12,12,residual,ok,strategy,,,
0.5833333333333334,0.5,inspection,categorical,25,12,12,jspace,ok,strategy,,,
0.5833333333333334,0.5,inspection,categorical,26,12,12,residual,ok,strategy,,,
0.5833333333333334,0.5,inspection,categorical,26,12,12,jspace,ok,strategy,,,
0.5833333333333334,0.5,inspection,categorical,27,12,12,residual,ok,strategy,,,
0.5833333333333334,0.5,inspection,categorical,27,12,12,jspace,ok,strategy,,,
0.5833333333333334,0.5,inspection,categorical,28,12,12,residual,ok,strategy,,,
0.5833333333333334,0.5,inspection,categorical,28,12,12,jspace,ok,strategy,,,
0.5833333333333334,0.5,inspection,categorical,29,12,12,residual,ok,strategy,,,
0.5833333333333334,0.5,inspection,categorical,29,12,12,jspace,ok,strategy,,,
0.5833333333333334,0.5,inspection,categorical,30,12,12,residual,ok,strategy,,,
0.5833333333333334,0.5,inspection,categorical,30,12,12,jspace,ok,strategy,,,
0.5833333333333334,0.5,inspection,categorical,31,12,12,residual,ok,strategy,,,
0.5833333333333334,0.5,inspection,categorical,31,12,12,jspace,ok,strategy,,,
0.5833333333333334,0.5,inspection,categorical,32,12,12,residual,ok,strategy,,,
0.5833333333333334,0.5,inspection,categorical,32,12,12,jspace,ok,strategy,,,
0.5833333333333334,0.5,inspection,categorical,33,12,12,residual,ok,strategy,,,
0.5833333333333334,0.5,inspection,categorical,33,12,12,jspace,ok,strategy,,,
0.5833333333333334,0.5,inspection,categorical,34,12,12,residual,ok,strategy,,,
0.5833333333333334,0.5,inspection,categorical,34,12,12,jspace,ok,strategy,,,
0.5833333333333334,0.5,inspection,categorical,35,12,12,residual,ok,strategy,,,
0.5833333333333334,0.5,inspection,categorical,35,12,12,jspace,ok,strategy,,,
0.5833333333333334,0.5,inspection,categorical,36,12,12,residual,ok,strategy,,,
0.5833333333333334,0.5,inspection,categorical,36,12,12,jspace,ok,strategy,,,
0.5833333333333334,0.5,inspection,categorical,37,12,12,residual,ok,strategy,,,
0.5833333333333334,0.5,inspection,categorical,37,12,12,jspace,ok,strategy,,,
0.5833333333333334,0.5,inspection,categorical,38,12,12,residual,ok,strategy,,,
0.5833333333333334,0.5,inspection,categorical,38,12,12,jspace,ok,strategy,,,
0.5833333333333334,0.5,inspection,categorical,39,12,12,residual,ok,strategy,,,
0.5833333333333334,0.5,inspection,categorical,39,12,12,jspace,ok,strategy,,,
0.5833333333333334,0.5,inspection,categorical,40,12,12,residual,ok,strategy,,,
0.5833333333333334,0.5,inspection,categorical,40,12,12,jspace,ok,strategy,,,
0.5833333333333334,0.5,inspection,categorical,41,12,12,residual,ok,strategy,,,
0.5833333333333334,0.5,inspection,categorical,41,12,12,jspace,ok,strategy,,,
0.5833333333333334,0.5,inspection,categorical,42,12,12,residual,ok,strategy,,,
0.5833333333333334,0.5,inspection,categorical,42,12,12,jspace,ok,strategy,,,
0.5833333333333334,0.5,inspection,categorical,43,12,12,residual,ok,strategy,,,
0.5833333333333334,0.5,inspection,categorical,43,12,12,jspace,ok,strategy,,,
0.8333333333333334,0.8,inspection,categorical,44,12,12,residual,ok,strategy,,,
0.5833333333333334,0.5,inspection,categorical,44,12,12,jspace,ok,strategy,,,
0.8333333333333334,0.8,inspection,categorical,45,12,12,residual,ok,strategy,,,
0.5833333333333334,0.5,inspection,categorical,45,12,12,jspace,ok,strategy,,,
0.75,0.7285714285714285,inspection,categorical,46,12,12,residual,ok,strategy,,,
0.5833333333333334,0.5,inspection,categorical,46,12,12,jspace,ok,strategy,,,
0.5833333333333334,0.5,inspection,categorical,47,12,12,residual,ok,strategy,,,
0.5833333333333334,0.5,inspection,categorical,47,12,12,jspace,ok,strategy,,,
0.5833333333333334,0.5,inspection,categorical,48,12,12,residual,ok,strategy,,,
0.5833333333333334,0.5,inspection,categorical,48,12,12,jspace,ok,strategy,,,
0.6666666666666666,0.6,inspection,categorical,49,12,12,residual,ok,strategy,,,
0.5833333333333334,0.5,inspection,categorical,49,12,12,jspace,ok,strategy,,,
0.6666666666666666,0.6,inspection,categorical,50,12,12,residual,ok,strategy,,,
0.5833333333333334,0.5,inspection,categorical,50,12,12,jspace,ok,strategy,,,
0.9166666666666666,0.9285714285714286,inspection,categorical,51,12,12,residual,ok,strategy,,,
0.5833333333333334,0.5,inspection,categorical,51,12,12,jspace,ok,strategy,,,
0.9166666666666666,0.9285714285714286,inspection,categorical,52,12,12,residual,ok,strategy,,,
0.5833333333333334,0.5,inspection,categorical,52,12,12,jspace,ok,strategy,,,
0.9166666666666666,0.9285714285714286,inspection,categorical,53,12,12,residual,ok,strategy,,,
0.5833333333333334,0.5,inspection,categorical,53,12,12,jspace,ok,strategy,,,
0.8333333333333334,0.8285714285714285,inspection,categorical,54,12,12,residual,ok,strategy,,,
0.5833333333333334,0.5,inspection,categorical,54,12,12,jspace,ok,strategy,,,
0.9166666666666666,0.9285714285714286,inspection,categorical,55,12,12,residual,ok,strategy,,,
0.5833333333333334,0.5,inspection,categorical,55,12,12,jspace,ok,strategy,,,
0.9166666666666666,0.9285714285714286,inspection,categorical,56,12,12,residual,ok,strategy,,,
0.5833333333333334,0.5,inspection,categorical,56,12,12,jspace,ok,strategy,,,
0.9166666666666666,0.9285714285714286,inspection,categorical,57,12,12,residual,ok,strategy,,,
0.5833333333333334,0.5,inspection,categorical,57,12,12,jspace,ok,strategy,,,
0.9166666666666666,0.9285714285714286,inspection,categorical,58,12,12,residual,ok,strategy,,,
0.5833333333333334,0.5,inspection,categorical,58,12,12,jspace,ok,strategy,,,
0.8333333333333334,0.8285714285714285,inspection,categorical,59,12,12,residual,ok,strategy,,,
0.5833333333333334,0.5,inspection,categorical,59,12,12,jspace,ok,strategy,,,
0.9166666666666666,0.9285714285714286,inspection,categorical,60,12,12,residual,ok,strategy,,,
0.5833333333333334,0.5,inspection,categorical,60,12,12,jspace,ok,strategy,,,
0.8333333333333334,0.8,inspection,categorical,61,12,12,residual,ok,strategy,,,
0.5833333333333334,0.5,inspection,categorical,61,12,12,jspace,ok,strategy,,,
0.9166666666666666,0.9,inspection,categorical,62,12,12,residual,ok,strategy,,,
0.5833333333333334,0.5,inspection,categorical,62,12,12,jspace,ok,strategy,,,
0.5833333333333334,0.5,inspection,categorical,-1,12,12,output,ok,action,,,
0.5833333333333334,0.5,inspection,categorical,0,12,12,residual,ok,action,,,
0.5833333333333334,0.5,inspection,categorical,0,12,12,jspace,ok,action,,,
0.5833333333333334,0.5,inspection,categorical,1,12,12,residual,ok,action,,,
0.5833333333333334,0.5,inspection,categorical,1,12,12,jspace,ok,action,,,
0.5833333333333334,0.5,inspection,categorical,2,12,12,residual,ok,action,,,
0.5833333333333334,0.5,inspection,categorical,2,12,12,jspace,ok,action,,,
0.5833333333333334,0.5,inspection,categorical,3,12,12,residual,ok,action,,,
0.5833333333333334,0.5,inspection,categorical,3,12,12,jspace,ok,action,,,
0.5833333333333334,0.5,inspection,categorical,4,12,12,residual,ok,action,,,
0.5833333333333334,0.5,inspection,categorical,4,12,12,jspace,ok,action,,,
0.5833333333333334,0.5,inspection,categorical,5,12,12,residual,ok,action,,,
0.5833333333333334,0.5,inspection,categorical,5,12,12,jspace,ok,action,,,
0.5833333333333334,0.5,inspection,categorical,6,12,12,residual,ok,action,,,
0.5833333333333334,0.5,inspection,categorical,6,12,12,jspace,ok,action,,,
0.5833333333333334,0.5,inspection,categorical,7,12,12,residual,ok,action,,,
0.5833333333333334,0.5,inspection,categorical,7,12,12,jspace,ok,action,,,
0.5833333333333334,0.5,inspection,categorical,8,12,12,residual,ok,action,,,
0.5833333333333334,0.5,inspection,categorical,8,12,12,jspace,ok,action,,,
0.5833333333333334,0.5,inspection,categorical,9,12,12,residual,ok,action,,,
0.5833333333333334,0.5,inspection,categorical,9,12,12,jspace,ok,action,,,
0.5833333333333334,0.5,inspection,categorical,10,12,12,residual,ok,action,,,
0.5833333333333334,0.5,inspection,categorical,10,12,12,jspace,ok,action,,,
0.5833333333333334,0.5,inspection,categorical,11,12,12,residual,ok,action,,,
0.5833333333333334,0.5,inspection,categorical,11,12,12,jspace,ok,action,,,
0.5833333333333334,0.5,inspection,categorical,12,12,12,residual,ok,action,,,
0.5833333333333334,0.5,inspection,categorical,12,12,12,jspace,ok,action,,,
0.5833333333333334,0.5,inspection,categorical,13,12,12,residual,ok,action,,,
0.5833333333333334,0.5,inspection,categorical,13,12,12,jspace,ok,action,,,
0.5833333333333334,0.5,inspection,categorical,14,12,12,residual,ok,action,,,
0.5833333333333334,0.5,inspection,categorical,14,12,12,jspace,ok,action,,,
0.5833333333333334,0.5,inspection,categorical,15,12,12,residual,ok,action,,,
0.5833333333333334,0.5,inspection,categorical,15,12,12,jspace,ok,action,,,
0.5833333333333334,0.5,inspection,categorical,16,12,12,residual,ok,action,,,
0.5833333333333334,0.5,inspection,categorical,16,12,12,jspace,ok,action,,,
0.5833333333333334,0.5,inspection,categorical,17,12,12,residual,ok,action,,,
0.5833333333333334,0.5,inspection,categorical,17,12,12,jspace,ok,action,,,
0.5833333333333334,0.5,inspection,categorical,18,12,12,residual,ok,action,,,
0.5833333333333334,0.5,inspection,categorical,18,12,12,jspace,ok,action,,,
0.4166666666666667,0.5,inspection,categorical,19,12,12,residual,ok,action,,,
0.5833333333333334,0.5,inspection,categorical,19,12,12,jspace,ok,action,,,
0.6666666666666666,0.6285714285714286,inspection,categorical,20,12,12,residual,ok,action,,,
0.5833333333333334,0.5,inspection,categorical,20,12,12,jspace,ok,action,,,
0.5833333333333334,0.6428571428571428,inspection,categorical,21,12,12,residual,ok,action,,,
0.5833333333333334,0.5,inspection,categorical,21,12,12,jspace,ok,action,,,
0.75,0.7285714285714285,inspection,categorical,22,12,12,residual,ok,action,,,
0.5833333333333334,0.5,inspection,categorical,22,12,12,jspace,ok,action,,,
0.5833333333333334,0.5,inspection,categorical,23,12,12,residual,ok,action,,,
0.5833333333333334,0.5,inspection,categorical,23,12,12,jspace,ok,action,,,
0.5833333333333334,0.5,inspection,categorical,24,12,12,residual,ok,action,,,
0.5833333333333334,0.5,inspection,categorical,24,12,12,jspace,ok,action,,,
0.5833333333333334,0.5,inspection,categorical,25,12,12,residual,ok,action,,,
0.5833333333333334,0.5,inspection,categorical,25,12,12,jspace,ok,action,,,
0.5833333333333334,0.5,inspection,categorical,26,12,12,residual,ok,action,,,
0.5833333333333334,0.5,inspection,categorical,26,12,12,jspace,ok,action,,,
0.5833333333333334,0.5,inspection,categorical,27,12,12,residual,ok,action,,,
0.5833333333333334,0.5,inspection,categorical,27,12,12,jspace,ok,action,,,
0.5833333333333334,0.5,inspection,categorical,28,12,12,residual,ok,action,,,
0.5833333333333334,0.5,inspection,categorical,28,12,12,jspace,ok,action,,,
0.5833333333333334,0.5,inspection,categorical,29,12,12,residual,ok,action,,,
0.5833333333333334,0.5,inspection,categorical,29,12,12,jspace,ok,action,,,
0.5833333333333334,0.5,inspection,categorical,30,12,12,residual,ok,action,,,
0.5833333333333334,0.5,inspection,categorical,30,12,12,jspace,ok,action,,,
0.5833333333333334,0.5,inspection,categorical,31,12,12,residual,ok,action,,,
0.5833333333333334,0.5,inspection,categorical,31,12,12,jspace,ok,action,,,
0.5833333333333334,0.5,inspection,categorical,32,12,12,residual,ok,action,,,
0.5833333333333334,0.5,inspection,categorical,32,12,12,jspace,ok,action,,,
0.5833333333333334,0.5,inspection,categorical,33,12,12,residual,ok,action,,,
0.5833333333333334,0.5,inspection,categorical,33,12,12,jspace,ok,action,,,
0.5833333333333334,0.5,inspection,categorical,34,12,12,residual,ok,action,,,
0.5833333333333334,0.5,inspection,categorical,34,12,12,jspace,ok,action,,,
0.5833333333333334,0.5,inspection,categorical,35,12,12,residual,ok,action,,,
0.5833333333333334,0.5,inspection,categorical,35,12,12,jspace,ok,action,,,
0.5833333333333334,0.5,inspection,categorical,36,12,12,residual,ok,action,,,
0.5833333333333334,0.5,inspection,categorical,36,12,12,jspace,ok,action,,,
0.5833333333333334,0.5,inspection,categorical,37,12,12,residual,ok,action,,,
0.5833333333333334,0.5,inspection,categorical,37,12,12,jspace,ok,action,,,
0.5833333333333334,0.5,inspection,categorical,38,12,12,residual,ok,action,,,
0.5833333333333334,0.5,inspection,categorical,38,12,12,jspace,ok,action,,,
0.5833333333333334,0.5,inspection,categorical,39,12,12,residual,ok,action,,,
0.5833333333333334,0.5,inspection,categorical,39,12,12,jspace,ok,action,,,
0.5833333333333334,0.5,inspection,categorical,40,12,12,residual,ok,action,,,
0.5833333333333334,0.5,inspection,categorical,40,12,12,jspace,ok,action,,,
0.5833333333333334,0.5,inspection,categorical,41,12,12,residual,ok,action,,,
0.5833333333333334,0.5,inspection,categorical,41,12,12,jspace,ok,action,,,
0.5833333333333334,0.5,inspection,categorical,42,12,12,residual,ok,action,,,
0.5833333333333334,0.5,inspection,categorical,42,12,12,jspace,ok,action,,,
0.5833333333333334,0.5,inspection,categorical,43,12,12,residual,ok,action,,,
0.5833333333333334,0.5,inspection,categorical,43,12,12,jspace,ok,action,,,
0.8333333333333334,0.8,inspection,categorical,44,12,12,residual,ok,action,,,
0.5833333333333334,0.5,inspection,categorical,44,12,12,jspace,ok,action,,,
0.8333333333333334,0.8,inspection,categorical,45,12,12,residual,ok,action,,,
0.5833333333333334,0.5,inspection,categorical,45,12,12,jspace,ok,action,,,
0.75,0.7285714285714285,inspection,categorical,46,12,12,residual,ok,action,,,
0.5833333333333334,0.5,inspection,categorical,46,12,12,jspace,ok,action,,,
0.5833333333333334,0.5,inspection,categorical,47,12,12,residual,ok,action,,,
0.5833333333333334,0.5,inspection,categorical,47,12,12,jspace,ok,action,,,
0.5833333333333334,0.5,inspection,categorical,48,12,12,residual,ok,action,,,
0.5833333333333334,0.5,inspection,categorical,48,12,12,jspace,ok,action,,,
0.6666666666666666,0.6,inspection,categorical,49,12,12,residual,ok,action,,,
0.5833333333333334,0.5,inspection,categorical,49,12,12,jspace,ok,action,,,
0.6666666666666666,0.6,inspection,categorical,50,12,12,residual,ok,action,,,
0.5833333333333334,0.5,inspection,categorical,50,12,12,jspace,ok,action,,,
0.9166666666666666,0.9285714285714286,inspection,categorical,51,12,12,residual,ok,action,,,
0.5833333333333334,0.5,inspection,categorical,51,12,12,jspace,ok,action,,,
0.9166666666666666,0.9285714285714286,inspection,categorical,52,12,12,residual,ok,action,,,
0.5833333333333334,0.5,inspection,categorical,52,12,12,jspace,ok,action,,,
0.9166666666666666,0.9285714285714286,inspection,categorical,53,12,12,residual,ok,action,,,
0.5833333333333334,0.5,inspection,categorical,53,12,12,jspace,ok,action,,,
0.8333333333333334,0.8285714285714285,inspection,categorical,54,12,12,residual,ok,action,,,
0.5833333333333334,0.5,inspection,categorical,54,12,12,jspace,ok,action,,,
0.9166666666666666,0.9285714285714286,inspection,categorical,55,12,12,residual,ok,action,,,
0.5833333333333334,0.5,inspection,categorical,55,12,12,jspace,ok,action,,,
0.9166666666666666,0.9285714285714286,inspection,categorical,56,12,12,residual,ok,action,,,
0.5833333333333334,0.5,inspection,categorical,56,12,12,jspace,ok,action,,,
0.9166666666666666,0.9285714285714286,inspection,categorical,57,12,12,residual,ok,action,,,
0.5833333333333334,0.5,inspection,categorical,57,12,12,jspace,ok,action,,,
0.9166666666666666,0.9285714285714286,inspection,categorical,58,12,12,residual,ok,action,,,
0.5833333333333334,0.5,inspection,categorical,58,12,12,jspace,ok,action,,,
0.8333333333333334,0.8285714285714285,inspection,categorical,59,12,12,residual,ok,action,,,
0.5833333333333334,0.5,inspection,categorical,59,12,12,jspace,ok,action,,,
0.9166666666666666,0.9285714285714286,inspection,categorical,60,12,12,residual,ok,action,,,
0.5833333333333334,0.5,inspection,categorical,60,12,12,jspace,ok,action,,,
0.8333333333333334,0.8,inspection,categorical,61,12,12,residual,ok,action,,,
0.5833333333333334,0.5,inspection,categorical,61,12,12,jspace,ok,action,,,
0.9166666666666666,0.9,inspection,categorical,62,12,12,residual,ok,action,,,
0.5833333333333334,0.5,inspection,categorical,62,12,12,jspace,ok,action,,,
,,inspection,scalar,-1,12,12,output,ok,belief,0.05965372056758723,0.21391814053058622,-0.8168801641292749
,,inspection,scalar,0,12,12,residual,ok,belief,0.8878018698160874,1.2621420641740164,-37.81515327085049
,,inspection,scalar,0,12,12,jspace,ok,belief,-0.29546368456185124,0.17500005002515517,-6.88200779919157e-07
,,inspection,scalar,1,12,12,residual,ok,belief,0.487275563065656,0.8169443974892299,-15.891772645477388
,,inspection,scalar,1,12,12,jspace,ok,belief,0.20787419655542824,0.17489669155472787,0.0006912151413438483
,,inspection,scalar,2,12,12,residual,ok,belief,0.17959670676426184,0.7435982992251714,-13.309687347128872
,,inspection,scalar,2,12,12,jspace,ok,belief,-0.47507554540906166,0.17500071605541279,-1.8025517116715406e-05
,,inspection,scalar,3,12,12,residual,ok,belief,0.35720994643769133,0.8419969896475474,-16.97476521478138
,,inspection,scalar,3,12,12,jspace,ok,belief,0.27207197076647316,0.17499911242247626,0.0007825756311096166
,,inspection,scalar,4,12,12,residual,ok,belief,0.19380308041267655,0.8233755002419154,-16.326783022026987
,,inspection,scalar,4,12,12,jspace,ok,belief,-0.12251416244832705,0.17500059474317628,-1.562230029028555e-05
,,inspection,scalar,5,12,12,residual,ok,belief,0.24599042828602322,0.8249068429072698,-16.354065344238826
,,inspection,scalar,5,12,12,jspace,ok,belief,0.42699963126385343,0.17499961023677335,1.7788156851383796e-05
,,inspection,scalar,6,12,12,residual,ok,belief,0.3716490207462891,0.8048455263177554,-15.500058584432765
,,inspection,scalar,6,12,12,jspace,ok,belief,0.07602969497072944,0.1749997300570568,8.362920721483036e-07
,,inspection,scalar,7,12,12,residual,ok,belief,0.5852496625670671,0.34362022280693055,-2.6598659173205137
,,inspection,scalar,7,12,12,jspace,ok,belief,-0.2058061827163699,0.17500000705593846,-5.299764401334173e-06
,,inspection,scalar,8,12,12,residual,ok,belief,0.7768409099396923,0.1543855016430219,-0.0016049563859257265
,,inspection,scalar,8,12,12,jspace,ok,belief,-0.005992169894682653,0.175000007373293,-1.8103477916753263e-06
,,inspection,scalar,9,12,12,residual,ok,belief,0.7218929094561263,0.29089339772860207,-1.783370871720508
,,inspection,scalar,9,12,12,jspace,ok,belief,-0.11418367942325236,0.17503156696693453,-0.00011940668050436365
,,inspection,scalar,10,12,12,residual,ok,belief,0.77474772269504,0.7589104220271111,-13.59463695772948
,,inspection,scalar,10,12,12,jspace,ok,belief,-0.3840852227320704,0.17500100385132747,-2.9234460877880508e-05
,,inspection,scalar,11,12,12,residual,ok,belief,0.7300135987778541,1.4798230151335396,-52.54902752116889
,,inspection,scalar,11,12,12,jspace,ok,belief,0.24022503772302614,0.17499764510874508,9.209046881175631e-06
,,inspection,scalar,12,12,12,residual,ok,belief,0.8020744716124095,0.42232458988825483,-3.9569066394371637
,,inspection,scalar,12,12,12,jspace,ok,belief,0.23108854574694476,0.17499988060288343,4.855449082796781e-07
,,inspection,scalar,13,12,12,residual,ok,belief,0.5201369263909705,0.665417609612147,-10.513322455578212
,,inspection,scalar,13,12,12,jspace,ok,belief,-0.23098112578169086,0.17500117934869622,-1.3283761335580735e-05
,,inspection,scalar,14,12,12,residual,ok,belief,0.5585825015159986,0.3040043820937474,-2.0087032328795322
,,inspection,scalar,14,12,12,jspace,ok,belief,-0.14994501526224385,0.17498602703739188,-8.424771006554366e-05
,,inspection,scalar,15,12,12,residual,ok,belief,0.5295695845598813,0.33646473586559295,-2.559269297381111
,,inspection,scalar,15,12,12,jspace,ok,belief,-0.542997675651724,0.17500384807074165,-6.926688951258697e-05
,,inspection,scalar,16,12,12,residual,ok,belief,0.557976276608576,0.513947261373202,-6.210695574130571
,,inspection,scalar,16,12,12,jspace,ok,belief,-0.6386787112964809,0.1750049729282759,-4.7338115658490665e-05
,,inspection,scalar,17,12,12,residual,ok,belief,0.3315134832654935,0.9678115129470825,-22.496447287054195
,,inspection,scalar,17,12,12,jspace,ok,belief,0.33318273207156474,0.1749989406786389,4.217310208276537e-06
,,inspection,scalar,18,12,12,residual,ok,belief,0.3310416037061761,0.9615978578726451,-22.201392161602744
,,inspection,scalar,18,12,12,jspace,ok,belief,-0.481481849600664,0.17523857829330816,-0.0038063209531959963
,,inspection,scalar,19,12,12,residual,ok,belief,0.16805935161149463,1.5101373473803203,-54.98807670087514
,,inspection,scalar,19,12,12,jspace,ok,belief,-0.36154958150837563,0.17500005781157088,-5.626544409276235e-06
,,inspection,scalar,20,12,12,residual,ok,belief,0.2677436292916923,0.9571574608484904,-22.029960281035336
,,inspection,scalar,20,12,12,jspace,ok,belief,0.3806186791998516,0.1749994398625421,3.52067908682141e-06
,,inspection,scalar,21,12,12,residual,ok,belief,0.303804556843069,1.1652780552705126,-32.662364957788036
,,inspection,scalar,21,12,12,jspace,ok,belief,0.022932689571523533,0.1750002081227023,1.4820012387284365e-06
,,inspection,scalar,22,12,12,residual,ok,belief,0.29928837953001836,1.045264063278834,-26.264644589329322
,,inspection,scalar,22,12,12,jspace,ok,belief,0.031774421140726025,0.1749998849751527,3.3768030982539443e-07
,,inspection,scalar,23,12,12,residual,ok,belief,0.3742713554276773,0.8364712278048198,-16.74101481689252
,,inspection,scalar,23,12,12,jspace,ok,belief,-0.10186530473466537,0.17499917941034435,-6.273995184491454e-06
,,inspection,scalar,24,12,12,residual,ok,belief,0.4533746359069378,0.4770194123188654,-5.309623880819
,,inspection,scalar,24,12,12,jspace,ok,belief,-0.5593624087448802,0.17500010803460353,-1.1553510586015392e-06
,,inspection,scalar,25,12,12,residual,ok,belief,0.5509601430005884,0.40900084674358367,-3.806496216268915
,,inspection,scalar,25,12,12,jspace,ok,belief,0.12448296830798126,0.17499997455747088,2.2074842165320518e-07
,,inspection,scalar,26,12,12,residual,ok,belief,0.5070929316475142,0.321589461962382,-2.3022858270684226
,,inspection,scalar,26,12,12,jspace,ok,belief,0.043188058840209986,0.17500060376729,0.0004145044248865526
,,inspection,scalar,27,12,12,residual,ok,belief,0.4920905693000728,0.6057794322570165,-8.647812820444688
,,inspection,scalar,27,12,12,jspace,ok,belief,0.20457379041471105,0.17499975267397969,6.79955030946644e-06
,,inspection,scalar,28,12,12,residual,ok,belief,0.4657161973147166,0.6707376519838969,-10.668471199353949
,,inspection,scalar,28,12,12,jspace,ok,belief,-0.266517254471296,0.1750003812486999,-3.7604997977780386e-06
,,inspection,scalar,29,12,12,residual,ok,belief,0.5031685476087904,0.6500681221485137,-10.01398950355521
,,inspection,scalar,29,12,12,jspace,ok,belief,0.040635973262797526,0.17500003199118008,1.8004945412375406e-07
,,inspection,scalar,30,12,12,residual,ok,belief,0.4013798422401608,0.6172066410382588,-9.043738255380482
,,inspection,scalar,30,12,12,jspace,ok,belief,-0.006331185393318596,0.17499928904844397,-1.7697277843176096e-07
,,inspection,scalar,31,12,12,residual,ok,belief,0.36841319211705487,0.7120349685351054,-12.104769862471912
,,inspection,scalar,31,12,12,jspace,ok,belief,0.09284407762782701,0.17500162665716348,8.853914030493293e-06
,,inspection,scalar,32,12,12,residual,ok,belief,0.30209755231927715,0.458254270752271,-4.974302673517099
,,inspection,scalar,32,12,12,jspace,ok,belief,-0.17904273902156753,0.1750006857485044,-6.005722450908024e-06
,,inspection,scalar,33,12,12,residual,ok,belief,0.4663247407473248,0.5482666571935018,-7.064534455517322
,,inspection,scalar,33,12,12,jspace,ok,belief,-0.35208642134909796,0.17500043523780107,-8.636590405730615e-06
,,inspection,scalar,34,12,12,residual,ok,belief,0.569422074012633,0.5787404358386993,-7.861176641741766
,,inspection,scalar,34,12,12,jspace,ok,belief,-0.34126002613935214,0.17500121994502016,-2.358202884678029e-05
,,inspection,scalar,35,12,12,residual,ok,belief,0.7670911129372884,0.43411867121855413,-4.158102691500344
,,inspection,scalar,35,12,12,jspace,ok,belief,-0.5675938023253552,0.1750005302074967,-9.236137106460873e-06
,,inspection,scalar,36,12,12,residual,ok,belief,0.8376767103548592,0.49395724435647326,-5.3912169722449566
,,inspection,scalar,36,12,12,jspace,ok,belief,-0.555466378449212,0.17500582582417704,-6.793684383743503e-05
,,inspection,scalar,37,12,12,residual,ok,belief,0.929493374714354,0.6585080703099568,-9.862376527297409
,,inspection,scalar,37,12,12,jspace,ok,belief,0.5474605981806568,0.17499324519231574,9.659883164558902e-05
,,inspection,scalar,38,12,12,residual,ok,belief,0.867539385508797,0.674113400777181,-10.382358430193586
,,inspection,scalar,38,12,12,jspace,ok,belief,0.337208539302162,0.17498152342902065,0.0002430678562845845
,,inspection,scalar,39,12,12,residual,ok,belief,0.895140560925883,0.5195966293414434,-5.894554640874164
,,inspection,scalar,39,12,12,jspace,ok,belief,0.5963793520054765,0.1749816634227558,0.00020556850276676197
,,inspection,scalar,40,12,12,residual,ok,belief,0.8869452459679594,0.7017793039480845,-11.256331928142192
,,inspection,scalar,40,12,12,jspace,ok,belief,0.7059100548768872,0.17494902551094635,0.0003252129007905724
,,inspection,scalar,41,12,12,residual,ok,belief,0.8760219808107362,0.6820426513751348,-10.567797077483794
,,inspection,scalar,41,12,12,jspace,ok,belief,-0.2579337797960999,0.17816751580864534,-0.033358922232623156
,,inspection,scalar,42,12,12,residual,ok,belief,0.8923890565980037,0.685003129641215,-10.671762559297822
,,inspection,scalar,42,12,12,jspace,ok,belief,0.25919315484732236,0.17497500749741657,0.0001586291348353308
,,inspection,scalar,43,12,12,residual,ok,belief,0.4076384942183223,0.2065948729713758,-0.4209322212221245
,,inspection,scalar,43,12,12,jspace,ok,belief,0.4088822823758907,0.17499607919924967,0.0001808275887225097
,,inspection,scalar,44,12,12,residual,ok,belief,-0.014388962233278334,0.19210936427116396,-0.35972395099884635
,,inspection,scalar,44,12,12,jspace,ok,belief,0.4107766103102225,0.17468093339334986,0.004554950376106648
,,inspection,scalar,45,12,12,residual,ok,belief,-0.041766220951003755,0.179082673539718,-0.1237550671546408
,,inspection,scalar,45,12,12,jspace,ok,belief,-0.6308491019820299,0.1767560289592953,-0.02272281309811519
,,inspection,scalar,46,12,12,residual,ok,belief,-0.5623900942014028,0.21982152064641317,-0.7365154862299712
,,inspection,scalar,46,12,12,jspace,ok,belief,0.5173900211623992,0.17498464412772927,-0.00012659555353122798
,,inspection,scalar,47,12,12,residual,ok,belief,-0.40438573388281923,0.24462713400522865,-1.0814489426219018
,,inspection,scalar,47,12,12,jspace,ok,belief,0.7886438780176024,0.1749162601660388,0.0006629886208814328
,,inspection,scalar,48,12,12,residual,ok,belief,-0.014357966505615676,0.23701308518648145,-1.0495505250633443
,,inspection,scalar,48,12,12,jspace,ok,belief,0.8796560835406555,0.1749648145102064,0.0003798238783784269
,,inspection,scalar,49,12,12,residual,ok,belief,-0.004198394084796396,0.5352573374907176,-6.918135904966451
,,inspection,scalar,49,12,12,jspace,ok,belief,0.31889868385393433,0.1749966230814778,6.881157204341459e-05
,,inspection,scalar,50,12,12,residual,ok,belief,-0.3995046533671358,0.4848803361256917,-5.780134331027117
,,inspection,scalar,50,12,12,jspace,ok,belief,0.3980733021051459,0.17499473562517412,0.0002447206601221552
,,inspection,scalar,51,12,12,residual,ok,belief,-0.8085176982715615,0.6249052067597707,-9.951860521619839
,,inspection,scalar,51,12,12,jspace,ok,belief,0.874939641369751,0.17483626465026195,0.0018221368858158948
,,inspection,scalar,52,12,12,residual,ok,belief,-0.6269258976143194,0.5648404041926066,-7.851947600165632
,,inspection,scalar,52,12,12,jspace,ok,belief,0.3259072796331476,0.17499932745005284,0.00015039067071076495
,,inspection,scalar,53,12,12,residual,ok,belief,-0.7781516978900709,0.3311858038107554,-2.70875491514385
,,inspection,scalar,53,12,12,jspace,ok,belief,0.4266397060300678,0.17497949584222094,0.00036398772951728997
,,inspection,scalar,54,12,12,residual,ok,belief,-0.9021812997733879,0.325714236497879,-2.63042478322548
,,inspection,scalar,54,12,12,jspace,ok,belief,0.9017159114752502,0.17459810220055003,0.00412618624839689
,,inspection,scalar,55,12,12,residual,ok,belief,-0.721125469287521,0.20799158612887067,-0.3805687698086597
,,inspection,scalar,55,12,12,jspace,ok,belief,0.9526209884540915,0.17393669033249334,0.009223902637431003
,,inspection,scalar,56,12,12,residual,ok,belief,-0.16975117561585165,0.24908219377199806,-1.0943331594798429
,,inspection,scalar,56,12,12,jspace,ok,belief,0.9035029293133142,0.1741739329087835,0.00816733421422422
,,inspection,scalar,57,12,12,residual,ok,belief,-0.7350692206086198,0.2639792223771413,-1.3757094284326299
,,inspection,scalar,57,12,12,jspace,ok,belief,0.8977815842002711,0.17322230041405015,0.015424495468976507
,,inspection,scalar,58,12,12,residual,ok,belief,-0.7234831845809494,0.38025862276554107,-3.6259598728099878
,,inspection,scalar,58,12,12,jspace,ok,belief,0.8674303347367929,0.1729153067750904,0.021010489460322468
,,inspection,scalar,59,12,12,residual,ok,belief,0.42884327651274234,0.5419707377751668,-7.0010372114256665
,,inspection,scalar,59,12,12,jspace,ok,belief,-0.8099046228108908,0.17692966511837757,-0.04152976505636463
,,inspection,scalar,60,12,12,residual,ok,belief,0.7231988784677197,0.6910220861434936,-11.3672006733152
,,inspection,scalar,60,12,12,jspace,ok,belief,0.9460382044506084,0.17255956235856548,0.020225385462718903
,,inspection,scalar,61,12,12,residual,ok,belief,0.7579392067033713,0.705356228351593,-11.870535394635235
,,inspection,scalar,61,12,12,jspace,ok,belief,0.6969555280505194,0.15524113428013037,0.15973572389366986
,,inspection,scalar,62,12,12,residual,ok,belief,0.7897461831077185,0.7643186728159587,-13.850461470227822
,,inspection,scalar,62,12,12,jspace,ok,belief,0.8623822547709196,0.1496231695250932,0.20684871900767687
,,inspection,scalar,-1,12,12,output,ok,objective,0.8752559452635413,2.2825108846028646,-0.10073929748797128
,,inspection,scalar,0,12,12,residual,ok,objective,0.676529332464893,8.260407797495525,-9.719900904383731
,,inspection,scalar,0,12,12,jspace,ok,objective,-0.13773234514196828,2.383333850214862,-2.7853936068744645e-07
,,inspection,scalar,1,12,12,residual,ok,objective,0.168808407428932,7.130005709330241,-7.441573319020403
,,inspection,scalar,1,12,12,jspace,ok,objective,0.19532385259057006,2.3824005726478603,0.0004630357133410534
,,inspection,scalar,2,12,12,residual,ok,objective,0.07275304899844202,7.146058829625448,-7.510903114563455
,,inspection,scalar,2,12,12,jspace,ok,objective,-0.34479557550140333,2.3833411849025543,-1.4182365834614075e-05
,,inspection,scalar,3,12,12,residual,ok,objective,0.19124255403681978,18.139327081044517,-48.30556272522775
,,inspection,scalar,3,12,12,jspace,ok,objective,0.041506348559701804,2.383324318144515,5.535399664868823e-05
,,inspection,scalar,4,12,12,residual,ok,objective,-0.03979126996710515,15.031175645192464,-33.33177230322047
,,inspection,scalar,4,12,12,jspace,ok,objective,-0.1747755864092261,2.383341582592992,-1.57351526970384e-05
,,inspection,scalar,5,12,12,residual,ok,objective,0.04381667983065901,16.585360399882,-40.50530346057734
,,inspection,scalar,5,12,12,jspace,ok,objective,0.2043856079150184,2.383329930608833,6.255303225066733e-06
,,inspection,scalar,6,12,12,residual,ok,objective,0.1229535451655126,15.755326938629151,-36.50176651259498
,,inspection,scalar,6,12,12,jspace,ok,objective,-0.04512572628999529,2.3833314499294223,-3.3375774699528904e-07
,,inspection,scalar,7,12,12,residual,ok,objective,0.21262830995362894,11.018398793538411,-17.80552950189512
,,inspection,scalar,7,12,12,jspace,ok,objective,0.008448002504016375,2.383328079249121,-1.4114576041279747e-07
,,inspection,scalar,8,12,12,residual,ok,objective,0.38684492023633404,7.5383467197418215,-8.20505838479615
,,inspection,scalar,8,12,12,jspace,ok,objective,-0.2192587739602488,2.3833311771359904,-2.530514080767432e-05
,,inspection,scalar,9,12,12,residual,ok,objective,0.37952856041626815,9.216661961873372,-12.344109420285402
,,inspection,scalar,9,12,12,jspace,ok,objective,-0.20556700512723744,2.3838742893681633,-0.0002860371464548095
,,inspection,scalar,10,12,12,residual,ok,objective,0.39194644312784627,17.084799321492515,-42.748578803343214
,,inspection,scalar,10,12,12,jspace,ok,objective,-0.3237470586234508,2.3833458509481282,-1.806141861271371e-05
,,inspection,scalar,11,12,12,residual,ok,objective,0.45486547924887344,25.109279028574623,-92.47224815120127
,,inspection,scalar,11,12,12,jspace,ok,objective,0.4114383619840887,2.3832990406905474,1.9055270220169618e-05
,,inspection,scalar,12,12,12,residual,ok,objective,0.6944608426242261,15.395065180460612,-34.53812368548411
,,inspection,scalar,12,12,12,jspace,ok,objective,0.5020477225331892,2.3833321771844784,8.285438606314699e-07
,,inspection,scalar,13,12,12,residual,ok,objective,0.5388456499457845,6.538623046875,-6.082788197449611
,,inspection,scalar,13,12,12,jspace,ok,objective,-0.402638969023082,2.3833752052154296,-7.645418963386774e-05
,,inspection,scalar,14,12,12,residual,ok,objective,0.5847936766413259,9.407592566808065,-12.78477062652251
,,inspection,scalar,14,12,12,jspace,ok,objective,0.06950505224264765,2.383075377101688,4.677844095479777e-05
,,inspection,scalar,15,12,12,residual,ok,objective,0.5896635457879269,10.241459560394288,-15.19678491664154
,,inspection,scalar,15,12,12,jspace,ok,objective,-0.3061268942197483,2.3833801833867114,-4.2569026061256565e-05
,,inspection,scalar,16,12,12,residual,ok,objective,0.6550569105040962,7.863399457931519,-8.865474720875154
,,inspection,scalar,16,12,12,jspace,ok,objective,-0.6138934678454189,2.3833802782990188,-3.4269719938473386e-05
,,inspection,scalar,17,12,12,residual,ok,objective,0.3915349002267798,2.0822295427322386,0.10130394410012034
,,inspection,scalar,17,12,12,jspace,ok,objective,0.3355001127611624,2.3833155351053072,6.319897411510844e-06
,,inspection,scalar,18,12,12,residual,ok,objective,0.3003462868508444,2.2254685084025065,-0.2639874752854794
,,inspection,scalar,18,12,12,jspace,ok,objective,-0.2908715324893539,2.3857823689514066,-0.001847722950970354
,,inspection,scalar,19,12,12,residual,ok,objective,0.35335650184823664,8.931283203760783,-11.619269843587729
,,inspection,scalar,19,12,12,jspace,ok,objective,-0.14020839705322283,2.383333296701702,-3.2901879962743408e-06
,,inspection,scalar,20,12,12,residual,ok,objective,0.43677972824568295,3.6823883970578506,-1.6074845286196524
,,inspection,scalar,20,12,12,jspace,ok,objective,0.41858602591437594,2.383327737775821,3.207840778340909e-06
,,inspection,scalar,21,12,12,residual,ok,objective,0.37762119465489963,5.17030537923177,-3.7913894118398153
,,inspection,scalar,21,12,12,jspace,ok,objective,-0.191679025645863,2.383331427668564,-9.081498717256054e-06
,,inspection,scalar,22,12,12,residual,ok,objective,0.3170307267203027,4.485057206948597,-2.7403292563892374
,,inspection,scalar,22,12,12,jspace,ok,objective,0.044371937844660675,2.38333377490167,6.421782592358483e-07
,,inspection,scalar,23,12,12,residual,ok,objective,0.4851645280196281,3.017464625835418,-0.8010334626412836
,,inspection,scalar,23,12,12,jspace,ok,objective,0.013176008035952898,2.3833273045996397,1.2542384508762439e-07
,,inspection,scalar,24,12,12,residual,ok,objective,0.6052841459649339,2.035548416773478,0.19380219247296793
,,inspection,scalar,24,12,12,jspace,ok,objective,-0.6578779546576924,2.3833343330095507,-9.869517798577476e-07
,,inspection,scalar,25,12,12,residual,ok,objective,0.7060944895756112,1.9873559395472211,-0.09844455028708388
,,inspection,scalar,25,12,12,jspace,ok,objective,0.45075522139399193,2.3833321384825785,9.561500152743818e-07
,,inspection,scalar,26,12,12,residual,ok,objective,0.7731371768652293,2.0163400093714396,-0.1724840057049284
,,inspection,scalar,26,12,12,jspace,ok,objective,0.14564758276429154,2.3833318890995137,0.00030650117573527424
,,inspection,scalar,27,12,12,residual,ok,objective,0.7552080458164374,2.0877630591392515,0.15949265683837455
,,inspection,scalar,27,12,12,jspace,ok,objective,0.11413921610004761,2.383346140596628,1.218182308926341e-05
,,inspection,scalar,28,12,12,residual,ok,objective,0.7765277554724704,3.0177096645037325,-0.7842939560670592
,,inspection,scalar,28,12,12,jspace,ok,objective,-0.1642573878225532,2.3833397648934906,-3.2467462882657117e-06
,,inspection,scalar,29,12,12,residual,ok,objective,0.7958066594088592,2.386924401919047,-0.18811029724203832
,,inspection,scalar,29,12,12,jspace,ok,objective,0.047828941647028916,2.3833339595217633,2.6465777025475035e-07
,,inspection,scalar,30,12,12,residual,ok,objective,0.7111969003836883,3.3256043910980218,-1.118862396581782
,,inspection,scalar,30,12,12,jspace,ok,objective,0.08458138504577488,2.383325561117844,2.3123407286718134e-06
,,inspection,scalar,31,12,12,residual,ok,objective,0.8511864726606064,3.3457220713297517,-1.1817447326720276
,,inspection,scalar,31,12,12,jspace,ok,objective,-0.12046705032087052,2.383353774669207,-1.1831733649492193e-05
,,inspection,scalar,32,12,12,residual,ok,objective,0.8637655886638429,2.1974931518236795,-0.0072155075714188666
,,inspection,scalar,32,12,12,jspace,ok,objective,-0.2641859951236261,2.3833426863573424,-1.0878953747850417e-05
,,inspection,scalar,33,12,12,residual,ok,objective,0.889557287346827,3.2338078141212456,-1.0043868886031344
,,inspection,scalar,33,12,12,jspace,ok,objective,0.2916516737823725,2.383328973087405,1.117151799068239e-05
,,inspection,scalar,34,12,12,residual,ok,objective,0.8763485257097902,3.139311961332956,-0.926478661661611
,,inspection,scalar,34,12,12,jspace,ok,objective,-0.2612566363166111,2.3833507189534986,-2.2093707146675357e-05
,,inspection,scalar,35,12,12,residual,ok,objective,0.8366106870840591,2.8293254892031343,-0.5736310268429008
,,inspection,scalar,35,12,12,jspace,ok,objective,-0.5601684099431599,2.383340474832524,-9.88748036512277e-06
,,inspection,scalar,36,12,12,residual,ok,objective,0.8556020851591175,2.4850900053977965,-0.26523470821858397
,,inspection,scalar,36,12,12,jspace,ok,objective,-0.34199332877501504,2.3834108712653634,-4.5175059753432834e-05
,,inspection,scalar,37,12,12,residual,ok,objective,0.858294712159593,3.0227842847506197,-0.7496645793367587
,,inspection,scalar,37,12,12,jspace,ok,objective,0.32355447862388126,2.383265127096354,5.3668395765371635e-05
,,inspection,scalar,38,12,12,residual,ok,objective,0.8399126806017667,2.8690769195556634,-0.5933184116147208
,,inspection,scalar,38,12,12,jspace,ok,objective,0.12807995547355447,2.3830034623483796,0.00011415975272988099
,,inspection,scalar,39,12,12,residual,ok,objective,0.8439371822668262,1.9474219957987466,0.271510462273182
,,inspection,scalar,39,12,12,jspace,ok,objective,0.6756327301864232,2.383028836587907,0.0002930065766499901
,,inspection,scalar,40,12,12,residual,ok,objective,0.8183168532608588,1.9281485438346861,0.2805418591509964
,,inspection,scalar,40,12,12,jspace,ok,objective,0.584366292435576,2.38254662069712,-0.0007832633533337852
,,inspection,scalar,41,12,12,residual,ok,objective,0.8232094909034925,2.1628556728363035,0.030811658451879054
,,inspection,scalar,41,12,12,jspace,ok,objective,-0.2166237079604978,2.4325094875969726,-0.03692248211533289
,,inspection,scalar,42,12,12,residual,ok,objective,0.8435359020094547,2.129344054063161,0.05489654669943789
,,inspection,scalar,42,12,12,jspace,ok,objective,0.2845222413528025,2.382971599458246,0.00021335312246162363
,,inspection,scalar,43,12,12,residual,ok,objective,0.7999332924192643,2.1011119961738585,0.17048615427364977
,,inspection,scalar,43,12,12,jspace,ok,objective,0.30845838906235107,2.383339701426607,0.00016402012248595277
,,inspection,scalar,44,12,12,residual,ok,objective,0.8083554075639764,1.9622087955474852,0.31185955287441447
,,inspection,scalar,44,12,12,jspace,ok,objective,0.32727219533074614,2.3792700342508772,0.0029253708157958025
,,inspection,scalar,45,12,12,residual,ok,objective,0.8659549275906421,2.0597578366597493,0.21933436295444853
,,inspection,scalar,45,12,12,jspace,ok,objective,-0.5000364707155325,2.3999267754353935,-0.01317253355926895
,,inspection,scalar,46,12,12,residual,ok,objective,0.8216116353171306,2.084614582856496,0.20935175286270058
,,inspection,scalar,46,12,12,jspace,ok,objective,0.49011843426394247,2.383088770907714,-0.000531510113805922
,,inspection,scalar,47,12,12,residual,ok,objective,0.8451546295294093,1.9563111146291094,0.28201545060058375
,,inspection,scalar,47,12,12,jspace,ok,objective,0.8659979042540769,2.381968474491777,0.0001994622825857162
,,inspection,scalar,48,12,12,residual,ok,objective,0.8529599374851318,2.0824906905492147,0.21292314270549761
,,inspection,scalar,48,12,12,jspace,ok,objective,0.7059995498510432,2.381144076079678,0.0015799359967599846
,,inspection,scalar,49,12,12,residual,ok,objective,0.0783976350054056,2.486696716149648,-0.15611579286089805
,,inspection,scalar,49,12,12,jspace,ok,objective,0.2470010434781038,2.3833173483637866,6.270744928604799e-05
,,inspection,scalar,50,12,12,residual,ok,objective,0.21367112588779597,2.365832475821177,-0.06960369719219672
,,inspection,scalar,50,12,12,jspace,ok,objective,0.14355220065164725,2.3834078696543743,8.969851007545326e-05
,,inspection,scalar,51,12,12,residual,ok,objective,0.6311938022843754,2.7050917665163667,-0.6058128552768505
,,inspection,scalar,51,12,12,jspace,ok,objective,0.7808036661347113,2.3812362009991337,0.0015487525619849452
,,inspection,scalar,52,12,12,residual,ok,objective,0.608539209376798,2.4568604389826456,-0.22274038607734514
,,inspection,scalar,52,12,12,jspace,ok,objective,0.2993004593246835,2.3832842534738297,0.0002427655750353308
,,inspection,scalar,53,12,12,residual,ok,objective,0.34901947844688447,2.3868555784225465,-0.129883920378139
,,inspection,scalar,53,12,12,jspace,ok,objective,0.47112194812011776,2.3829865623481825,0.0005165354139130551
,,inspection,scalar,54,12,12,residual,ok,objective,0.6961874799470713,2.8630864938100173,-0.7719528340869652
,,inspection,scalar,54,12,12,jspace,ok,objective,0.9290167825571682,2.3770877335672154,0.005180057099800739
,,inspection,scalar,55,12,12,residual,ok,objective,-0.20824684371969085,2.5863845507303873,-0.3243282367540028
,,inspection,scalar,55,12,12,jspace,ok,objective,0.9397344802252058,2.3668413809535758,0.01044786246514895
,,inspection,scalar,56,12,12,residual,ok,objective,0.5119411390262902,2.812891972064971,-0.737558640512386
,,inspection,scalar,56,12,12,jspace,ok,objective,0.9131220431473582,2.369535192696528,0.010594908299871642
,,inspection,scalar,57,12,12,residual,ok,objective,0.7559379771641233,3.357541652520497,-1.294269598983453
,,inspection,scalar,57,12,12,jspace,ok,objective,0.9410069264005506,2.3500965015069704,0.02332566528746549
,,inspection,scalar,58,12,12,residual,ok,objective,0.08032919596685327,4.0794916669527685,-2.226411236048356
,,inspection,scalar,58,12,12,jspace,ok,objective,0.8684305493193083,2.3509315145887903,0.025485445442799293
,,inspection,scalar,59,12,12,residual,ok,objective,0.16310693863556727,3.2669684211413057,-1.235488886855915
,,inspection,scalar,59,12,12,jspace,ok,objective,-0.6811791231576371,2.4133961724753594,-0.0540493888647855
,,inspection,scalar,60,12,12,residual,ok,objective,0.9016595086991882,4.320716750621795,-2.496797282686698
,,inspection,scalar,60,12,12,jspace,ok,objective,0.8827889504185031,2.3525158235963914,0.018550644952211037
,,inspection,scalar,61,12,12,residual,ok,objective,0.9152586374983777,4.720701487859089,-3.1361241824452186
,,inspection,scalar,61,12,12,jspace,ok,objective,0.7563922859786955,1.9976104233146168,0.21378783677335655
,,inspection,scalar,62,12,12,residual,ok,objective,0.7109084263171399,5.041003910700479,-3.642918242066491
,,inspection,scalar,62,12,12,jspace,ok,objective,0.9235752333856648,1.9736163934653617,0.2656284141569487
,,inspection,scalar,-1,12,12,output,ok,value_margin,0.7139261419636319,1.421662755807241,-0.2924441063839869
,,inspection,scalar,0,12,12,residual,ok,value_margin,0.7264728781369507,13.616426213582358,-86.32137941440152
,,inspection,scalar,0,12,12,jspace,ok,value_margin,-0.28572684825870004,1.3166682731698247,-1.743317165736613e-06
,,inspection,scalar,1,12,12,residual,ok,value_margin,0.1450719230750139,6.445204639434816,-19.397586640123052
,,inspection,scalar,1,12,12,jspace,ok,value_margin,0.358165846293652,1.3165090904726824,0.0004840689939900056
,,inspection,scalar,2,12,12,residual,ok,value_margin,0.5219125100847604,3.5201519966125487,-5.610354037310895
,,inspection,scalar,2,12,12,jspace,ok,value_margin,0.016128359722511008,1.3166646742646602,-1.3367982172329818e-06
,,inspection,scalar,3,12,12,residual,ok,value_margin,0.4872527500608266,11.353437248865765,-60.03046951859653
,,inspection,scalar,3,12,12,jspace,ok,value_margin,-0.08992329713642506,1.3166513011744376,-7.68211915267436e-05
,,inspection,scalar,4,12,12,residual,ok,value_margin,0.5151179249070196,11.722441418965658,-63.98843829927496
,,inspection,scalar,4,12,12,jspace,ok,value_margin,-0.1890954257770958,1.3166683825383674,-2.8791047942400283e-05
,,inspection,scalar,5,12,12,residual,ok,value_margin,0.5761115248520174,12.180443032582602,-69.08294054944896
,,inspection,scalar,5,12,12,jspace,ok,value_margin,0.4266785099103064,1.3166566130642348,1.8582791985188862e-05
,,inspection,scalar,6,12,12,residual,ok,value_margin,0.6882730208463959,11.968435589472454,-66.64601833530723
,,inspection,scalar,6,12,12,jspace,ok,value_margin,-0.7064635257845819,1.316670365302912,-7.344407569220834e-06
,,inspection,scalar,7,12,12,residual,ok,value_margin,0.8487705298599677,10.46617291768392,-50.81474968945504
,,inspection,scalar,7,12,12,jspace,ok,value_margin,-0.2620986253372902,1.3166714612438064,-7.206906440515581e-06
,,inspection,scalar,8,12,12,residual,ok,value_margin,0.8283660118335587,9.216286563873291,-39.30647073804596
,,inspection,scalar,8,12,12,jspace,ok,value_margin,-0.06086205194508127,1.3167442957133781,-5.1388401307361775e-05
,,inspection,scalar,9,12,12,residual,ok,value_margin,0.797055276694584,12.476528946558636,-72.33513474062956
,,inspection,scalar,9,12,12,jspace,ok,value_margin,-0.1679277858989795,1.3168834407653298,-0.00016657282679988228
,,inspection,scalar,10,12,12,residual,ok,value_margin,0.8314064502853735,12.805327637990317,-76.21637115724242
,,inspection,scalar,10,12,12,jspace,ok,value_margin,0.20446410218506136,1.316654612960355,2.5928555883791837e-05
,,inspection,scalar,11,12,12,residual,ok,value_margin,0.8351549606649411,16.424317900339762,-125.6555954270706
,,inspection,scalar,11,12,12,jspace,ok,value_margin,-0.6209739315802398,1.316675477514301,-1.3244358227471054e-05
,,inspection,scalar,12,12,12,residual,ok,value_margin,0.8468578304222153,10.398177766799927,-50.01470396878969
,,inspection,scalar,12,12,12,jspace,ok,value_margin,0.3281959480060476,1.3166658645306442,1.2552224259998468e-06
,,inspection,scalar,13,12,12,residual,ok,value_margin,0.8598010415175368,7.045310799280803,-22.732011300332196
,,inspection,scalar,13,12,12,jspace,ok,value_margin,0.31449208048583616,1.3166312095604276,4.755569883119204e-05
,,inspection,scalar,14,12,12,residual,ok,value_margin,0.8563723609198186,7.068265660603842,-22.886227697436603
,,inspection,scalar,14,12,12,jspace,ok,value_margin,0.7267565416697912,1.3165972794713117,0.00010698404946218876
,,inspection,scalar,15,12,12,residual,ok,value_margin,0.7837422306849061,6.426906569798788,-18.895084459847666
,,inspection,scalar,15,12,12,jspace,ok,value_margin,0.8402768262805509,1.3165476508953808,0.00020993787810108522
,,inspection,scalar,16,12,12,residual,ok,value_margin,0.8423213815611252,4.73045268058777,-10.017146520977205
,,inspection,scalar,16,12,12,jspace,ok,value_margin,0.7424225746395768,1.31656427234126,0.0001317827522044901
,,inspection,scalar,17,12,12,residual,ok,value_margin,0.8831740759737753,1.231319828828176,-0.06409458246761202
,,inspection,scalar,17,12,12,jspace,ok,value_margin,0.14216223343545256,1.3166541615341598,7.533321918051783e-06
,,inspection,scalar,18,12,12,residual,ok,value_margin,0.9131218923017655,1.0957484781742097,0.13307432552934229
,,inspection,scalar,18,12,12,jspace,ok,value_margin,0.18000909249469962,1.3157740076709696,0.0007233560445122356
,,inspection,scalar,19,12,12,residual,ok,value_margin,0.7768496235794942,3.746596213181814,-6.123902134051019
,,inspection,scalar,19,12,12,jspace,ok,value_margin,0.42167310230316124,1.3166628975016594,2.2835776126717278e-06
,,inspection,scalar,20,12,12,residual,ok,value_margin,0.8233769383465885,1.234076871474584,-0.13663747102933366
,,inspection,scalar,20,12,12,jspace,ok,value_margin,0.49951227610393234,1.3166638330373686,5.098303753947597e-06
,,inspection,scalar,21,12,12,residual,ok,value_margin,0.8903572471326985,0.9117779533068339,0.3927103643962261
,,inspection,scalar,21,12,12,jspace,ok,value_margin,-0.0048424095867103745,1.316667637156572,-4.456172935096703e-07
,,inspection,scalar,22,12,12,residual,ok,value_margin,0.9029554383226899,0.969209345181783,0.3718246534374908
,,inspection,scalar,22,12,12,jspace,ok,value_margin,-0.20082400237728648,1.3166704293082405,-2.950548562363764e-06
,,inspection,scalar,23,12,12,residual,ok,value_margin,0.8995596696626469,2.580099685986837,-2.567409828550638
,,inspection,scalar,23,12,12,jspace,ok,value_margin,0.223604026245863,1.31665533257961,1.1001460956339137e-05
,,inspection,scalar,24,12,12,residual,ok,value_margin,0.9051745267539193,2.601363245646159,-2.6411416852187704
,,inspection,scalar,24,12,12,jspace,ok,value_margin,-0.1452427420412607,1.316667261550058,-1.1842027696218338e-06
,,inspection,scalar,25,12,12,residual,ok,value_margin,0.8881301348072148,2.8295079708099364,-3.247693267417449
,,inspection,scalar,25,12,12,jspace,ok,value_margin,0.4564014157162075,1.3166654815860053,1.5399803083848695e-06
,,inspection,scalar,26,12,12,residual,ok,value_margin,0.8654918313362989,3.529440903663635,-5.353059833687878
,,inspection,scalar,26,12,12,jspace,ok,value_margin,0.10460382332424686,1.3166684368665111,0.002425191452881892
,,inspection,scalar,27,12,12,residual,ok,value_margin,0.7314396236249097,1.1649269382158915,0.09322316278172893
,,inspection,scalar,27,12,12,jspace,ok,value_margin,-0.29675594708311315,1.3166809204988121,-3.8859702712334965e-05
,,inspection,scalar,28,12,12,residual,ok,value_margin,0.7393142991040038,1.0780134320259094,0.2533819515301916
,,inspection,scalar,28,12,12,jspace,ok,value_margin,0.02871502135553024,1.3166618110223085,5.032339498445282e-07
,,inspection,scalar,29,12,12,residual,ok,value_margin,0.6857102903934782,1.0887325922648112,0.20428127254812578
,,inspection,scalar,29,12,12,jspace,ok,value_margin,0.20820630708735935,1.3166667905130527,7.133185988550395e-07
,,inspection,scalar,30,12,12,residual,ok,value_margin,0.694904845450344,1.3811056733131408,-0.39561957671427317
,,inspection,scalar,30,12,12,jspace,ok,value_margin,0.4808591783637983,1.3166604950297485,7.0320058519479645e-06
,,inspection,scalar,31,12,12,residual,ok,value_margin,0.8133285617704281,2.217352334658305,-1.998651407399338
,,inspection,scalar,31,12,12,jspace,ok,value_margin,0.26919664229380297,1.3166482903989385,1.7513781822464658e-05
,,inspection,scalar,32,12,12,residual,ok,value_margin,0.16755015462700942,3.542194867134094,-5.835867917601989
,,inspection,scalar,32,12,12,jspace,ok,value_margin,-0.13340653956657952,1.316677472636265,-6.0894766291674784e-06
,,inspection,scalar,33,12,12,residual,ok,value_margin,0.6751705988062732,3.2385771115620927,-4.736825637206227
,,inspection,scalar,33,12,12,jspace,ok,value_margin,-0.10375164741024699,1.3166690211090157,-4.164771942427592e-06
,,inspection,scalar,34,12,12,residual,ok,value_margin,0.91759593446966,2.4614670515060424,-2.5756549795849017
,,inspection,scalar,34,12,12,jspace,ok,value_margin,-0.015044982864742505,1.3166638079496504,-5.551408119863765e-07
,,inspection,scalar,35,12,12,residual,ok,value_margin,0.874561514147502,1.0982045531272888,0.31881912952130365
,,inspection,scalar,35,12,12,jspace,ok,value_margin,-0.20431218358957598,1.3166696635698056,-7.334252079438386e-06
,,inspection,scalar,36,12,12,residual,ok,value_margin,0.8542751347103209,1.073637588818868,0.25563788507670215
,,inspection,scalar,36,12,12,jspace,ok,value_margin,-0.5716601276315121,1.316766749620031,-0.0001378229047888091
,,inspection,scalar,37,12,12,residual,ok,value_margin,0.8156635123583242,1.0425575017929078,0.3648616997955696
,,inspection,scalar,37,12,12,jspace,ok,value_margin,0.5393619544431553,1.3166143859835708,8.546101548179141e-05
,,inspection,scalar,38,12,12,residual,ok,value_margin,0.8077963046233284,1.0345777114232382,0.31086170259105195
,,inspection,scalar,38,12,12,jspace,ok,value_margin,0.061080999399575724,1.3166875022547357,1.6438663243412144e-05
,,inspection,scalar,39,12,12,residual,ok,value_margin,0.7699303784660423,0.9413050850232443,0.4327411814883786
,,inspection,scalar,39,12,12,jspace,ok,value_margin,0.18149809301218348,1.3166264008634838,7.645454467841706e-05
,,inspection,scalar,40,12,12,residual,ok,value_margin,0.7336910464904615,1.148917023340861,0.06505112318518058
,,inspection,scalar,40,12,12,jspace,ok,value_margin,0.34075679609249837,1.3164826975350967,-0.0005706934930074237
,,inspection,scalar,41,12,12,residual,ok,value_margin,0.7165201802779514,1.3232118626435598,-0.152281228723953
,,inspection,scalar,41,12,12,jspace,ok,value_margin,0.017254379224062723,1.3056600121247446,-0.0025164625508034
,,inspection,scalar,42,12,12,residual,ok,value_margin,0.7068327255801081,1.5896540621916453,-0.5543784624054255
,,inspection,scalar,42,12,12,jspace,ok,value_margin,0.5468395384893345,1.3164353826321096,0.00030398442992563
,,inspection,scalar,43,12,12,residual,ok,value_margin,0.6407624237988616,1.8009349942207338,-1.0170146204264885
,,inspection,scalar,43,12,12,jspace,ok,value_margin,-0.32653143638120435,1.316743968390216,-7.7710046521684e-05
,,inspection,scalar,44,12,12,residual,ok,value_margin,0.6432824450001784,1.8960926771163942,-1.2247236425692618
,,inspection,scalar,44,12,12,jspace,ok,value_margin,0.3607462942477392,1.3126331008772485,0.005545986355261268
,,inspection,scalar,45,12,12,residual,ok,value_margin,0.6630908257340313,2.0162785987059277,-1.5045949505534568
,,inspection,scalar,45,12,12,jspace,ok,value_margin,0.37899732144339016,1.3019266201985509,0.020959836018503708
,,inspection,scalar,46,12,12,residual,ok,value_margin,0.645169161213398,2.7939634184042617,-3.304960565001349
,,inspection,scalar,46,12,12,jspace,ok,value_margin,0.5208319654686878,1.3165059362652933,0.0002594215100079067
,,inspection,scalar,47,12,12,residual,ok,value_margin,0.7099752611504013,2.5698126316070558,-2.739112936081213
,,inspection,scalar,47,12,12,jspace,ok,value_margin,0.6257988063655588,1.3284559535180802,-0.0109069670234343
,,inspection,scalar,48,12,12,residual,ok,value_margin,0.5769526349270871,2.502215520540873,-2.6946984969735452
,,inspection,scalar,48,12,12,jspace,ok,value_margin,0.5217864947453978,1.3160868331681324,0.0009902758395995415
,,inspection,scalar,49,12,12,residual,ok,value_margin,0.3195765917870189,3.3830168406168624,-5.258945127167061
,,inspection,scalar,49,12,12,jspace,ok,value_margin,0.11998574527393767,1.3166658938760507,2.3506561850905605e-05
,,inspection,scalar,50,12,12,residual,ok,value_margin,0.09924815193423157,3.2159911751747132,-4.826671410521409
,,inspection,scalar,50,12,12,jspace,ok,value_margin,-0.05589814515193673,1.3167276998781727,-3.67696630427794e-05
,,inspection,scalar,51,12,12,residual,ok,value_margin,-0.5421799115983591,3.392687793572744,-5.591688786951995
,,inspection,scalar,51,12,12,jspace,ok,value_margin,0.5093681173904562,1.3162959173418407,0.000501232676152541
,,inspection,scalar,52,12,12,residual,ok,value_margin,-0.4104063586851024,3.355322277545929,-5.41547116982777
,,inspection,scalar,52,12,12,jspace,ok,value_margin,-0.1482554007687694,1.3166456101419681,-0.0001010951545519223
,,inspection,scalar,53,12,12,residual,ok,value_margin,-0.39696699246399436,3.454339599609375,-5.680381479344084
,,inspection,scalar,53,12,12,jspace,ok,value_margin,-0.42718478528192333,1.3169612146735885,-0.00047051472435355457
,,inspection,scalar,54,12,12,residual,ok,value_margin,-0.19625906859533807,4.090868588288625,-7.87104193642355
,,inspection,scalar,54,12,12,jspace,ok,value_margin,0.48570149949056324,1.3157402184448994,0.0015029838869703438
,,inspection,scalar,55,12,12,residual,ok,value_margin,-0.5380327707576719,3.298076446851095,-5.243559533513337
,,inspection,scalar,55,12,12,jspace,ok,value_margin,0.5857490033284181,1.3125494276771486,0.0047886802770316095
,,inspection,scalar,56,12,12,residual,ok,value_margin,-0.23262017950548902,3.7099863449732466,-6.481291034727524
,,inspection,scalar,56,12,12,jspace,ok,value_margin,0.713498084051469,1.3119853348733346,0.005741989726429808
,,inspection,scalar,57,12,12,residual,ok,value_margin,-0.45231953695917737,3.8675732771555587,-7.120703415555944
,,inspection,scalar,57,12,12,jspace,ok,value_margin,0.683367226953017,1.3038572494607334,0.01887185834333127
,,inspection,scalar,58,12,12,residual,ok,value_margin,-0.5783523934450133,4.030900911490122,-7.789673803073464
,,inspection,scalar,58,12,12,jspace,ok,value_margin,0.7026949427967513,1.3072222781365996,0.015101778349967065
,,inspection,scalar,59,12,12,residual,ok,value_margin,0.057653194592630866,3.826334830125173,-6.839460393650568
,,inspection,scalar,59,12,12,jspace,ok,value_margin,-0.564724071275852,1.3239020042008645,-0.021507289239449667
,,inspection,scalar,60,12,12,residual,ok,value_margin,0.6375847635089836,3.2999017198880516,-4.939714525147953
,,inspection,scalar,60,12,12,jspace,ok,value_margin,0.6623245949093879,1.310476549541111,0.008438946782374668
,,inspection,scalar,61,12,12,residual,ok,value_margin,0.6666975962507373,3.025432125727336,-4.123793842973424
,,inspection,scalar,61,12,12,jspace,ok,value_margin,0.8874382429778968,1.1891811826699543,0.17761222953707312
,,inspection,scalar,62,12,12,residual,ok,value_margin,0.615483379978408,2.819548026720683,-3.585403303110321
,,inspection,scalar,62,12,12,jspace,ok,value_margin,0.7434862901156087,1.2202858560656389,0.13681245670542586
0.3333333333333333,0.3333333333333333,kuhn,categorical,-1,12,12,output,ok,private_state,,,
0.3333333333333333,0.3333333333333333,kuhn,categorical,0,12,12,residual,ok,private_state,,,
0.5,0.5,kuhn,categorical,0,12,12,jspace,ok,private_state,,,
0.3333333333333333,0.3333333333333333,kuhn,categorical,1,12,12,residual,ok,private_state,,,
0.3333333333333333,0.3333333333333333,kuhn,categorical,1,12,12,jspace,ok,private_state,,,
0.3333333333333333,0.3333333333333333,kuhn,categorical,2,12,12,residual,ok,private_state,,,
0.3333333333333333,0.3333333333333333,kuhn,categorical,2,12,12,jspace,ok,private_state,,,
0.3333333333333333,0.3333333333333333,kuhn,categorical,3,12,12,residual,ok,private_state,,,
0.3333333333333333,0.3333333333333333,kuhn,categorical,3,12,12,jspace,ok,private_state,,,
0.3333333333333333,0.3333333333333333,kuhn,categorical,4,12,12,residual,ok,private_state,,,
0.25,0.25,kuhn,categorical,4,12,12,jspace,ok,private_state,,,
0.3333333333333333,0.3333333333333333,kuhn,categorical,5,12,12,residual,ok,private_state,,,
0.3333333333333333,0.3333333333333333,kuhn,categorical,5,12,12,jspace,ok,private_state,,,
0.3333333333333333,0.3333333333333333,kuhn,categorical,6,12,12,residual,ok,private_state,,,
0.3333333333333333,0.3333333333333333,kuhn,categorical,6,12,12,jspace,ok,private_state,,,
0.3333333333333333,0.3333333333333333,kuhn,categorical,7,12,12,residual,ok,private_state,,,
0.3333333333333333,0.3333333333333333,kuhn,categorical,7,12,12,jspace,ok,private_state,,,
0.3333333333333333,0.3333333333333333,kuhn,categorical,8,12,12,residual,ok,private_state,,,
0.3333333333333333,0.3333333333333333,kuhn,categorical,8,12,12,jspace,ok,private_state,,,
0.3333333333333333,0.3333333333333333,kuhn,categorical,9,12,12,residual,ok,private_state,,,
0.3333333333333333,0.3333333333333333,kuhn,categorical,9,12,12,jspace,ok,private_state,,,
0.3333333333333333,0.3333333333333333,kuhn,categorical,10,12,12,residual,ok,private_state,,,
0.3333333333333333,0.3333333333333333,kuhn,categorical,10,12,12,jspace,ok,private_state,,,
0.3333333333333333,0.3333333333333333,kuhn,categorical,11,12,12,residual,ok,private_state,,,
0.4166666666666667,0.4166666666666667,kuhn,categorical,11,12,12,jspace,ok,private_state,,,
0.3333333333333333,0.3333333333333333,kuhn,categorical,12,12,12,residual,ok,private_state,,,
0.3333333333333333,0.3333333333333333,kuhn,categorical,12,12,12,jspace,ok,private_state,,,
0.3333333333333333,0.3333333333333333,kuhn,categorical,13,12,12,residual,ok,private_state,,,
0.3333333333333333,0.3333333333333333,kuhn,categorical,13,12,12,jspace,ok,private_state,,,
0.6666666666666666,0.6666666666666666,kuhn,categorical,14,12,12,residual,ok,private_state,,,
0.3333333333333333,0.3333333333333333,kuhn,categorical,14,12,12,jspace,ok,private_state,,,
0.3333333333333333,0.3333333333333333,kuhn,categorical,15,12,12,residual,ok,private_state,,,
0.4166666666666667,0.4166666666666667,kuhn,categorical,15,12,12,jspace,ok,private_state,,,
0.3333333333333333,0.3333333333333333,kuhn,categorical,16,12,12,residual,ok,private_state,,,
0.3333333333333333,0.3333333333333333,kuhn,categorical,16,12,12,jspace,ok,private_state,,,
0.3333333333333333,0.3333333333333333,kuhn,categorical,17,12,12,residual,ok,private_state,,,
0.3333333333333333,0.3333333333333333,kuhn,categorical,17,12,12,jspace,ok,private_state,,,
0.3333333333333333,0.3333333333333333,kuhn,categorical,18,12,12,residual,ok,private_state,,,
0.3333333333333333,0.3333333333333333,kuhn,categorical,18,12,12,jspace,ok,private_state,,,
0.5833333333333334,0.5833333333333334,kuhn,categorical,19,12,12,residual,ok,private_state,,,
0.3333333333333333,0.3333333333333333,kuhn,categorical,19,12,12,jspace,ok,private_state,,,
0.3333333333333333,0.3333333333333333,kuhn,categorical,20,12,12,residual,ok,private_state,,,
0.25,0.25,kuhn,categorical,20,12,12,jspace,ok,private_state,,,
0.5,0.5,kuhn,categorical,21,12,12,residual,ok,private_state,,,
0.4166666666666667,0.4166666666666667,kuhn,categorical,21,12,12,jspace,ok,private_state,,,
0.3333333333333333,0.3333333333333333,kuhn,categorical,22,12,12,residual,ok,private_state,,,
0.3333333333333333,0.3333333333333333,kuhn,categorical,22,12,12,jspace,ok,private_state,,,
0.3333333333333333,0.3333333333333333,kuhn,categorical,23,12,12,residual,ok,private_state,,,
0.4166666666666667,0.4166666666666667,kuhn,categorical,23,12,12,jspace,ok,private_state,,,
0.3333333333333333,0.3333333333333333,kuhn,categorical,24,12,12,residual,ok,private_state,,,
0.3333333333333333,0.3333333333333333,kuhn,categorical,24,12,12,jspace,ok,private_state,,,
0.4166666666666667,0.4166666666666667,kuhn,categorical,25,12,12,residual,ok,private_state,,,
0.25,0.25,kuhn,categorical,25,12,12,jspace,ok,private_state,,,
0.3333333333333333,0.3333333333333333,kuhn,categorical,26,12,12,residual,ok,private_state,,,
0.3333333333333333,0.3333333333333333,kuhn,categorical,26,12,12,jspace,ok,private_state,,,
0.4166666666666667,0.4166666666666667,kuhn,categorical,27,12,12,residual,ok,private_state,,,
0.3333333333333333,0.3333333333333333,kuhn,categorical,27,12,12,jspace,ok,private_state,,,
0.3333333333333333,0.3333333333333333,kuhn,categorical,28,12,12,residual,ok,private_state,,,
0.3333333333333333,0.3333333333333333,kuhn,categorical,28,12,12,jspace,ok,private_state,,,
0.3333333333333333,0.3333333333333333,kuhn,categorical,29,12,12,residual,ok,private_state,,,
0.3333333333333333,0.3333333333333333,kuhn,categorical,29,12,12,jspace,ok,private_state,,,
0.3333333333333333,0.3333333333333333,kuhn,categorical,30,12,12,residual,ok,private_state,,,
0.3333333333333333,0.3333333333333333,kuhn,categorical,30,12,12,jspace,ok,private_state,,,
0.3333333333333333,0.3333333333333333,kuhn,categorical,31,12,12,residual,ok,private_state,,,
0.3333333333333333,0.3333333333333333,kuhn,categorical,31,12,12,jspace,ok,private_state,,,
0.3333333333333333,0.3333333333333333,kuhn,categorical,32,12,12,residual,ok,private_state,,,
0.3333333333333333,0.3333333333333333,kuhn,categorical,32,12,12,jspace,ok,private_state,,,
0.3333333333333333,0.3333333333333333,kuhn,categorical,33,12,12,residual,ok,private_state,,,
0.3333333333333333,0.3333333333333333,kuhn,categorical,33,12,12,jspace,ok,private_state,,,
0.3333333333333333,0.3333333333333333,kuhn,categorical,34,12,12,residual,ok,private_state,,,
0.3333333333333333,0.3333333333333333,kuhn,categorical,34,12,12,jspace,ok,private_state,,,
0.6666666666666666,0.6666666666666666,kuhn,categorical,35,12,12,residual,ok,private_state,,,
0.3333333333333333,0.3333333333333333,kuhn,categorical,35,12,12,jspace,ok,private_state,,,
0.8333333333333334,0.8333333333333334,kuhn,categorical,36,12,12,residual,ok,private_state,,,
0.5,0.5,kuhn,categorical,36,12,12,jspace,ok,private_state,,,
0.8333333333333334,0.8333333333333334,kuhn,categorical,37,12,12,residual,ok,private_state,,,
0.3333333333333333,0.3333333333333333,kuhn,categorical,37,12,12,jspace,ok,private_state,,,
0.9166666666666666,0.9166666666666666,kuhn,categorical,38,12,12,residual,ok,private_state,,,
0.3333333333333333,0.3333333333333333,kuhn,categorical,38,12,12,jspace,ok,private_state,,,
1.0,1.0,kuhn,categorical,39,12,12,residual,ok,private_state,,,
0.3333333333333333,0.3333333333333333,kuhn,categorical,39,12,12,jspace,ok,private_state,,,
0.9166666666666666,0.9166666666666666,kuhn,categorical,40,12,12,residual,ok,private_state,,,
0.4166666666666667,0.4166666666666667,kuhn,categorical,40,12,12,jspace,ok,private_state,,,
0.9166666666666666,0.9166666666666666,kuhn,categorical,41,12,12,residual,ok,private_state,,,
0.3333333333333333,0.3333333333333333,kuhn,categorical,41,12,12,jspace,ok,private_state,,,
0.8333333333333334,0.8333333333333334,kuhn,categorical,42,12,12,residual,ok,private_state,,,
0.6666666666666666,0.6666666666666666,kuhn,categorical,42,12,12,jspace,ok,private_state,,,
0.8333333333333334,0.8333333333333334,kuhn,categorical,43,12,12,residual,ok,private_state,,,
0.3333333333333333,0.3333333333333333,kuhn,categorical,43,12,12,jspace,ok,private_state,,,
0.9166666666666666,0.9166666666666666,kuhn,categorical,44,12,12,residual,ok,private_state,,,
0.3333333333333333,0.3333333333333333,kuhn,categorical,44,12,12,jspace,ok,private_state,,,
0.9166666666666666,0.9166666666666666,kuhn,categorical,45,12,12,residual,ok,private_state,,,
0.3333333333333333,0.3333333333333333,kuhn,categorical,45,12,12,jspace,ok,private_state,,,
0.9166666666666666,0.9166666666666666,kuhn,categorical,46,12,12,residual,ok,private_state,,,
0.3333333333333333,0.3333333333333333,kuhn,categorical,46,12,12,jspace,ok,private_state,,,
0.75,0.75,kuhn,categorical,47,12,12,residual,ok,private_state,,,
0.4166666666666667,0.4166666666666667,kuhn,categorical,47,12,12,jspace,ok,private_state,,,
0.9166666666666666,0.9166666666666666,kuhn,categorical,48,12,12,residual,ok,private_state,,,
0.3333333333333333,0.3333333333333333,kuhn,categorical,48,12,12,jspace,ok,private_state,,,
0.75,0.75,kuhn,categorical,49,12,12,residual,ok,private_state,,,
0.3333333333333333,0.3333333333333333,kuhn,categorical,49,12,12,jspace,ok,private_state,,,
0.75,0.75,kuhn,categorical,50,12,12,residual,ok,private_state,,,
0.5,0.5,kuhn,categorical,50,12,12,jspace,ok,private_state,,,
0.9166666666666666,0.9166666666666666,kuhn,categorical,51,12,12,residual,ok,private_state,,,
0.3333333333333333,0.3333333333333333,kuhn,categorical,51,12,12,jspace,ok,private_state,,,
0.9166666666666666,0.9166666666666666,kuhn,categorical,52,12,12,residual,ok,private_state,,,
0.3333333333333333,0.3333333333333333,kuhn,categorical,52,12,12,jspace,ok,private_state,,,
0.8333333333333334,0.8333333333333334,kuhn,categorical,53,12,12,residual,ok,private_state,,,
0.3333333333333333,0.3333333333333333,kuhn,categorical,53,12,12,jspace,ok,private_state,,,
0.8333333333333334,0.8333333333333334,kuhn,categorical,54,12,12,residual,ok,private_state,,,
0.3333333333333333,0.3333333333333333,kuhn,categorical,54,12,12,jspace,ok,private_state,,,
0.9166666666666666,0.9166666666666666,kuhn,categorical,55,12,12,residual,ok,private_state,,,
0.5,0.5,kuhn,categorical,55,12,12,jspace,ok,private_state,,,
0.9166666666666666,0.9166666666666666,kuhn,categorical,56,12,12,residual,ok,private_state,,,
0.5833333333333334,0.5833333333333334,kuhn,categorical,56,12,12,jspace,ok,private_state,,,
0.9166666666666666,0.9166666666666666,kuhn,categorical,57,12,12,residual,ok,private_state,,,
0.4166666666666667,0.4166666666666667,kuhn,categorical,57,12,12,jspace,ok,private_state,,,
0.9166666666666666,0.9166666666666666,kuhn,categorical,58,12,12,residual,ok,private_state,,,
0.5833333333333334,0.5833333333333334,kuhn,categorical,58,12,12,jspace,ok,private_state,,,
0.9166666666666666,0.9166666666666666,kuhn,categorical,59,12,12,residual,ok,private_state,,,
0.3333333333333333,0.3333333333333333,kuhn,categorical,59,12,12,jspace,ok,private_state,,,
0.9166666666666666,0.9166666666666666,kuhn,categorical,60,12,12,residual,ok,private_state,,,
0.3333333333333333,0.3333333333333333,kuhn,categorical,60,12,12,jspace,ok,private_state,,,
0.8333333333333334,0.8333333333333334,kuhn,categorical,61,12,12,residual,ok,private_state,,,
0.5833333333333334,0.5833333333333334,kuhn,categorical,61,12,12,jspace,ok,private_state,,,
0.8333333333333334,0.8333333333333334,kuhn,categorical,62,12,12,residual,ok,private_state,,,
0.5833333333333334,0.5833333333333334,kuhn,categorical,62,12,12,jspace,ok,private_state,,,
0.5,0.375,kuhn,categorical,-1,12,12,output,ok,strategy,,,
0.5,0.5,kuhn,categorical,0,12,12,residual,ok,strategy,,,
0.5833333333333334,0.4375,kuhn,categorical,0,12,12,jspace,ok,strategy,,,
0.3333333333333333,0.25,kuhn,categorical,1,12,12,residual,ok,strategy,,,
0.3333333333333333,0.25,kuhn,categorical,1,12,12,jspace,ok,strategy,,,
0.3333333333333333,0.25,kuhn,categorical,2,12,12,residual,ok,strategy,,,
0.3333333333333333,0.25,kuhn,categorical,2,12,12,jspace,ok,strategy,,,
0.3333333333333333,0.25,kuhn,categorical,3,12,12,residual,ok,strategy,,,
0.3333333333333333,0.25,kuhn,categorical,3,12,12,jspace,ok,strategy,,,
0.3333333333333333,0.25,kuhn,categorical,4,12,12,residual,ok,strategy,,,
0.4166666666666667,0.3125,kuhn,categorical,4,12,12,jspace,ok,strategy,,,
0.3333333333333333,0.25,kuhn,categorical,5,12,12,residual,ok,strategy,,,
0.3333333333333333,0.25,kuhn,categorical,5,12,12,jspace,ok,strategy,,,
0.3333333333333333,0.25,kuhn,categorical,6,12,12,residual,ok,strategy,,,
0.3333333333333333,0.25,kuhn,categorical,6,12,12,jspace,ok,strategy,,,
0.3333333333333333,0.25,kuhn,categorical,7,12,12,residual,ok,strategy,,,
0.3333333333333333,0.25,kuhn,categorical,7,12,12,jspace,ok,strategy,,,
0.3333333333333333,0.25,kuhn,categorical,8,12,12,residual,ok,strategy,,,
0.25,0.1875,kuhn,categorical,8,12,12,jspace,ok,strategy,,,
0.3333333333333333,0.25,kuhn,categorical,9,12,12,residual,ok,strategy,,,
0.3333333333333333,0.25,kuhn,categorical,9,12,12,jspace,ok,strategy,,,
0.3333333333333333,0.25,kuhn,categorical,10,12,12,residual,ok,strategy,,,
0.4166666666666667,0.3125,kuhn,categorical,10,12,12,jspace,ok,strategy,,,
0.3333333333333333,0.25,kuhn,categorical,11,12,12,residual,ok,strategy,,,
0.4166666666666667,0.3125,kuhn,categorical,11,12,12,jspace,ok,strategy,,,
0.3333333333333333,0.25,kuhn,categorical,12,12,12,residual,ok,strategy,,,
0.3333333333333333,0.25,kuhn,categorical,12,12,12,jspace,ok,strategy,,,
0.6666666666666666,0.5,kuhn,categorical,13,12,12,residual,ok,strategy,,,
0.3333333333333333,0.25,kuhn,categorical,13,12,12,jspace,ok,strategy,,,
0.4166666666666667,0.3125,kuhn,categorical,14,12,12,residual,ok,strategy,,,
0.3333333333333333,0.25,kuhn,categorical,14,12,12,jspace,ok,strategy,,,
0.3333333333333333,0.25,kuhn,categorical,15,12,12,residual,ok,strategy,,,
0.4166666666666667,0.3125,kuhn,categorical,15,12,12,jspace,ok,strategy,,,
0.4166666666666667,0.3125,kuhn,categorical,16,12,12,residual,ok,strategy,,,
0.4166666666666667,0.3125,kuhn,categorical,16,12,12,jspace,ok,strategy,,,
0.3333333333333333,0.25,kuhn,categorical,17,12,12,residual,ok,strategy,,,
0.3333333333333333,0.25,kuhn,categorical,17,12,12,jspace,ok,strategy,,,
0.3333333333333333,0.25,kuhn,categorical,18,12,12,residual,ok,strategy,,,
0.3333333333333333,0.25,kuhn,categorical,18,12,12,jspace,ok,strategy,,,
0.5833333333333334,0.4375,kuhn,categorical,19,12,12,residual,ok,strategy,,,
0.3333333333333333,0.25,kuhn,categorical,19,12,12,jspace,ok,strategy,,,
0.3333333333333333,0.25,kuhn,categorical,20,12,12,residual,ok,strategy,,,
0.3333333333333333,0.25,kuhn,categorical,20,12,12,jspace,ok,strategy,,,
0.3333333333333333,0.25,kuhn,categorical,21,12,12,residual,ok,strategy,,,
0.3333333333333333,0.25,kuhn,categorical,21,12,12,jspace,ok,strategy,,,
0.4166666666666667,0.375,kuhn,categorical,22,12,12,residual,ok,strategy,,,
0.3333333333333333,0.25,kuhn,categorical,22,12,12,jspace,ok,strategy,,,
0.3333333333333333,0.25,kuhn,categorical,23,12,12,residual,ok,strategy,,,
0.3333333333333333,0.25,kuhn,categorical,23,12,12,jspace,ok,strategy,,,
0.5,0.5,kuhn,categorical,24,12,12,residual,ok,strategy,,,
0.3333333333333333,0.25,kuhn,categorical,24,12,12,jspace,ok,strategy,,,
0.6666666666666666,0.625,kuhn,categorical,25,12,12,residual,ok,strategy,,,
0.4166666666666667,0.3125,kuhn,categorical,25,12,12,jspace,ok,strategy,,,
0.5,0.5,kuhn,categorical,26,12,12,residual,ok,strategy,,,
0.3333333333333333,0.25,kuhn,categorical,26,12,12,jspace,ok,strategy,,,
0.3333333333333333,0.25,kuhn,categorical,27,12,12,residual,ok,strategy,,,
0.3333333333333333,0.25,kuhn,categorical,27,12,12,jspace,ok,strategy,,,
0.3333333333333333,0.25,kuhn,categorical,28,12,12,residual,ok,strategy,,,
0.3333333333333333,0.25,kuhn,categorical,28,12,12,jspace,ok,strategy,,,
0.3333333333333333,0.25,kuhn,categorical,29,12,12,residual,ok,strategy,,,
0.3333333333333333,0.25,kuhn,categorical,29,12,12,jspace,ok,strategy,,,
0.3333333333333333,0.25,kuhn,categorical,30,12,12,residual,ok,strategy,,,
0.3333333333333333,0.25,kuhn,categorical,30,12,12,jspace,ok,strategy,,,
0.3333333333333333,0.25,kuhn,categorical,31,12,12,residual,ok,strategy,,,
0.3333333333333333,0.25,kuhn,categorical,31,12,12,jspace,ok,strategy,,,
0.3333333333333333,0.25,kuhn,categorical,32,12,12,residual,ok,strategy,,,
0.3333333333333333,0.25,kuhn,categorical,32,12,12,jspace,ok,strategy,,,
0.3333333333333333,0.25,kuhn,categorical,33,12,12,residual,ok,strategy,,,
0.3333333333333333,0.25,kuhn,categorical,33,12,12,jspace,ok,strategy,,,
0.3333333333333333,0.25,kuhn,categorical,34,12,12,residual,ok,strategy,,,
0.3333333333333333,0.25,kuhn,categorical,34,12,12,jspace,ok,strategy,,,
0.5833333333333334,0.4375,kuhn,categorical,35,12,12,residual,ok,strategy,,,
0.3333333333333333,0.25,kuhn,categorical,35,12,12,jspace,ok,strategy,,,
0.5833333333333334,0.4375,kuhn,categorical,36,12,12,residual,ok,strategy,,,
0.3333333333333333,0.25,kuhn,categorical,36,12,12,jspace,ok,strategy,,,
0.75,0.6875,kuhn,categorical,37,12,12,residual,ok,strategy,,,
0.3333333333333333,0.25,kuhn,categorical,37,12,12,jspace,ok,strategy,,,
0.8333333333333334,0.8125,kuhn,categorical,38,12,12,residual,ok,strategy,,,
0.3333333333333333,0.25,kuhn,categorical,38,12,12,jspace,ok,strategy,,,
0.9166666666666666,0.875,kuhn,categorical,39,12,12,residual,ok,strategy,,,
0.3333333333333333,0.25,kuhn,categorical,39,12,12,jspace,ok,strategy,,,
0.8333333333333334,0.8125,kuhn,categorical,40,12,12,residual,ok,strategy,,,
0.3333333333333333,0.25,kuhn,categorical,40,12,12,jspace,ok,strategy,,,
0.8333333333333334,0.8125,kuhn,categorical,41,12,12,residual,ok,strategy,,,
0.3333333333333333,0.25,kuhn,categorical,41,12,12,jspace,ok,strategy,,,
0.9166666666666666,0.9375,kuhn,categorical,42,12,12,residual,ok,strategy,,,
0.6666666666666666,0.5,kuhn,categorical,42,12,12,jspace,ok,strategy,,,
0.6666666666666666,0.75,kuhn,categorical,43,12,12,residual,ok,strategy,,,
0.3333333333333333,0.25,kuhn,categorical,43,12,12,jspace,ok,strategy,,,
0.6666666666666666,0.75,kuhn,categorical,44,12,12,residual,ok,strategy,,,
0.4166666666666667,0.3125,kuhn,categorical,44,12,12,jspace,ok,strategy,,,
0.6666666666666666,0.75,kuhn,categorical,45,12,12,residual,ok,strategy,,,
0.3333333333333333,0.25,kuhn,categorical,45,12,12,jspace,ok,strategy,,,
0.6666666666666666,0.75,kuhn,categorical,46,12,12,residual,ok,strategy,,,
0.3333333333333333,0.25,kuhn,categorical,46,12,12,jspace,ok,strategy,,,
0.5833333333333334,0.625,kuhn,categorical,47,12,12,residual,ok,strategy,,,
0.3333333333333333,0.25,kuhn,categorical,47,12,12,jspace,ok,strategy,,,
0.5833333333333334,0.625,kuhn,categorical,48,12,12,residual,ok,strategy,,,
0.3333333333333333,0.25,kuhn,categorical,48,12,12,jspace,ok,strategy,,,
0.5,0.5,kuhn,categorical,49,12,12,residual,ok,strategy,,,
0.3333333333333333,0.25,kuhn,categorical,49,12,12,jspace,ok,strategy,,,
0.5,0.5,kuhn,categorical,50,12,12,residual,ok,strategy,,,
0.5,0.375,kuhn,categorical,50,12,12,jspace,ok,strategy,,,
0.5833333333333334,0.625,kuhn,categorical,51,12,12,residual,ok,strategy,,,
0.3333333333333333,0.25,kuhn,categorical,51,12,12,jspace,ok,strategy,,,
0.5,0.5625,kuhn,categorical,52,12,12,residual,ok,strategy,,,
0.6666666666666666,0.5,kuhn,categorical,52,12,12,jspace,ok,strategy,,,
0.5,0.5625,kuhn,categorical,53,12,12,residual,ok,strategy,,,
0.3333333333333333,0.25,kuhn,categorical,53,12,12,jspace,ok,strategy,,,
0.5,0.5625,kuhn,categorical,54,12,12,residual,ok,strategy,,,
0.3333333333333333,0.25,kuhn,categorical,54,12,12,jspace,ok,strategy,,,
0.6666666666666666,0.75,kuhn,categorical,55,12,12,residual,ok,strategy,,,
0.3333333333333333,0.25,kuhn,categorical,55,12,12,jspace,ok,strategy,,,
0.6666666666666666,0.75,kuhn,categorical,56,12,12,residual,ok,strategy,,,
0.5833333333333334,0.4375,kuhn,categorical,56,12,12,jspace,ok,strategy,,,
0.6666666666666666,0.75,kuhn,categorical,57,12,12,residual,ok,strategy,,,
0.5,0.375,kuhn,categorical,57,12,12,jspace,ok,strategy,,,
0.6666666666666666,0.75,kuhn,categorical,58,12,12,residual,ok,strategy,,,
0.5833333333333334,0.4375,kuhn,categorical,58,12,12,jspace,ok,strategy,,,
0.5833333333333334,0.625,kuhn,categorical,59,12,12,residual,ok,strategy,,,
0.3333333333333333,0.25,kuhn,categorical,59,12,12,jspace,ok,strategy,,,
0.5,0.5,kuhn,categorical,60,12,12,residual,ok,strategy,,,
0.3333333333333333,0.25,kuhn,categorical,60,12,12,jspace,ok,strategy,,,
0.5,0.5,kuhn,categorical,61,12,12,residual,ok,strategy,,,
0.6666666666666666,0.5,kuhn,categorical,61,12,12,jspace,ok,strategy,,,
0.75,0.75,kuhn,categorical,62,12,12,residual,ok,strategy,,,
0.5,0.375,kuhn,categorical,62,12,12,jspace,ok,strategy,,,
0.6666666666666666,0.5,kuhn,categorical,-1,12,12,output,ok,action,,,
0.6666666666666666,0.5,kuhn,categorical,0,12,12,residual,ok,action,,,
0.6666666666666666,0.5,kuhn,categorical,0,12,12,jspace,ok,action,,,
0.6666666666666666,0.5,kuhn,categorical,1,12,12,residual,ok,action,,,
0.6666666666666666,0.5,kuhn,categorical,1,12,12,jspace,ok,action,,,
1.0,1.0,kuhn,categorical,2,12,12,residual,ok,action,,,
0.6666666666666666,0.5,kuhn,categorical,2,12,12,jspace,ok,action,,,
0.6666666666666666,0.5,kuhn,categorical,3,12,12,residual,ok,action,,,
0.6666666666666666,0.5,kuhn,categorical,3,12,12,jspace,ok,action,,,
0.6666666666666666,0.5,kuhn,categorical,4,12,12,residual,ok,action,,,
0.6666666666666666,0.5,kuhn,categorical,4,12,12,jspace,ok,action,,,
0.6666666666666666,0.5,kuhn,categorical,5,12,12,residual,ok,action,,,
0.6666666666666666,0.5,kuhn,categorical,5,12,12,jspace,ok,action,,,
0.8333333333333334,0.875,kuhn,categorical,6,12,12,residual,ok,action,,,
0.6666666666666666,0.5,kuhn,categorical,6,12,12,jspace,ok,action,,,
0.6666666666666666,0.5,kuhn,categorical,7,12,12,residual,ok,action,,,
0.6666666666666666,0.5,kuhn,categorical,7,12,12,jspace,ok,action,,,
0.6666666666666666,0.5,kuhn,categorical,8,12,12,residual,ok,action,,,
0.6666666666666666,0.5,kuhn,categorical,8,12,12,jspace,ok,action,,,
0.6666666666666666,0.5,kuhn,categorical,9,12,12,residual,ok,action,,,
0.6666666666666666,0.5,kuhn,categorical,9,12,12,jspace,ok,action,,,
0.6666666666666666,0.5,kuhn,categorical,10,12,12,residual,ok,action,,,
0.6666666666666666,0.5,kuhn,categorical,10,12,12,jspace,ok,action,,,
0.6666666666666666,0.5,kuhn,categorical,11,12,12,residual,ok,action,,,
0.6666666666666666,0.5,kuhn,categorical,11,12,12,jspace,ok,action,,,
0.5833333333333334,0.6875,kuhn,categorical,12,12,12,residual,ok,action,,,
0.6666666666666666,0.5,kuhn,categorical,12,12,12,jspace,ok,action,,,
0.3333333333333333,0.5,kuhn,categorical,13,12,12,residual,ok,action,,,
0.6666666666666666,0.5,kuhn,categorical,13,12,12,jspace,ok,action,,,
0.3333333333333333,0.5,kuhn,categorical,14,12,12,residual,ok,action,,,
0.6666666666666666,0.5,kuhn,categorical,14,12,12,jspace,ok,action,,,
0.9166666666666666,0.875,kuhn,categorical,15,12,12,residual,ok,action,,,
0.6666666666666666,0.5,kuhn,categorical,15,12,12,jspace,ok,action,,,
0.9166666666666666,0.9375,kuhn,categorical,16,12,12,residual,ok,action,,,
0.6666666666666666,0.5,kuhn,categorical,16,12,12,jspace,ok,action,,,
0.8333333333333334,0.75,kuhn,categorical,17,12,12,residual,ok,action,,,
0.6666666666666666,0.5,kuhn,categorical,17,12,12,jspace,ok,action,,,
0.75,0.6875,kuhn,categorical,18,12,12,residual,ok,action,,,
0.6666666666666666,0.5,kuhn,categorical,18,12,12,jspace,ok,action,,,
0.75,0.8125,kuhn,categorical,19,12,12,residual,ok,action,,,
0.6666666666666666,0.5,kuhn,categorical,19,12,12,jspace,ok,action,,,
0.3333333333333333,0.5,kuhn,categorical,20,12,12,residual,ok,action,,,
0.6666666666666666,0.5,kuhn,categorical,20,12,12,jspace,ok,action,,,
0.3333333333333333,0.5,kuhn,categorical,21,12,12,residual,ok,action,,,
0.6666666666666666,0.5,kuhn,categorical,21,12,12,jspace,ok,action,,,
0.3333333333333333,0.5,kuhn,categorical,22,12,12,residual,ok,action,,,
0.6666666666666666,0.5,kuhn,categorical,22,12,12,jspace,ok,action,,,
0.3333333333333333,0.5,kuhn,categorical,23,12,12,residual,ok,action,,,
0.6666666666666666,0.5,kuhn,categorical,23,12,12,jspace,ok,action,,,
0.8333333333333334,0.875,kuhn,categorical,24,12,12,residual,ok,action,,,
0.6666666666666666,0.5,kuhn,categorical,24,12,12,jspace,ok,action,,,
0.8333333333333334,0.75,kuhn,categorical,25,12,12,residual,ok,action,,,
0.6666666666666666,0.5,kuhn,categorical,25,12,12,jspace,ok,action,,,
0.6666666666666666,0.5,kuhn,categorical,26,12,12,residual,ok,action,,,
0.6666666666666666,0.5,kuhn,categorical,26,12,12,jspace,ok,action,,,
0.6666666666666666,0.5,kuhn,categorical,27,12,12,residual,ok,action,,,
0.6666666666666666,0.5,kuhn,categorical,27,12,12,jspace,ok,action,,,
0.6666666666666666,0.5,kuhn,categorical,28,12,12,residual,ok,action,,,
0.6666666666666666,0.5,kuhn,categorical,28,12,12,jspace,ok,action,,,
0.6666666666666666,0.5,kuhn,categorical,29,12,12,residual,ok,action,,,
0.6666666666666666,0.5,kuhn,categorical,29,12,12,jspace,ok,action,,,
0.6666666666666666,0.5,kuhn,categorical,30,12,12,residual,ok,action,,,
0.6666666666666666,0.5,kuhn,categorical,30,12,12,jspace,ok,action,,,
0.6666666666666666,0.5,kuhn,categorical,31,12,12,residual,ok,action,,,
0.6666666666666666,0.5,kuhn,categorical,31,12,12,jspace,ok,action,,,
0.6666666666666666,0.5,kuhn,categorical,32,12,12,residual,ok,action,,,
0.6666666666666666,0.5,kuhn,categorical,32,12,12,jspace,ok,action,,,
0.6666666666666666,0.5,kuhn,categorical,33,12,12,residual,ok,action,,,
0.6666666666666666,0.5,kuhn,categorical,33,12,12,jspace,ok,action,,,
0.6666666666666666,0.5,kuhn,categorical,34,12,12,residual,ok,action,,,
0.6666666666666666,0.5,kuhn,categorical,34,12,12,jspace,ok,action,,,
1.0,1.0,kuhn,categorical,35,12,12,residual,ok,action,,,
0.6666666666666666,0.5,kuhn,categorical,35,12,12,jspace,ok,action,,,
0.9166666666666666,0.875,kuhn,categorical,36,12,12,residual,ok,action,,,
0.6666666666666666,0.5,kuhn,categorical,36,12,12,jspace,ok,action,,,
0.9166666666666666,0.875,kuhn,categorical,37,12,12,residual,ok,action,,,
0.6666666666666666,0.5,kuhn,categorical,37,12,12,jspace,ok,action,,,
1.0,1.0,kuhn,categorical,38,12,12,residual,ok,action,,,
0.6666666666666666,0.5,kuhn,categorical,38,12,12,jspace,ok,action,,,
1.0,1.0,kuhn,categorical,39,12,12,residual,ok,action,,,
0.6666666666666666,0.5,kuhn,categorical,39,12,12,jspace,ok,action,,,
1.0,1.0,kuhn,categorical,40,12,12,residual,ok,action,,,
0.6666666666666666,0.5,kuhn,categorical,40,12,12,jspace,ok,action,,,
0.9166666666666666,0.875,kuhn,categorical,41,12,12,residual,ok,action,,,
0.6666666666666666,0.5,kuhn,categorical,41,12,12,jspace,ok,action,,,
0.9166666666666666,0.875,kuhn,categorical,42,12,12,residual,ok,action,,,
0.6666666666666666,0.5,kuhn,categorical,42,12,12,jspace,ok,action,,,
0.6666666666666666,0.5,kuhn,categorical,43,12,12,residual,ok,action,,,
0.6666666666666666,0.5,kuhn,categorical,43,12,12,jspace,ok,action,,,
0.6666666666666666,0.5,kuhn,categorical,44,12,12,residual,ok,action,,,
0.6666666666666666,0.5,kuhn,categorical,44,12,12,jspace,ok,action,,,
0.6666666666666666,0.5,kuhn,categorical,45,12,12,residual,ok,action,,,
0.6666666666666666,0.5,kuhn,categorical,45,12,12,jspace,ok,action,,,
0.6666666666666666,0.5,kuhn,categorical,46,12,12,residual,ok,action,,,
0.6666666666666666,0.5,kuhn,categorical,46,12,12,jspace,ok,action,,,
0.6666666666666666,0.5,kuhn,categorical,47,12,12,residual,ok,action,,,
0.6666666666666666,0.5,kuhn,categorical,47,12,12,jspace,ok,action,,,
0.6666666666666666,0.5,kuhn,categorical,48,12,12,residual,ok,action,,,
0.6666666666666666,0.5,kuhn,categorical,48,12,12,jspace,ok,action,,,
0.6666666666666666,0.5,kuhn,categorical,49,12,12,residual,ok,action,,,
0.6666666666666666,0.5,kuhn,categorical,49,12,12,jspace,ok,action,,,
0.6666666666666666,0.5,kuhn,categorical,50,12,12,residual,ok,action,,,
0.6666666666666666,0.5,kuhn,categorical,50,12,12,jspace,ok,action,,,
0.6666666666666666,0.5,kuhn,categorical,51,12,12,residual,ok,action,,,
0.6666666666666666,0.5,kuhn,categorical,51,12,12,jspace,ok,action,,,
0.75,0.625,kuhn,categorical,52,12,12,residual,ok,action,,,
0.6666666666666666,0.5,kuhn,categorical,52,12,12,jspace,ok,action,,,
0.75,0.625,kuhn,categorical,53,12,12,residual,ok,action,,,
0.6666666666666666,0.5,kuhn,categorical,53,12,12,jspace,ok,action,,,
0.75,0.625,kuhn,categorical,54,12,12,residual,ok,action,,,
0.6666666666666666,0.5,kuhn,categorical,54,12,12,jspace,ok,action,,,
0.6666666666666666,0.5,kuhn,categorical,55,12,12,residual,ok,action,,,
0.6666666666666666,0.5,kuhn,categorical,55,12,12,jspace,ok,action,,,
0.6666666666666666,0.5,kuhn,categorical,56,12,12,residual,ok,action,,,
0.6666666666666666,0.5,kuhn,categorical,56,12,12,jspace,ok,action,,,
0.6666666666666666,0.5,kuhn,categorical,57,12,12,residual,ok,action,,,
0.6666666666666666,0.5,kuhn,categorical,57,12,12,jspace,ok,action,,,
0.6666666666666666,0.5,kuhn,categorical,58,12,12,residual,ok,action,,,
0.6666666666666666,0.5,kuhn,categorical,58,12,12,jspace,ok,action,,,
0.75,0.625,kuhn,categorical,59,12,12,residual,ok,action,,,
0.6666666666666666,0.5,kuhn,categorical,59,12,12,jspace,ok,action,,,
0.6666666666666666,0.5,kuhn,categorical,60,12,12,residual,ok,action,,,
0.6666666666666666,0.5,kuhn,categorical,60,12,12,jspace,ok,action,,,
0.6666666666666666,0.5,kuhn,categorical,61,12,12,residual,ok,action,,,
0.6666666666666666,0.5,kuhn,categorical,61,12,12,jspace,ok,action,,,
0.6666666666666666,0.5,kuhn,categorical,62,12,12,residual,ok,action,,,
0.6666666666666666,0.5,kuhn,categorical,62,12,12,jspace,ok,action,,,
,,kuhn,scalar,-1,12,12,output,ok,belief,0.2786681659360609,0.2735888739426931,-0.5570256758017318
,,kuhn,scalar,0,12,12,residual,ok,belief,0.8108808741447275,0.7982522676388424,-6.873325697583396
,,kuhn,scalar,0,12,12,jspace,ok,belief,0.454335539558052,0.2305436203766702,6.443079125106888e-05
,,kuhn,scalar,1,12,12,residual,ok,belief,0.7687012822680097,0.21943019578854242,0.2572645932995722
,,kuhn,scalar,1,12,12,jspace,ok,belief,-0.13045174424860795,0.2305518727292537,-5.304900785985112e-06
,,kuhn,scalar,2,12,12,residual,ok,belief,0.840676200049347,1.008573305606842,-11.308176393623718
,,kuhn,scalar,2,12,12,jspace,ok,belief,0.33022585944169325,0.23057269417235807,1.3547681295467129e-05
,,kuhn,scalar,3,12,12,residual,ok,belief,0.8095645460563099,0.8896434525648752,-8.748366087388264
,,kuhn,scalar,3,12,12,jspace,ok,belief,0.31349984511143086,0.23008921787299186,-9.071039318819807e-05
,,kuhn,scalar,4,12,12,residual,ok,belief,0.8179064418010432,1.2588211715221405,-17.994478821979108
,,kuhn,scalar,4,12,12,jspace,ok,belief,0.20859321119955468,0.23058382695342705,0.00023449858336288543
,,kuhn,scalar,5,12,12,residual,ok,belief,0.8023213182804244,1.8315373977025349,-38.82383935354087
,,kuhn,scalar,5,12,12,jspace,ok,belief,0.2679584159803212,0.2305598359198565,3.7929580533724305e-05
,,kuhn,scalar,6,12,12,residual,ok,belief,0.8047871616939187,1.8957403818766274,-41.61626671838547
,,kuhn,scalar,6,12,12,jspace,ok,belief,0.12474089264592549,0.23053700779408595,3.555723433890101e-05
,,kuhn,scalar,7,12,12,residual,ok,belief,0.8424120206907305,1.6775840540726978,-32.47306796191243
,,kuhn,scalar,7,12,12,jspace,ok,belief,0.4664002682098713,0.23054267133403794,4.5196628167931685e-05
,,kuhn,scalar,8,12,12,residual,ok,belief,0.818965953211898,1.5396585683027901,-27.274152424902642
,,kuhn,scalar,8,12,12,jspace,ok,belief,-0.18549537968696025,0.23055491161808228,-5.024011100474013e-07
,,kuhn,scalar,9,12,12,residual,ok,belief,0.7762901999500594,1.0881169060866038,-13.359055939262191
,,kuhn,scalar,9,12,12,jspace,ok,belief,-0.4201539513689471,0.2305220454823734,-7.996567834855917e-05
,,kuhn,scalar,10,12,12,residual,ok,belief,0.8065186047733742,0.45347139934698744,-1.9208778147371985
,,kuhn,scalar,10,12,12,jspace,ok,belief,0.3788049622692176,0.2305559983768828,1.3856043084681247e-05
,,kuhn,scalar,11,12,12,residual,ok,belief,0.7810530540926791,0.8861426234245299,-8.773908638189639
,,kuhn,scalar,11,12,12,jspace,ok,belief,0.050269178512870466,0.23055814822167134,5.34446995614779e-06
,,kuhn,scalar,12,12,12,residual,ok,belief,0.8009291013111265,1.4242260376612348,-23.267686295313304
,,kuhn,scalar,12,12,12,jspace,ok,belief,0.46664708435403,0.23055577069177066,0.00011395755793519591
,,kuhn,scalar,13,12,12,residual,ok,belief,0.6671568623009454,1.1257457355658214,-14.522713896974526
,,kuhn,scalar,13,12,12,jspace,ok,belief,0.16397560687388396,0.2304832182972176,1.9126863169960373e-05
,,kuhn,scalar,14,12,12,residual,ok,belief,0.7126760950537069,1.1855940441290538,-16.0924096712615
,,kuhn,scalar,14,12,12,jspace,ok,belief,0.3203033816799031,0.23052936491908496,5.163971564725589e-05
,,kuhn,scalar,15,12,12,residual,ok,belief,0.6890535911062402,0.21066778401533762,0.2768880862457618
,,kuhn,scalar,15,12,12,jspace,ok,belief,0.6097323198639409,0.23052889700114254,0.0001931411254897375
,,kuhn,scalar,16,12,12,residual,ok,belief,0.7174330153553254,0.37443136870861055,-1.0348015948823641
,,kuhn,scalar,16,12,12,jspace,ok,belief,0.25888297244279984,0.23043552166300288,0.0003065710001144417
,,kuhn,scalar,17,12,12,residual,ok,belief,0.7472416165745244,0.292414852976799,-0.29584393918445917
,,kuhn,scalar,17,12,12,jspace,ok,belief,0.2474200862427882,0.23055059005236564,2.778288799687445e-06
,,kuhn,scalar,18,12,12,residual,ok,belief,0.7852251111928348,0.1876109585165978,0.3886842265403234
,,kuhn,scalar,18,12,12,jspace,ok,belief,0.3820192657820036,0.23046702591857812,0.00023136528418665758
,,kuhn,scalar,19,12,12,residual,ok,belief,0.7992124586252572,0.37820311586062116,-1.0463881967294384
,,kuhn,scalar,19,12,12,jspace,ok,belief,0.18059593284998593,0.23055269221684213,3.399314433605305e-06
,,kuhn,scalar,20,12,12,residual,ok,belief,0.7815988671919464,1.1381567537784576,-14.739250106164034
,,kuhn,scalar,20,12,12,jspace,ok,belief,-0.6714987012635617,0.23056552887836357,-7.253798671635892e-05
,,kuhn,scalar,21,12,12,residual,ok,belief,0.8087364535113166,1.1216747085253398,-14.275303875132533
,,kuhn,scalar,21,12,12,jspace,ok,belief,-0.32163326746974125,0.23055157347127828,-1.189703505133366e-05
,,kuhn,scalar,22,12,12,residual,ok,belief,0.7883920153162881,1.6697766105333962,-32.32568661181331
,,kuhn,scalar,22,12,12,jspace,ok,belief,-0.20803139170411195,0.23055562977624813,-1.2043109831605392e-06
,,kuhn,scalar,23,12,12,residual,ok,belief,0.7478946224699582,1.9100019057591755,-42.30993457212769
,,kuhn,scalar,23,12,12,jspace,ok,belief,-0.1499649238453599,0.23055102735440627,-1.1998855689920873e-05
,,kuhn,scalar,24,12,12,residual,ok,belief,0.7720032244054508,1.5687544564406075,-28.334694692250363
,,kuhn,scalar,24,12,12,jspace,ok,belief,0.5119088579500768,0.23044317097335598,8.926214112303654e-08
,,kuhn,scalar,25,12,12,residual,ok,belief,0.7478439085592428,1.5715156714121499,-28.4752100767083
,,kuhn,scalar,25,12,12,jspace,ok,belief,0.498799344862605,0.23058650985188067,0.0016675535570066513
,,kuhn,scalar,26,12,12,residual,ok,belief,0.7828958037319116,1.7163074036439259,-34.02062105433156
,,kuhn,scalar,26,12,12,jspace,ok,belief,0.2854579707862034,0.23115414544350324,-0.00013840030669487469
,,kuhn,scalar,27,12,12,residual,ok,belief,0.8330031239056536,0.21182125508785243,0.2696440163910584
,,kuhn,scalar,27,12,12,jspace,ok,belief,0.40423069168046866,0.23055233748842477,6.4377291458805885e-06
,,kuhn,scalar,28,12,12,residual,ok,belief,0.7812207285121071,0.5100819786389669,-2.6359751124327317
,,kuhn,scalar,28,12,12,jspace,ok,belief,0.04676606208201691,0.23030510564207332,-2.2912974330102642e-05
,,kuhn,scalar,29,12,12,residual,ok,belief,0.7209309940171295,0.4521967887878418,-2.0531537056164706
,,kuhn,scalar,29,12,12,jspace,ok,belief,0.29645293212279666,0.23055515195749662,1.0111487394826035e-05
,,kuhn,scalar,30,12,12,residual,ok,belief,0.6104330645770084,0.6053917378187179,-4.043827642306074
,,kuhn,scalar,30,12,12,jspace,ok,belief,0.5890423463708809,0.23054516177148776,5.348760846124456e-06
,,kuhn,scalar,31,12,12,residual,ok,belief,0.3081188827122736,0.32116324106852207,-0.8328365672163938
,,kuhn,scalar,31,12,12,jspace,ok,belief,0.3655557553041745,0.2310212863276433,-8.84303442356682e-05
,,kuhn,scalar,32,12,12,residual,ok,belief,0.6043311175307334,0.3047231554985046,-0.667783310101383
,,kuhn,scalar,32,12,12,jspace,ok,belief,-0.05517708765771882,0.23056862691495908,-3.0409208042758706e-06
,,kuhn,scalar,33,12,12,residual,ok,belief,0.7428241767510395,0.2681351721286773,-0.29245215357669996
,,kuhn,scalar,33,12,12,jspace,ok,belief,-0.08050780586871455,0.23210962118956488,-0.0010292921640144836
,,kuhn,scalar,34,12,12,residual,ok,belief,0.7056028476709643,0.1947647864619891,0.3919506899500774
,,kuhn,scalar,34,12,12,jspace,ok,belief,0.40924159664136067,0.23055814880776562,4.7938545528758425e-06
,,kuhn,scalar,35,12,12,residual,ok,belief,0.40455075804182916,0.5293037027120591,-3.586254143365597
,,kuhn,scalar,35,12,12,jspace,ok,belief,0.18748621331946902,0.23054366868968823,4.206716570531732e-06
,,kuhn,scalar,36,12,12,residual,ok,belief,0.5092337567924001,0.35833603491385785,-0.9784075688543725
,,kuhn,scalar,36,12,12,jspace,ok,belief,0.4681049295166205,0.2305541655187758,2.3156435305038414e-05
,,kuhn,scalar,37,12,12,residual,ok,belief,0.5164515123546141,0.3379819080233574,-0.7465864416619568
,,kuhn,scalar,37,12,12,jspace,ok,belief,0.249899318639852,0.23055368784934224,8.98644060420839e-06
,,kuhn,scalar,38,12,12,residual,ok,belief,0.5601206723756091,0.32871051008502644,-0.7337452059884308
,,kuhn,scalar,38,12,12,jspace,ok,belief,0.275649653572175,0.23569240425365764,-0.00661185717806001
,,kuhn,scalar,39,12,12,residual,ok,belief,0.6684939685732229,0.30704729805390035,-0.48528957919521876
,,kuhn,scalar,39,12,12,jspace,ok,belief,0.46470547743811647,0.23051612392895396,8.298472706191884e-05
,,kuhn,scalar,40,12,12,residual,ok,belief,0.5635682272984383,0.3007605021198591,-0.5274778034225704
,,kuhn,scalar,40,12,12,jspace,ok,belief,0.5160030577740015,0.23056682944870344,0.0001302914469230032
,,kuhn,scalar,41,12,12,residual,ok,belief,0.6347071039768819,0.28192703723907475,-0.37164023448984107
,,kuhn,scalar,41,12,12,jspace,ok,belief,0.8532257150737629,0.23052742005427507,0.00020006671261074693
,,kuhn,scalar,42,12,12,residual,ok,belief,0.5847001954861214,0.32223335405190784,-0.8582900304846339
,,kuhn,scalar,42,12,12,jspace,ok,belief,0.8966308914245614,0.23034001206882213,0.0002814852922184974
,,kuhn,scalar,43,12,12,residual,ok,belief,0.7060146727116431,0.9999491403500239,-11.311128459202662
,,kuhn,scalar,43,12,12,jspace,ok,belief,0.14879469064331657,0.23166465855372145,0.0019356998600060793
,,kuhn,scalar,44,12,12,residual,ok,belief,0.7480436516283624,0.6933007220427196,-5.228514529500574
,,kuhn,scalar,44,12,12,jspace,ok,belief,0.3331201776797389,0.23027592995574875,0.0022727203237442595
,,kuhn,scalar,45,12,12,residual,ok,belief,0.5010184776375552,0.5624018043279648,-3.4642544720021142
,,kuhn,scalar,45,12,12,jspace,ok,belief,0.08202622968352168,0.23003542267607843,0.0005737101620176821
,,kuhn,scalar,46,12,12,residual,ok,belief,0.4674544409107929,0.30506884828209874,-0.5882050160068788
,,kuhn,scalar,46,12,12,jspace,ok,belief,0.5758976800758394,0.2305373701746505,9.968505532809147e-05
,,kuhn,scalar,47,12,12,residual,ok,belief,0.6416450951902446,0.6036998758713404,-3.8880680795932943
,,kuhn,scalar,47,12,12,jspace,ok,belief,-0.0825455536756969,0.2325047367999434,-0.0046509968494343745
,,kuhn,scalar,48,12,12,residual,ok,belief,0.6729882082496369,0.3063833581904571,-0.7090046616398702
,,kuhn,scalar,48,12,12,jspace,ok,belief,-0.43239026520109003,0.2305023444028171,-0.00020342101732007123
,,kuhn,scalar,49,12,12,residual,ok,belief,0.6530627755282298,0.2901836092273395,-0.6211427582978732
,,kuhn,scalar,49,12,12,jspace,ok,belief,-0.407838167937226,0.23029511926277987,-0.0020581282107332566
,,kuhn,scalar,50,12,12,residual,ok,belief,0.6834746907153166,0.3482597413162391,-0.9967869669730782
,,kuhn,scalar,50,12,12,jspace,ok,belief,0.22105247839212133,0.23051997366370316,6.599432596088306e-05
,,kuhn,scalar,51,12,12,residual,ok,belief,0.7366305516424356,0.3400553606450558,-0.8821926491037813
,,kuhn,scalar,51,12,12,jspace,ok,belief,0.1557656625971088,0.23055144354031598,4.571143658615995e-05
,,kuhn,scalar,52,12,12,residual,ok,belief,0.7239733592619826,0.2540117532014847,-0.31646811196227365
,,kuhn,scalar,52,12,12,jspace,ok,belief,-0.1658868367746434,0.2306766366359313,-0.00026380653844348956
,,kuhn,scalar,53,12,12,residual,ok,belief,0.7313630862585393,0.20019367287556333,0.006310389397522154
,,kuhn,scalar,53,12,12,jspace,ok,belief,0.00891182836103839,0.23047762930189505,2.632180301997966e-05
,,kuhn,scalar,54,12,12,residual,ok,belief,0.7202410204952634,0.16398124247789383,0.41853576848889085
,,kuhn,scalar,54,12,12,jspace,ok,belief,0.7019268626906454,0.2304253758855179,0.0003294929478242503
,,kuhn,scalar,55,12,12,residual,ok,belief,0.7114081074086818,0.2195696040987969,-0.12056000312587845
,,kuhn,scalar,55,12,12,jspace,ok,belief,0.528846717341278,0.2288854697419652,0.012725562916252708
,,kuhn,scalar,56,12,12,residual,ok,belief,0.7207562163514595,0.24314266244570418,-0.2506521871655887
,,kuhn,scalar,56,12,12,jspace,ok,belief,-0.04969716785927585,0.22993191945756886,-0.0009135234004640225
,,kuhn,scalar,57,12,12,residual,ok,belief,0.6929919171841519,0.22692848543326063,-0.1878878854817092
,,kuhn,scalar,57,12,12,jspace,ok,belief,0.03748260472641011,0.22969118003498604,0.0005595290787703266
,,kuhn,scalar,58,12,12,residual,ok,belief,0.6763848431396954,0.2910373700161775,-0.5865167251746612
,,kuhn,scalar,58,12,12,jspace,ok,belief,0.05405185247407143,0.2302673199030417,0.00024867901630321043
,,kuhn,scalar,59,12,12,residual,ok,belief,0.6629808090965551,0.2569138586521149,-0.3929787894699657
,,kuhn,scalar,59,12,12,jspace,ok,belief,0.10240547894286932,0.23008740223167243,0.0004966689843736161
,,kuhn,scalar,60,12,12,residual,ok,belief,0.7319235751627118,0.2520619034767151,-0.22896329848188834
,,kuhn,scalar,60,12,12,jspace,ok,belief,-0.09327928404140066,0.22957146477625434,-0.0005433048682126351
,,kuhn,scalar,61,12,12,residual,ok,belief,0.763680359495738,0.22347939535975456,0.05156143985446737
,,kuhn,scalar,61,12,12,jspace,ok,belief,-0.25295556682579134,0.23362508961397088,-0.020586028308274162
,,kuhn,scalar,62,12,12,residual,ok,belief,0.7268587074626917,0.18495547523101172,0.40022241889206644
,,kuhn,scalar,62,12,12,jspace,ok,belief,-0.16344300646738785,0.2302118521983346,-0.005047111812171323
,,kuhn,scalar,-1,12,12,output,ok,objective,0.7206865786803385,0.929014212389787,0.0956339654022843
,,kuhn,scalar,0,12,12,residual,ok,objective,0.858473755677369,3.7235602339108786,-8.810786502813071
,,kuhn,scalar,0,12,12,jspace,ok,objective,0.45677183813165123,1.0221726460827216,5.935632054598905e-05
,,kuhn,scalar,1,12,12,residual,ok,objective,0.8677025402274929,2.2538881103197737,-2.7913416777790014
,,kuhn,scalar,1,12,12,jspace,ok,objective,0.37694903003989116,1.0222358040820652,9.683652133385401e-06
,,kuhn,scalar,2,12,12,residual,ok,objective,0.8728275638939548,0.8555061007539431,0.30243328605995723
,,kuhn,scalar,2,12,12,jspace,ok,objective,0.049309876060845866,1.0217309897092866,8.350286886393832e-07
,,kuhn,scalar,3,12,12,residual,ok,objective,0.7600500859275792,1.0958648552497228,-0.23685434839538888
,,kuhn,scalar,3,12,12,jspace,ok,objective,-0.5126864584362101,1.0242740113147681,-2.6889171061972306e-05
,,kuhn,scalar,4,12,12,residual,ok,objective,0.7976496196451364,0.7603852247198422,0.371136637736839
,,kuhn,scalar,4,12,12,jspace,ok,objective,0.38820714489921027,1.0218652907584975,0.00041063856867840087
,,kuhn,scalar,5,12,12,residual,ok,objective,0.8118226627324311,1.2483529483278593,-0.41573241012660134
,,kuhn,scalar,5,12,12,jspace,ok,objective,-0.03145858373190241,1.0221290764807696,-4.098605694613511e-06
,,kuhn,scalar,6,12,12,residual,ok,objective,0.7709029719944429,2.4521040022373195,-3.657425346283879
,,kuhn,scalar,6,12,12,jspace,ok,objective,-0.08286146942558914,1.0222470010626237,-1.9438002071492377e-05
,,kuhn,scalar,7,12,12,residual,ok,objective,0.7128276298115725,1.389087893565496,-0.8345346609568052
,,kuhn,scalar,7,12,12,jspace,ok,objective,0.14272943849211323,1.0222339474443425,5.84269146719496e-06
,,kuhn,scalar,8,12,12,residual,ok,objective,0.7447588522310911,1.3295005142688752,-0.647058607236455
,,kuhn,scalar,8,12,12,jspace,ok,objective,-0.02838646010459951,1.0222262037646581,-6.105069028095045e-08
,,kuhn,scalar,9,12,12,residual,ok,objective,0.7311472775152228,1.1130539377530415,-0.1116332726218876
,,kuhn,scalar,9,12,12,jspace,ok,objective,-0.4699952268991212,1.0224474493598137,-5.29805763229696e-05
,,kuhn,scalar,10,12,12,residual,ok,objective,0.7169049802743571,2.733423272768657,-4.679620760688662
,,kuhn,scalar,10,12,12,jspace,ok,objective,0.4913759269236479,1.0222244031006333,1.5647972886112527e-05
,,kuhn,scalar,11,12,12,residual,ok,objective,0.5871631226510743,2.247807900110881,-3.1550649363051164
,,kuhn,scalar,11,12,12,jspace,ok,objective,0.11190463711419854,1.0221428407142878,1.658839839058235e-05
,,kuhn,scalar,12,12,12,residual,ok,objective,0.6769783398910677,0.7597672939300536,0.4055934216282018
,,kuhn,scalar,12,12,12,jspace,ok,objective,0.45777492712379275,1.0221794187712712,2.6394940869756134e-05
,,kuhn,scalar,13,12,12,residual,ok,objective,0.5681388955694407,2.215693538387616,-3.0808964654666404
,,kuhn,scalar,13,12,12,jspace,ok,objective,0.5204819590651799,1.0224423959581745,2.355721098445951e-05
,,kuhn,scalar,14,12,12,residual,ok,objective,0.6077562702264733,3.5526379148165383,-8.336940744311963
,,kuhn,scalar,14,12,12,jspace,ok,objective,0.410764397702896,1.0220106528117094,0.0001555843860571171
,,kuhn,scalar,15,12,12,residual,ok,objective,0.6306655932505596,2.0263463358084364,-2.438698974198362
,,kuhn,scalar,15,12,12,jspace,ok,objective,0.6977392717811316,1.0221400347650496,0.0003186326363501246
,,kuhn,scalar,16,12,12,residual,ok,objective,0.6234021596433852,0.7406519703567027,0.3241613558241323
,,kuhn,scalar,16,12,12,jspace,ok,objective,0.3362264773284436,1.02234773501709,0.00017812337726474947
,,kuhn,scalar,17,12,12,residual,ok,objective,0.6232155898740781,2.4182759722073874,-3.635705995472409
,,kuhn,scalar,17,12,12,jspace,ok,objective,0.14790254167975733,1.0222339008870789,2.7007649046062454e-06
,,kuhn,scalar,18,12,12,residual,ok,objective,0.5695041666742611,1.2004297176996865,-0.3342433453320184
,,kuhn,scalar,18,12,12,jspace,ok,objective,-0.03662009117641695,1.0222354993158196,-1.2392618164991376e-06
,,kuhn,scalar,19,12,12,residual,ok,objective,0.7447538958257873,0.6394128864010175,0.49362522202357983
,,kuhn,scalar,19,12,12,jspace,ok,objective,-0.11446904178445437,1.0222551424863089,-3.4362355965100733e-06
,,kuhn,scalar,20,12,12,residual,ok,objective,0.5279367382493163,4.4599794546763105,-13.435277319686648
,,kuhn,scalar,20,12,12,jspace,ok,objective,-0.6232155143848863,1.022232510532967,-2.1148441428975318e-05
,,kuhn,scalar,21,12,12,residual,ok,objective,0.4906807508132281,3.7676106691360474,-9.545062932900827
,,kuhn,scalar,21,12,12,jspace,ok,objective,-0.21091728140006114,1.022241833616241,-1.1671533332036077e-05
,,kuhn,scalar,22,12,12,residual,ok,objective,0.3944187254361355,3.7226838072141013,-9.385517701029341
,,kuhn,scalar,22,12,12,jspace,ok,objective,0.0741347915936802,1.0222069759299008,2.4344453530833476e-07
,,kuhn,scalar,23,12,12,residual,ok,objective,0.6083660582643622,5.590401887893677,-21.214281536815193
,,kuhn,scalar,23,12,12,jspace,ok,objective,-0.2995868717405287,1.023028549770691,-0.0003768105859942583
,,kuhn,scalar,24,12,12,residual,ok,objective,0.6762687504825823,2.2774767875671382,-3.2324371691545846
,,kuhn,scalar,24,12,12,jspace,ok,objective,0.5780566660630757,1.0225425631735885,1.2771139517697705e-05
,,kuhn,scalar,25,12,12,residual,ok,objective,0.645918862326355,1.1822848379611968,-0.1634467251401135
,,kuhn,scalar,25,12,12,jspace,ok,objective,0.5455356887269139,1.021032957256233,0.0010279784136553172
,,kuhn,scalar,26,12,12,residual,ok,objective,0.7539954150226859,1.0135071535905202,0.1482301324814519
,,kuhn,scalar,26,12,12,jspace,ok,objective,0.11237076367823089,1.0194873609348978,-4.417652297949992e-05
,,kuhn,scalar,27,12,12,residual,ok,objective,0.6305479260900931,1.877139210700989,-2.1964166934635525
,,kuhn,scalar,27,12,12,jspace,ok,objective,0.3548717433565341,1.0222039567402728,1.5072159187390355e-06
,,kuhn,scalar,28,12,12,residual,ok,objective,0.5848015515125614,0.8123534684379895,0.11218308136706223
,,kuhn,scalar,28,12,12,jspace,ok,objective,0.20829878940664864,1.025487522279989,-5.884402906208841e-05
,,kuhn,scalar,29,12,12,residual,ok,objective,0.5981935819768737,0.8712194224198658,-0.037418484237198735
,,kuhn,scalar,29,12,12,jspace,ok,objective,0.22877228748159598,1.022226238364957,8.566260598641406e-06
,,kuhn,scalar,30,12,12,residual,ok,objective,0.553216414423896,0.9565747241179149,-0.40318390967933615
,,kuhn,scalar,30,12,12,jspace,ok,objective,0.22862900702537228,1.0223146680710191,2.594532127808691e-06
,,kuhn,scalar,31,12,12,residual,ok,objective,0.35327993582495565,2.22902058561643,-3.298512916668086
,,kuhn,scalar,31,12,12,jspace,ok,objective,-0.14893226617369384,1.017900841919399,-0.00011603194216047719
,,kuhn,scalar,32,12,12,residual,ok,objective,0.6090169032559201,4.159512460231781,-11.621312931578645
,,kuhn,scalar,32,12,12,jspace,ok,objective,0.010176938318844773,1.022141500283903,1.0885379096992054e-06
,,kuhn,scalar,33,12,12,residual,ok,objective,0.7712441538606619,3.658933679262797,-8.741039964426156
,,kuhn,scalar,33,12,12,jspace,ok,objective,-0.04558772960054638,1.0268962845684328,-0.00013950086008596152
,,kuhn,scalar,34,12,12,residual,ok,objective,0.8103658122948065,3.5546164909998574,-8.13668731623504
,,kuhn,scalar,34,12,12,jspace,ok,objective,0.08871064197789326,1.022227048910371,1.4198595714720597e-06
,,kuhn,scalar,35,12,12,residual,ok,objective,0.7561059602856154,1.7036361758907634,-2.5238216106715092
,,kuhn,scalar,35,12,12,jspace,ok,objective,-0.2141614527534593,1.0223072248634038,-6.642574285509184e-06
,,kuhn,scalar,36,12,12,residual,ok,objective,0.7946895438832521,1.9616417114933329,-4.164271125401229
,,kuhn,scalar,36,12,12,jspace,ok,objective,0.10492557161208083,1.0221884256156535,6.913738342606557e-06
,,kuhn,scalar,37,12,12,residual,ok,objective,0.7985137021733618,1.7628806869188942,-3.4483152132621067
,,kuhn,scalar,37,12,12,jspace,ok,objective,0.35457960863861837,1.0222255476353026,1.5675156752381625e-05
,,kuhn,scalar,38,12,12,residual,ok,objective,0.7985005906312712,1.8874623472491903,-3.6776446803167024
,,kuhn,scalar,38,12,12,jspace,ok,objective,0.3497956764601634,1.0040597606160746,-0.002005897903950782
,,kuhn,scalar,39,12,12,residual,ok,objective,0.8552748334967357,1.1703985631465912,-0.8029109649927466
,,kuhn,scalar,39,12,12,jspace,ok,objective,0.2933614841697181,1.021454474586847,4.985622086373098e-05
,,kuhn,scalar,40,12,12,residual,ok,objective,0.8407981039446177,1.6260937477151554,-2.3564960341908243
,,kuhn,scalar,40,12,12,jspace,ok,objective,0.42632705263511245,1.0218670325621544,0.00014808064782567687
,,kuhn,scalar,41,12,12,residual,ok,objective,0.8585694014230502,1.539148479203383,-1.8890536715162467
,,kuhn,scalar,41,12,12,jspace,ok,objective,0.6637520411817394,1.0214420511520943,0.00018770669635925774
,,kuhn,scalar,42,12,12,residual,ok,objective,0.8447637981646654,1.1121322443087893,-0.4702837873351271
,,kuhn,scalar,42,12,12,jspace,ok,objective,0.8095604366764179,1.022081953277868,0.0004133233348243559
,,kuhn,scalar,43,12,12,residual,ok,objective,0.7625248390295899,2.789522230625153,-4.846885843873321
,,kuhn,scalar,43,12,12,jspace,ok,objective,-0.18742980786062627,1.0082649799576682,-0.007419859322611799
,,kuhn,scalar,44,12,12,residual,ok,objective,0.7384266486714932,2.160675625006358,-2.685348865180925
,,kuhn,scalar,44,12,12,jspace,ok,objective,0.149102819369283,1.0195256343638424,0.0008076447698079914
,,kuhn,scalar,45,12,12,residual,ok,objective,0.7662305998480872,1.6808878829081852,-1.4460082589164207
,,kuhn,scalar,45,12,12,jspace,ok,objective,0.027950469757350736,1.0210067994568537,0.00020957974232860277
,,kuhn,scalar,46,12,12,residual,ok,objective,0.7700995008351386,0.9270173028111457,0.2927245064590074
,,kuhn,scalar,46,12,12,jspace,ok,objective,0.38779230930025826,1.0222804281454243,9.234217321529847e-05
,,kuhn,scalar,47,12,12,residual,ok,objective,0.8091337440986544,2.1248144110043845,-2.4534598088195465
,,kuhn,scalar,47,12,12,jspace,ok,objective,0.21003186850438849,1.0162613695513045,0.006064633961962329
,,kuhn,scalar,48,12,12,residual,ok,objective,0.8043886210459655,1.5684399604797363,-1.1071875806792386
,,kuhn,scalar,48,12,12,jspace,ok,objective,0.5105632677087446,1.019321414849791,9.865592770685883e-05
,,kuhn,scalar,49,12,12,residual,ok,objective,0.8303505581807461,1.6539407124121983,-1.2464666592413858
,,kuhn,scalar,49,12,12,jspace,ok,objective,0.12129233130679896,1.017997121855249,0.0006685138656060685
,,kuhn,scalar,50,12,12,residual,ok,objective,0.847919909436635,2.0815211708347006,-2.3819932896060823
,,kuhn,scalar,50,12,12,jspace,ok,objective,0.563714677292905,1.0221805162633026,0.00023186593458701665
,,kuhn,scalar,51,12,12,residual,ok,objective,0.8252976157291623,1.8873044078548753,-1.9545901268209542
,,kuhn,scalar,51,12,12,jspace,ok,objective,0.4710686389693979,1.0221926320593224,0.0002860446317186627
,,kuhn,scalar,52,12,12,residual,ok,objective,0.8197822655927478,1.4252306068936982,-0.9304015080369357
,,kuhn,scalar,52,12,12,jspace,ok,objective,0.478780272101612,1.0218660541365214,0.0005063481315156215
,,kuhn,scalar,53,12,12,residual,ok,objective,0.8259373234272477,1.3835622092088062,-0.8096959762438141
,,kuhn,scalar,53,12,12,jspace,ok,objective,-0.14432866891008264,1.0228623620280686,-0.0005553169670036162
,,kuhn,scalar,54,12,12,residual,ok,objective,0.8395174594615182,1.2834215606252353,-0.5468261655333613
,,kuhn,scalar,54,12,12,jspace,ok,objective,0.7862628349990357,1.0224361592081086,0.0006716214883824012
,,kuhn,scalar,55,12,12,residual,ok,objective,0.8359574983517976,1.6494612507522106,-1.3990718866175742
,,kuhn,scalar,55,12,12,jspace,ok,objective,0.184087270957026,1.0211000247235347,0.0010376348524467893
,,kuhn,scalar,56,12,12,residual,ok,objective,0.835127334915289,1.693773443500201,-1.4927133690784165
,,kuhn,scalar,56,12,12,jspace,ok,objective,0.6025552458350346,1.022761284149287,0.0026758691207197094
,,kuhn,scalar,57,12,12,residual,ok,objective,0.839149935036885,1.674538140495618,-1.4064996470219047
,,kuhn,scalar,57,12,12,jspace,ok,objective,0.6516732728890685,1.0193939742986464,0.004803189422720289
,,kuhn,scalar,58,12,12,residual,ok,objective,0.8349474318145067,1.7994540358583135,-1.7151130995842436
,,kuhn,scalar,58,12,12,jspace,ok,objective,-0.11754906890948492,1.0223442148749753,-4.706457920589102e-05
,,kuhn,scalar,59,12,12,residual,ok,objective,0.8213161556149159,1.4990847826004028,-1.0304261085045439
,,kuhn,scalar,59,12,12,jspace,ok,objective,0.579093665266955,1.0217981450112392,0.0002773120784157479
,,kuhn,scalar,60,12,12,residual,ok,objective,0.8201818385221018,1.7764144365986192,-1.7495334251724755
,,kuhn,scalar,60,12,12,jspace,ok,objective,0.7281775423705932,1.022062595986388,0.0024053182446456267
,,kuhn,scalar,61,12,12,residual,ok,objective,0.8236675334827317,1.6114241165419418,-1.323305809210455
,,kuhn,scalar,61,12,12,jspace,ok,objective,0.702027664365048,1.0031487736475364,0.03829483352393703
,,kuhn,scalar,62,12,12,residual,ok,objective,0.8023686569692752,0.879297430316607,0.3739211721854414
,,kuhn,scalar,62,12,12,jspace,ok,objective,0.5593343547224207,1.0147022875999514,0.03096887122963743
,,kuhn,scalar,-1,12,12,output,ok,value_margin,0.6148947697021643,0.3722447276115417,0.028682665597236978
,,kuhn,scalar,0,12,12,residual,ok,value_margin,0.7585490006967457,0.4309818565845489,-0.3981011574422699
,,kuhn,scalar,0,12,12,jspace,ok,value_margin,0.036362264904898155,0.3666666947023984,4.24927114206497e-06
,,kuhn,scalar,1,12,12,residual,ok,value_margin,0.8775227332007156,1.2291020035743714,-7.241056841028351
,,kuhn,scalar,1,12,12,jspace,ok,value_margin,0.23854091171281694,0.36666482757251884,1.1068622437493403e-05
,,kuhn,scalar,2,12,12,residual,ok,value_margin,0.7243174865833094,1.3338806410630546,-8.825803779726302
,,kuhn,scalar,2,12,12,jspace,ok,value_margin,-0.02839631362954953,0.3666673464143322,-3.024521264549662e-07
,,kuhn,scalar,3,12,12,residual,ok,value_margin,0.759074102652112,0.3066993966698646,0.27310043740383927
,,kuhn,scalar,3,12,12,jspace,ok,value_margin,0.27148308137004995,0.36666627328918894,-1.327709586340653e-05
,,kuhn,scalar,4,12,12,residual,ok,value_margin,0.7461612843034611,1.9413813134034472,-19.22315967998965
,,kuhn,scalar,4,12,12,jspace,ok,value_margin,-0.6421515058196177,0.36675396579123315,-0.000521538312600045
,,kuhn,scalar,5,12,12,residual,ok,value_margin,0.7218703531250843,1.7087659915288291,-14.831999758481382
,,kuhn,scalar,5,12,12,jspace,ok,value_margin,0.35682855653226525,0.3666652378917523,8.47880022092351e-06
,,kuhn,scalar,6,12,12,residual,ok,value_margin,0.7277836746155598,1.0655822386344271,-5.491265426812129
,,kuhn,scalar,6,12,12,jspace,ok,value_margin,-0.26707690602710027,0.36667011768561375,-1.0211988910935332e-05
,,kuhn,scalar,7,12,12,residual,ok,value_margin,0.7213704740171605,1.3563164254029594,-9.198386264674776
,,kuhn,scalar,7,12,12,jspace,ok,value_margin,0.023910671859905586,0.3666665412144985,1.2103165218935175e-06
,,kuhn,scalar,8,12,12,residual,ok,value_margin,0.6868956157992951,1.0216861645380655,-5.042314582152344
,,kuhn,scalar,8,12,12,jspace,ok,value_margin,-0.4262109217958469,0.36666669318553996,-8.771785944272636e-07
,,kuhn,scalar,9,12,12,residual,ok,value_margin,0.8005381026377267,2.967368680238724,-45.47306417853349
,,kuhn,scalar,9,12,12,jspace,ok,value_margin,-0.6545852778939545,0.36668279037356794,-0.00013750152824498763
,,kuhn,scalar,10,12,12,residual,ok,value_margin,0.7958161804071626,3.0482187747955325,-48.0071745600005
,,kuhn,scalar,10,12,12,jspace,ok,value_margin,0.06972649021698298,0.36666669010763386,4.809432638808175e-07
,,kuhn,scalar,11,12,12,residual,ok,value_margin,0.7832378361648055,1.637230662504832,-13.434669187909858
,,kuhn,scalar,11,12,12,jspace,ok,value_margin,0.42108403407703565,0.3666646418876051,6.271761453291447e-06
,,kuhn,scalar,12,12,12,residual,ok,value_margin,0.7325964823716171,1.6214410841464997,-13.247141267964842
,,kuhn,scalar,12,12,12,jspace,ok,value_margin,0.37470557162561124,0.36665483707813423,0.00015137130178854985
,,kuhn,scalar,13,12,12,residual,ok,value_margin,0.6928843413283168,1.690871822834015,-14.489076292888864
,,kuhn,scalar,13,12,12,jspace,ok,value_margin,-0.3429592539629483,0.3666759745546595,-3.376955839695661e-05
,,kuhn,scalar,14,12,12,residual,ok,value_margin,0.7106026377912227,1.7358580311139427,-15.296116461110227
,,kuhn,scalar,14,12,12,jspace,ok,value_margin,0.042257876552657093,0.3666637091083762,2.90736664620983e-06
,,kuhn,scalar,15,12,12,residual,ok,value_margin,0.7215542895023842,0.9126735334595043,-3.848397277512132
,,kuhn,scalar,15,12,12,jspace,ok,value_margin,0.21014146218087412,0.36666669687340375,7.887432399988903e-06
,,kuhn,scalar,16,12,12,residual,ok,value_margin,0.7017173499382006,0.5033963690201442,-0.7477062636249427
,,kuhn,scalar,16,12,12,jspace,ok,value_margin,-0.4600948188801616,0.3666874458924036,-0.0001649905438327881
,,kuhn,scalar,17,12,12,residual,ok,value_margin,0.5753607725016832,0.4765333553155264,-0.640871009873023
,,kuhn,scalar,17,12,12,jspace,ok,value_margin,0.5658511373373272,0.3666662320529455,5.692251356048672e-06
,,kuhn,scalar,18,12,12,residual,ok,value_margin,0.5254255275221793,0.5336744134624799,-0.9771649906121931
,,kuhn,scalar,18,12,12,jspace,ok,value_margin,0.6234195802527188,0.366631694213808,0.00032406874018153786
,,kuhn,scalar,19,12,12,residual,ok,value_margin,0.5335817856760728,0.38616853356361386,-0.09023898309796285
,,kuhn,scalar,19,12,12,jspace,ok,value_margin,0.5440676128920919,0.3666587206173901,3.07928878597874e-05
,,kuhn,scalar,20,12,12,residual,ok,value_margin,0.2319498469414375,0.5828462362289429,-1.5560632228018259
,,kuhn,scalar,20,12,12,jspace,ok,value_margin,-0.3798020929873242,0.36667054131548027,-2.11617642171813e-05
,,kuhn,scalar,21,12,12,residual,ok,value_margin,-0.0408127955051643,0.3790638412038485,-0.4951354386573612
,,kuhn,scalar,21,12,12,jspace,ok,value_margin,-0.37219804021214953,0.3666722872797768,-2.760297950232804e-05
,,kuhn,scalar,22,12,12,residual,ok,value_margin,-0.03719177413168894,0.5346629699071249,-0.966920701540726
,,kuhn,scalar,22,12,12,jspace,ok,value_margin,-0.363123705232684,0.36666684353199225,-1.170036713737943e-06
,,kuhn,scalar,23,12,12,residual,ok,value_margin,-0.032171998850609375,0.9668498078982034,-4.8463910005276185
,,kuhn,scalar,23,12,12,jspace,ok,value_margin,0.32675904100190073,0.36662787893712995,0.0003530718698183666
,,kuhn,scalar,24,12,12,residual,ok,value_margin,-0.0784644769637234,1.4850334048271179,-11.60947010431228
,,kuhn,scalar,24,12,12,jspace,ok,value_margin,0.06867838112289525,0.3666662645791156,5.88364046816281e-07
,,kuhn,scalar,25,12,12,residual,ok,value_margin,-0.03180160654953629,0.940658990542094,-4.64795403615833
,,kuhn,scalar,25,12,12,jspace,ok,value_margin,-0.037684519118354805,0.3667422546170211,-4.465960304500527e-05
,,kuhn,scalar,26,12,12,residual,ok,value_margin,-0.09484175854151558,1.3378495494524636,-9.456643392959963
,,kuhn,scalar,26,12,12,jspace,ok,value_margin,0.05535996685951,0.36666707574641344,-2.6907098451989242e-05
,,kuhn,scalar,27,12,12,residual,ok,value_margin,0.1227840510266884,1.4087407509485879,-10.365965623737956
,,kuhn,scalar,27,12,12,jspace,ok,value_margin,0.46005131018170753,0.3666655884265191,5.2686825317005415e-06
,,kuhn,scalar,28,12,12,residual,ok,value_margin,0.3118466060359146,0.796061658859253,-3.0343835321840897
,,kuhn,scalar,28,12,12,jspace,ok,value_margin,0.5880244584124341,0.36665506874197656,4.401262835418418e-05
,,kuhn,scalar,29,12,12,residual,ok,value_margin,0.5480465319052024,0.6066672841707865,-1.5059509562384021
,,kuhn,scalar,29,12,12,jspace,ok,value_margin,-0.05578612288960203,0.36666645437067796,-5.781140085758807e-06
,,kuhn,scalar,30,12,12,residual,ok,value_margin,0.6177249555486833,0.837056330839793,-3.374947533070155
,,kuhn,scalar,30,12,12,jspace,ok,value_margin,0.15870506304448254,0.3666665952621128,8.488780153248499e-07
,,kuhn,scalar,31,12,12,residual,ok,value_margin,0.7345270368920996,0.6086472411950429,-1.42881748564769
,,kuhn,scalar,31,12,12,jspace,ok,value_margin,0.10952477816949356,0.3666668971226014,-0.000133449777768746
,,kuhn,scalar,32,12,12,residual,ok,value_margin,0.8013925706707639,0.7081858138243358,-2.19894694454464
,,kuhn,scalar,32,12,12,jspace,ok,value_margin,0.2666446929070795,0.366666426990711,2.8409183712496677e-05
,,kuhn,scalar,33,12,12,residual,ok,value_margin,0.7992058791721526,0.9301116784413656,-3.999365054929707
,,kuhn,scalar,33,12,12,jspace,ok,value_margin,-0.42049138216018256,0.36666869719338263,-6.369338704836913e-05
,,kuhn,scalar,34,12,12,residual,ok,value_margin,0.8310527699436759,0.9349248131116231,-3.9690228350012866
,,kuhn,scalar,34,12,12,jspace,ok,value_margin,-0.2948499087980161,0.3666686456520715,-1.0752810448488859e-05
,,kuhn,scalar,35,12,12,residual,ok,value_margin,0.807258875217695,0.3959507862726847,-0.17136424677691653
,,kuhn,scalar,35,12,12,jspace,ok,value_margin,0.5448008839318728,0.36666387237296,1.1925250074651395e-05
,,kuhn,scalar,36,12,12,residual,ok,value_margin,0.8250463944736323,0.23117121458053588,0.44770642164058927
,,kuhn,scalar,36,12,12,jspace,ok,value_margin,0.2818990256942529,0.3666620493717276,1.3578793320978555e-05
,,kuhn,scalar,37,12,12,residual,ok,value_margin,0.8006624633962448,0.21819678097963333,0.6257060688401408
,,kuhn,scalar,37,12,12,jspace,ok,value_margin,0.29454002562772647,0.3666621737018341,2.5049872966476094e-05
,,kuhn,scalar,38,12,12,residual,ok,value_margin,0.8217687957140163,0.5879515727361043,-1.141532840258967
,,kuhn,scalar,38,12,12,jspace,ok,value_margin,0.14181309064507786,0.3666624373058715,-0.0002940890617844083
,,kuhn,scalar,39,12,12,residual,ok,value_margin,0.8144096970314321,0.27668922841548915,0.3721732441960047
,,kuhn,scalar,39,12,12,jspace,ok,value_margin,0.16777800136266371,0.36666272108999126,1.780392978334433e-05
,,kuhn,scalar,40,12,12,residual,ok,value_margin,0.7958710001848777,0.23700647652149195,0.4450503734328721
,,kuhn,scalar,40,12,12,jspace,ok,value_margin,0.44971278979652324,0.36662816470306314,0.00015328352409194057
,,kuhn,scalar,41,12,12,residual,ok,value_margin,0.8111538383819998,0.24333842247724533,0.6057500261207334
,,kuhn,scalar,41,12,12,jspace,ok,value_margin,0.36594798178467186,0.36664346562929206,7.738905506970983e-05
,,kuhn,scalar,42,12,12,residual,ok,value_margin,0.8103014087010534,0.45387220084667207,-0.3801720629000782
,,kuhn,scalar,42,12,12,jspace,ok,value_margin,0.5829198653382323,0.3665803360939693,0.0003246445515826535
,,kuhn,scalar,43,12,12,residual,ok,value_margin,0.7750827400653786,0.40891325970490766,-0.26789177583691726
,,kuhn,scalar,43,12,12,jspace,ok,value_margin,-0.018774185621122975,0.3674422599253067,-0.0015144034633776116
,,kuhn,scalar,44,12,12,residual,ok,value_margin,0.7922649464352494,0.2596910953521729,0.4585749472218654
,,kuhn,scalar,44,12,12,jspace,ok,value_margin,0.20813591565805095,0.36657132269548476,0.0003924199317675292
,,kuhn,scalar,45,12,12,residual,ok,value_margin,0.7891425299063703,0.2711493040124575,0.3601617202039086
,,kuhn,scalar,45,12,12,jspace,ok,value_margin,0.06413075020244467,0.36652457363445423,0.0003195061343189698
,,kuhn,scalar,46,12,12,residual,ok,value_margin,0.7782349693799628,0.43887113481760026,-0.30573588352523706
,,kuhn,scalar,46,12,12,jspace,ok,value_margin,0.7467680727834506,0.3665868534565559,0.0003353899058964327
,,kuhn,scalar,47,12,12,residual,ok,value_margin,0.7400562489961469,0.27533868451913196,0.4699000779401383
,,kuhn,scalar,47,12,12,jspace,ok,value_margin,-0.15896759404518673,0.3667487878216987,-0.00024393543456846523
,,kuhn,scalar,48,12,12,residual,ok,value_margin,0.8371515345402202,0.22182453622420625,0.6305901475380807
,,kuhn,scalar,48,12,12,jspace,ok,value_margin,0.5938335548481501,0.3665933792024483,0.0002686279962699212
,,kuhn,scalar,49,12,12,residual,ok,value_margin,0.8775613236401855,0.18418421794970827,0.7226689768769285
,,kuhn,scalar,49,12,12,jspace,ok,value_margin,-0.18879914683789367,0.36694365438897303,-0.0026445368075405096
,,kuhn,scalar,50,12,12,residual,ok,value_margin,0.8838271859954898,0.1817372033993403,0.6984894630897127
,,kuhn,scalar,50,12,12,jspace,ok,value_margin,0.6554470713755804,0.36653978084949096,0.00048472326630022433
,,kuhn,scalar,51,12,12,residual,ok,value_margin,0.884280047775875,0.2382697363694509,0.6302617790962338
,,kuhn,scalar,51,12,12,jspace,ok,value_margin,0.46383348647610956,0.36658797585770025,0.00036051444650331277
,,kuhn,scalar,52,12,12,residual,ok,value_margin,0.8783924716620057,0.18962594866752625,0.6585548382992756
,,kuhn,scalar,52,12,12,jspace,ok,value_margin,0.5088007791774635,0.3661257788562969,0.0021882098866693456
,,kuhn,scalar,53,12,12,residual,ok,value_margin,0.8526906824035371,0.20575596143802008,0.618670432218728
,,kuhn,scalar,53,12,12,jspace,ok,value_margin,0.3477920983842843,0.36521869262396006,0.004224902296145916
,,kuhn,scalar,54,12,12,residual,ok,value_margin,0.8429043873295231,0.26763624747594195,0.5067240928065366
,,kuhn,scalar,54,12,12,jspace,ok,value_margin,0.6555174155276013,0.3665147041559092,0.000599497629562018
,,kuhn,scalar,55,12,12,residual,ok,value_margin,0.8636374701094665,0.25080556968847906,0.5446874041927988
,,kuhn,scalar,55,12,12,jspace,ok,value_margin,0.7734456833349306,0.36267145819857466,0.018495314309656896
,,kuhn,scalar,56,12,12,residual,ok,value_margin,0.8748397830029616,0.20664942562580105,0.6388259711722798
,,kuhn,scalar,56,12,12,jspace,ok,value_margin,0.6371273199748427,0.3652648335882637,0.005305307793709302
,,kuhn,scalar,57,12,12,residual,ok,value_margin,0.8536648755906283,0.2218491713205973,0.5978671557837623
,,kuhn,scalar,57,12,12,jspace,ok,value_margin,0.5148284034501769,0.3655863576546768,0.003987103379723522
,,kuhn,scalar,58,12,12,residual,ok,value_margin,0.8723499345478813,0.22550412217775975,0.594837548937861
,,kuhn,scalar,58,12,12,jspace,ok,value_margin,0.5696470743966772,0.3659778930541453,0.002392993889298145
,,kuhn,scalar,59,12,12,residual,ok,value_margin,0.832002932831906,0.25995897899071374,0.38383015713003243
,,kuhn,scalar,59,12,12,jspace,ok,value_margin,0.359726843024991,0.36615108043661587,0.0015145768027143847
,,kuhn,scalar,60,12,12,residual,ok,value_margin,0.8470609901122219,0.29192652006944014,0.3969221886290256
,,kuhn,scalar,60,12,12,jspace,ok,value_margin,0.45302991047943414,0.36620144278705546,0.001226904290882791
,,kuhn,scalar,61,12,12,residual,ok,value_margin,0.821872861458511,0.3365619411071141,0.2051688030925075
,,kuhn,scalar,61,12,12,jspace,ok,value_margin,0.2730227513498922,0.35218761814772503,0.04329942873832637
,,kuhn,scalar,62,12,12,residual,ok,value_margin,0.7591032608010113,0.309662190079689,0.12292726874980531
,,kuhn,scalar,62,12,12,jspace,ok,value_margin,0.517598018358424,0.3470384641588005,0.06072406768291394
0.16666666666666666,0.16666666666666666,cheap_talk,categorical,-1,12,12,output,ok,private_state,,,
0.25,0.25,cheap_talk,categorical,0,12,12,residual,ok,private_state,,,
0.16666666666666666,0.16666666666666666,cheap_talk,categorical,0,12,12,jspace,ok,private_state,,,
0.16666666666666666,0.16666666666666666,cheap_talk,categorical,1,12,12,residual,ok,private_state,,,
0.25,0.25,cheap_talk,categorical,1,12,12,jspace,ok,private_state,,,
0.16666666666666666,0.16666666666666666,cheap_talk,categorical,2,12,12,residual,ok,private_state,,,
0.25,0.25,cheap_talk,categorical,2,12,12,jspace,ok,private_state,,,
0.5,0.5,cheap_talk,categorical,3,12,12,residual,ok,private_state,,,
0.25,0.25,cheap_talk,categorical,3,12,12,jspace,ok,private_state,,,
0.16666666666666666,0.16666666666666666,cheap_talk,categorical,4,12,12,residual,ok,private_state,,,
0.16666666666666666,0.16666666666666666,cheap_talk,categorical,4,12,12,jspace,ok,private_state,,,
0.16666666666666666,0.16666666666666666,cheap_talk,categorical,5,12,12,residual,ok,private_state,,,
0.16666666666666666,0.16666666666666666,cheap_talk,categorical,5,12,12,jspace,ok,private_state,,,
0.16666666666666666,0.16666666666666666,cheap_talk,categorical,6,12,12,residual,ok,private_state,,,
0.16666666666666666,0.16666666666666666,cheap_talk,categorical,6,12,12,jspace,ok,private_state,,,
0.16666666666666666,0.16666666666666666,cheap_talk,categorical,7,12,12,residual,ok,private_state,,,
0.16666666666666666,0.16666666666666666,cheap_talk,categorical,7,12,12,jspace,ok,private_state,,,
0.16666666666666666,0.16666666666666666,cheap_talk,categorical,8,12,12,residual,ok,private_state,,,
0.16666666666666666,0.16666666666666666,cheap_talk,categorical,8,12,12,jspace,ok,private_state,,,
0.16666666666666666,0.16666666666666666,cheap_talk,categorical,9,12,12,residual,ok,private_state,,,
0.16666666666666666,0.16666666666666666,cheap_talk,categorical,9,12,12,jspace,ok,private_state,,,
0.16666666666666666,0.16666666666666666,cheap_talk,categorical,10,12,12,residual,ok,private_state,,,
0.16666666666666666,0.16666666666666666,cheap_talk,categorical,10,12,12,jspace,ok,private_state,,,
0.3333333333333333,0.3333333333333333,cheap_talk,categorical,11,12,12,residual,ok,private_state,,,
0.16666666666666666,0.16666666666666666,cheap_talk,categorical,11,12,12,jspace,ok,private_state,,,
0.16666666666666666,0.16666666666666666,cheap_talk,categorical,12,12,12,residual,ok,private_state,,,
0.08333333333333333,0.08333333333333333,cheap_talk,categorical,12,12,12,jspace,ok,private_state,,,
0.16666666666666666,0.16666666666666666,cheap_talk,categorical,13,12,12,residual,ok,private_state,,,
0.16666666666666666,0.16666666666666666,cheap_talk,categorical,13,12,12,jspace,ok,private_state,,,
0.3333333333333333,0.3333333333333333,cheap_talk,categorical,14,12,12,residual,ok,private_state,,,
0.16666666666666666,0.16666666666666666,cheap_talk,categorical,14,12,12,jspace,ok,private_state,,,
0.16666666666666666,0.16666666666666666,cheap_talk,categorical,15,12,12,residual,ok,private_state,,,
0.16666666666666666,0.16666666666666666,cheap_talk,categorical,15,12,12,jspace,ok,private_state,,,
0.3333333333333333,0.3333333333333333,cheap_talk,categorical,16,12,12,residual,ok,private_state,,,
0.16666666666666666,0.16666666666666666,cheap_talk,categorical,16,12,12,jspace,ok,private_state,,,
0.16666666666666666,0.16666666666666666,cheap_talk,categorical,17,12,12,residual,ok,private_state,,,
0.16666666666666666,0.16666666666666666,cheap_talk,categorical,17,12,12,jspace,ok,private_state,,,
0.16666666666666666,0.16666666666666666,cheap_talk,categorical,18,12,12,residual,ok,private_state,,,
0.3333333333333333,0.3333333333333333,cheap_talk,categorical,18,12,12,jspace,ok,private_state,,,
0.16666666666666666,0.16666666666666666,cheap_talk,categorical,19,12,12,residual,ok,private_state,,,
0.16666666666666666,0.16666666666666666,cheap_talk,categorical,19,12,12,jspace,ok,private_state,,,
0.3333333333333333,0.3333333333333333,cheap_talk,categorical,20,12,12,residual,ok,private_state,,,
0.25,0.25,cheap_talk,categorical,20,12,12,jspace,ok,private_state,,,
0.3333333333333333,0.3333333333333333,cheap_talk,categorical,21,12,12,residual,ok,private_state,,,
0.16666666666666666,0.16666666666666666,cheap_talk,categorical,21,12,12,jspace,ok,private_state,,,
0.16666666666666666,0.16666666666666666,cheap_talk,categorical,22,12,12,residual,ok,private_state,,,
0.08333333333333333,0.08333333333333333,cheap_talk,categorical,22,12,12,jspace,ok,private_state,,,
0.16666666666666666,0.16666666666666666,cheap_talk,categorical,23,12,12,residual,ok,private_state,,,
0.25,0.25,cheap_talk,categorical,23,12,12,jspace,ok,private_state,,,
0.16666666666666666,0.16666666666666666,cheap_talk,categorical,24,12,12,residual,ok,private_state,,,
0.16666666666666666,0.16666666666666666,cheap_talk,categorical,24,12,12,jspace,ok,private_state,,,
0.16666666666666666,0.16666666666666666,cheap_talk,categorical,25,12,12,residual,ok,private_state,,,
0.25,0.25,cheap_talk,categorical,25,12,12,jspace,ok,private_state,,,
0.16666666666666666,0.16666666666666666,cheap_talk,categorical,26,12,12,residual,ok,private_state,,,
0.16666666666666666,0.16666666666666666,cheap_talk,categorical,26,12,12,jspace,ok,private_state,,,
0.16666666666666666,0.16666666666666666,cheap_talk,categorical,27,12,12,residual,ok,private_state,,,
0.16666666666666666,0.16666666666666666,cheap_talk,categorical,27,12,12,jspace,ok,private_state,,,
0.16666666666666666,0.16666666666666666,cheap_talk,categorical,28,12,12,residual,ok,private_state,,,
0.16666666666666666,0.16666666666666666,cheap_talk,categorical,28,12,12,jspace,ok,private_state,,,
0.16666666666666666,0.16666666666666666,cheap_talk,categorical,29,12,12,residual,ok,private_state,,,
0.25,0.25,cheap_talk,categorical,29,12,12,jspace,ok,private_state,,,
0.16666666666666666,0.16666666666666666,cheap_talk,categorical,30,12,12,residual,ok,private_state,,,
0.3333333333333333,0.3333333333333333,cheap_talk,categorical,30,12,12,jspace,ok,private_state,,,
0.25,0.25,cheap_talk,categorical,31,12,12,residual,ok,private_state,,,
0.16666666666666666,0.16666666666666666,cheap_talk,categorical,31,12,12,jspace,ok,private_state,,,
0.16666666666666666,0.16666666666666666,cheap_talk,categorical,32,12,12,residual,ok,private_state,,,
0.16666666666666666,0.16666666666666666,cheap_talk,categorical,32,12,12,jspace,ok,private_state,,,
0.16666666666666666,0.16666666666666666,cheap_talk,categorical,33,12,12,residual,ok,private_state,,,
0.25,0.25,cheap_talk,categorical,33,12,12,jspace,ok,private_state,,,
0.3333333333333333,0.3333333333333333,cheap_talk,categorical,34,12,12,residual,ok,private_state,,,
0.16666666666666666,0.16666666666666666,cheap_talk,categorical,34,12,12,jspace,ok,private_state,,,
0.3333333333333333,0.3333333333333333,cheap_talk,categorical,35,12,12,residual,ok,private_state,,,
0.4166666666666667,0.4166666666666667,cheap_talk,categorical,35,12,12,jspace,ok,private_state,,,
0.3333333333333333,0.3333333333333333,cheap_talk,categorical,36,12,12,residual,ok,private_state,,,
0.16666666666666666,0.16666666666666666,cheap_talk,categorical,36,12,12,jspace,ok,private_state,,,
0.3333333333333333,0.3333333333333333,cheap_talk,categorical,37,12,12,residual,ok,private_state,,,
0.16666666666666666,0.16666666666666666,cheap_talk,categorical,37,12,12,jspace,ok,private_state,,,
0.4166666666666667,0.4166666666666667,cheap_talk,categorical,38,12,12,residual,ok,private_state,,,
0.25,0.25,cheap_talk,categorical,38,12,12,jspace,ok,private_state,,,
0.3333333333333333,0.3333333333333333,cheap_talk,categorical,39,12,12,residual,ok,private_state,,,
0.16666666666666666,0.16666666666666666,cheap_talk,categorical,39,12,12,jspace,ok,private_state,,,
0.3333333333333333,0.3333333333333333,cheap_talk,categorical,40,12,12,residual,ok,private_state,,,
0.25,0.25,cheap_talk,categorical,40,12,12,jspace,ok,private_state,,,
0.4166666666666667,0.4166666666666667,cheap_talk,categorical,41,12,12,residual,ok,private_state,,,
0.16666666666666666,0.16666666666666666,cheap_talk,categorical,41,12,12,jspace,ok,private_state,,,
0.4166666666666667,0.4166666666666667,cheap_talk,categorical,42,12,12,residual,ok,private_state,,,
0.3333333333333333,0.3333333333333333,cheap_talk,categorical,42,12,12,jspace,ok,private_state,,,
0.5,0.5,cheap_talk,categorical,43,12,12,residual,ok,private_state,,,
0.16666666666666666,0.16666666666666666,cheap_talk,categorical,43,12,12,jspace,ok,private_state,,,
0.3333333333333333,0.3333333333333333,cheap_talk,categorical,44,12,12,residual,ok,private_state,,,
0.4166666666666667,0.4166666666666667,cheap_talk,categorical,44,12,12,jspace,ok,private_state,,,
0.25,0.25,cheap_talk,categorical,45,12,12,residual,ok,private_state,,,
0.16666666666666666,0.16666666666666666,cheap_talk,categorical,45,12,12,jspace,ok,private_state,,,
0.25,0.25,cheap_talk,categorical,46,12,12,residual,ok,private_state,,,
0.16666666666666666,0.16666666666666666,cheap_talk,categorical,46,12,12,jspace,ok,private_state,,,
0.25,0.25,cheap_talk,categorical,47,12,12,residual,ok,private_state,,,
0.16666666666666666,0.16666666666666666,cheap_talk,categorical,47,12,12,jspace,ok,private_state,,,
0.25,0.25,cheap_talk,categorical,48,12,12,residual,ok,private_state,,,
0.08333333333333333,0.08333333333333333,cheap_talk,categorical,48,12,12,jspace,ok,private_state,,,
0.25,0.25,cheap_talk,categorical,49,12,12,residual,ok,private_state,,,
0.16666666666666666,0.16666666666666666,cheap_talk,categorical,49,12,12,jspace,ok,private_state,,,
0.3333333333333333,0.3333333333333333,cheap_talk,categorical,50,12,12,residual,ok,private_state,,,
0.25,0.25,cheap_talk,categorical,50,12,12,jspace,ok,private_state,,,
0.25,0.25,cheap_talk,categorical,51,12,12,residual,ok,private_state,,,
0.25,0.25,cheap_talk,categorical,51,12,12,jspace,ok,private_state,,,
0.25,0.25,cheap_talk,categorical,52,12,12,residual,ok,private_state,,,
0.16666666666666666,0.16666666666666666,cheap_talk,categorical,52,12,12,jspace,ok,private_state,,,
0.25,0.25,cheap_talk,categorical,53,12,12,residual,ok,private_state,,,
0.25,0.25,cheap_talk,categorical,53,12,12,jspace,ok,private_state,,,
0.25,0.25,cheap_talk,categorical,54,12,12,residual,ok,private_state,,,
0.16666666666666666,0.16666666666666666,cheap_talk,categorical,54,12,12,jspace,ok,private_state,,,
0.25,0.25,cheap_talk,categorical,55,12,12,residual,ok,private_state,,,
0.16666666666666666,0.16666666666666666,cheap_talk,categorical,55,12,12,jspace,ok,private_state,,,
0.3333333333333333,0.3333333333333333,cheap_talk,categorical,56,12,12,residual,ok,private_state,,,
0.16666666666666666,0.16666666666666666,cheap_talk,categorical,56,12,12,jspace,ok,private_state,,,
0.25,0.25,cheap_talk,categorical,57,12,12,residual,ok,private_state,,,
0.16666666666666666,0.16666666666666666,cheap_talk,categorical,57,12,12,jspace,ok,private_state,,,
0.25,0.25,cheap_talk,categorical,58,12,12,residual,ok,private_state,,,
0.16666666666666666,0.16666666666666666,cheap_talk,categorical,58,12,12,jspace,ok,private_state,,,
0.25,0.25,cheap_talk,categorical,59,12,12,residual,ok,private_state,,,
0.16666666666666666,0.16666666666666666,cheap_talk,categorical,59,12,12,jspace,ok,private_state,,,
0.25,0.25,cheap_talk,categorical,60,12,12,residual,ok,private_state,,,
0.16666666666666666,0.16666666666666666,cheap_talk,categorical,60,12,12,jspace,ok,private_state,,,
0.25,0.25,cheap_talk,categorical,61,12,12,residual,ok,private_state,,,
0.25,0.25,cheap_talk,categorical,61,12,12,jspace,ok,private_state,,,
0.16666666666666666,0.16666666666666666,cheap_talk,categorical,62,12,12,residual,ok,private_state,,,
0.3333333333333333,0.3333333333333333,cheap_talk,categorical,62,12,12,jspace,ok,private_state,,,
0.75,0.5,cheap_talk,categorical,-1,12,12,output,ok,strategy,,,
0.75,0.7222222222222222,cheap_talk,categorical,0,12,12,residual,ok,strategy,,,
0.75,0.5,cheap_talk,categorical,0,12,12,jspace,ok,strategy,,,
0.6666666666666666,0.4444444444444444,cheap_talk,categorical,1,12,12,residual,ok,strategy,,,
0.75,0.5,cheap_talk,categorical,1,12,12,jspace,ok,strategy,,,
0.75,0.5,cheap_talk,categorical,2,12,12,residual,ok,strategy,,,
0.75,0.5,cheap_talk,categorical,2,12,12,jspace,ok,strategy,,,
0.75,0.5,cheap_talk,categorical,3,12,12,residual,ok,strategy,,,
0.75,0.5,cheap_talk,categorical,3,12,12,jspace,ok,strategy,,,
0.8333333333333334,0.6666666666666666,cheap_talk,categorical,4,12,12,residual,ok,strategy,,,
0.75,0.5,cheap_talk,categorical,4,12,12,jspace,ok,strategy,,,
0.25,0.5,cheap_talk,categorical,5,12,12,residual,ok,strategy,,,
0.75,0.5,cheap_talk,categorical,5,12,12,jspace,ok,strategy,,,
0.25,0.38888888888888884,cheap_talk,categorical,6,12,12,residual,ok,strategy,,,
0.75,0.5,cheap_talk,categorical,6,12,12,jspace,ok,strategy,,,
0.25,0.5,cheap_talk,categorical,7,12,12,residual,ok,strategy,,,
0.75,0.5,cheap_talk,categorical,7,12,12,jspace,ok,strategy,,,
0.25,0.5,cheap_talk,categorical,8,12,12,residual,ok,strategy,,,
0.75,0.5,cheap_talk,categorical,8,12,12,jspace,ok,strategy,,,
0.25,0.5,cheap_talk,categorical,9,12,12,residual,ok,strategy,,,
0.75,0.5,cheap_talk,categorical,9,12,12,jspace,ok,strategy,,,
0.25,0.5,cheap_talk,categorical,10,12,12,residual,ok,strategy,,,
0.75,0.5,cheap_talk,categorical,10,12,12,jspace,ok,strategy,,,
0.25,0.5,cheap_talk,categorical,11,12,12,residual,ok,strategy,,,
0.75,0.5,cheap_talk,categorical,11,12,12,jspace,ok,strategy,,,
0.25,0.5,cheap_talk,categorical,12,12,12,residual,ok,strategy,,,
0.75,0.5,cheap_talk,categorical,12,12,12,jspace,ok,strategy,,,
0.6666666666666666,0.6666666666666666,cheap_talk,categorical,13,12,12,residual,ok,strategy,,,
0.75,0.5,cheap_talk,categorical,13,12,12,jspace,ok,strategy,,,
0.75,0.5,cheap_talk,categorical,14,12,12,residual,ok,strategy,,,
0.75,0.5,cheap_talk,categorical,14,12,12,jspace,ok,strategy,,,
0.75,0.5,cheap_talk,categorical,15,12,12,residual,ok,strategy,,,
0.75,0.5,cheap_talk,categorical,15,12,12,jspace,ok,strategy,,,
0.75,0.5,cheap_talk,categorical,16,12,12,residual,ok,strategy,,,
0.75,0.5,cheap_talk,categorical,16,12,12,jspace,ok,strategy,,,
0.75,0.5,cheap_talk,categorical,17,12,12,residual,ok,strategy,,,
0.75,0.5,cheap_talk,categorical,17,12,12,jspace,ok,strategy,,,
0.75,0.5,cheap_talk,categorical,18,12,12,residual,ok,strategy,,,
0.75,0.5,cheap_talk,categorical,18,12,12,jspace,ok,strategy,,,
0.6666666666666666,0.5555555555555556,cheap_talk,categorical,19,12,12,residual,ok,strategy,,,
0.75,0.5,cheap_talk,categorical,19,12,12,jspace,ok,strategy,,,
0.6666666666666666,0.7777777777777778,cheap_talk,categorical,20,12,12,residual,ok,strategy,,,
0.75,0.5,cheap_talk,categorical,20,12,12,jspace,ok,strategy,,,
0.25,0.5,cheap_talk,categorical,21,12,12,residual,ok,strategy,,,
0.75,0.5,cheap_talk,categorical,21,12,12,jspace,ok,strategy,,,
0.25,0.5,cheap_talk,categorical,22,12,12,residual,ok,strategy,,,
0.75,0.5,cheap_talk,categorical,22,12,12,jspace,ok,strategy,,,
0.75,0.5,cheap_talk,categorical,23,12,12,residual,ok,strategy,,,
0.75,0.5,cheap_talk,categorical,23,12,12,jspace,ok,strategy,,,
0.75,0.5,cheap_talk,categorical,24,12,12,residual,ok,strategy,,,
0.75,0.5,cheap_talk,categorical,24,12,12,jspace,ok,strategy,,,
0.75,0.5,cheap_talk,categorical,25,12,12,residual,ok,strategy,,,
0.75,0.5,cheap_talk,categorical,25,12,12,jspace,ok,strategy,,,
0.25,0.5,cheap_talk,categorical,26,12,12,residual,ok,strategy,,,
0.75,0.5,cheap_talk,categorical,26,12,12,jspace,ok,strategy,,,
0.25,0.5,cheap_talk,categorical,27,12,12,residual,ok,strategy,,,
0.75,0.5,cheap_talk,categorical,27,12,12,jspace,ok,strategy,,,
0.25,0.5,cheap_talk,categorical,28,12,12,residual,ok,strategy,,,
0.75,0.5,cheap_talk,categorical,28,12,12,jspace,ok,strategy,,,
0.25,0.5,cheap_talk,categorical,29,12,12,residual,ok,strategy,,,
0.75,0.5,cheap_talk,categorical,29,12,12,jspace,ok,strategy,,,
0.25,0.5,cheap_talk,categorical,30,12,12,residual,ok,strategy,,,
0.75,0.5,cheap_talk,categorical,30,12,12,jspace,ok,strategy,,,
0.25,0.5,cheap_talk,categorical,31,12,12,residual,ok,strategy,,,
0.75,0.5,cheap_talk,categorical,31,12,12,jspace,ok,strategy,,,
0.25,0.5,cheap_talk,categorical,32,12,12,residual,ok,strategy,,,
0.75,0.5,cheap_talk,categorical,32,12,12,jspace,ok,strategy,,,
0.3333333333333333,0.5555555555555556,cheap_talk,categorical,33,12,12,residual,ok,strategy,,,
0.75,0.5,cheap_talk,categorical,33,12,12,jspace,ok,strategy,,,
0.75,0.8333333333333333,cheap_talk,categorical,34,12,12,residual,ok,strategy,,,
0.75,0.5,cheap_talk,categorical,34,12,12,jspace,ok,strategy,,,
0.75,0.5,cheap_talk,categorical,35,12,12,residual,ok,strategy,,,
0.75,0.5,cheap_talk,categorical,35,12,12,jspace,ok,strategy,,,
0.6666666666666666,0.5555555555555556,cheap_talk,categorical,36,12,12,residual,ok,strategy,,,
0.75,0.5,cheap_talk,categorical,36,12,12,jspace,ok,strategy,,,
0.5833333333333334,0.5,cheap_talk,categorical,37,12,12,residual,ok,strategy,,,
0.75,0.5,cheap_talk,categorical,37,12,12,jspace,ok,strategy,,,
0.6666666666666666,0.6666666666666666,cheap_talk,categorical,38,12,12,residual,ok,strategy,,,
0.75,0.5,cheap_talk,categorical,38,12,12,jspace,ok,strategy,,,
0.6666666666666666,0.5555555555555556,cheap_talk,categorical,39,12,12,residual,ok,strategy,,,
0.75,0.5,cheap_talk,categorical,39,12,12,jspace,ok,strategy,,,
0.75,0.611111111111111,cheap_talk,categorical,40,12,12,residual,ok,strategy,,,
0.75,0.5,cheap_talk,categorical,40,12,12,jspace,ok,strategy,,,
0.75,0.611111111111111,cheap_talk,categorical,41,12,12,residual,ok,strategy,,,
0.75,0.5,cheap_talk,categorical,41,12,12,jspace,ok,strategy,,,
0.75,0.5,cheap_talk,categorical,42,12,12,residual,ok,strategy,,,
0.75,0.5,cheap_talk,categorical,42,12,12,jspace,ok,strategy,,,
0.75,0.5,cheap_talk,categorical,43,12,12,residual,ok,strategy,,,
0.75,0.5,cheap_talk,categorical,43,12,12,jspace,ok,strategy,,,
0.75,0.5,cheap_talk,categorical,44,12,12,residual,ok,strategy,,,
0.75,0.5,cheap_talk,categorical,44,12,12,jspace,ok,strategy,,,
0.75,0.5,cheap_talk,categorical,45,12,12,residual,ok,strategy,,,
0.75,0.5,cheap_talk,categorical,45,12,12,jspace,ok,strategy,,,
0.75,0.5,cheap_talk,categorical,46,12,12,residual,ok,strategy,,,
0.75,0.5,cheap_talk,categorical,46,12,12,jspace,ok,strategy,,,
0.75,0.5,cheap_talk,categorical,47,12,12,residual,ok,strategy,,,
0.75,0.5,cheap_talk,categorical,47,12,12,jspace,ok,strategy,,,
0.75,0.5,cheap_talk,categorical,48,12,12,residual,ok,strategy,,,
0.75,0.5,cheap_talk,categorical,48,12,12,jspace,ok,strategy,,,
0.75,0.5,cheap_talk,categorical,49,12,12,residual,ok,strategy,,,
0.75,0.5,cheap_talk,categorical,49,12,12,jspace,ok,strategy,,,
0.75,0.5,cheap_talk,categorical,50,12,12,residual,ok,strategy,,,
0.75,0.5,cheap_talk,categorical,50,12,12,jspace,ok,strategy,,,
0.75,0.5,cheap_talk,categorical,51,12,12,residual,ok,strategy,,,
0.75,0.5,cheap_talk,categorical,51,12,12,jspace,ok,strategy,,,
0.75,0.5,cheap_talk,categorical,52,12,12,residual,ok,strategy,,,
0.75,0.5,cheap_talk,categorical,52,12,12,jspace,ok,strategy,,,
0.75,0.5,cheap_talk,categorical,53,12,12,residual,ok,strategy,,,
0.75,0.5,cheap_talk,categorical,53,12,12,jspace,ok,strategy,,,
0.75,0.5,cheap_talk,categorical,54,12,12,residual,ok,strategy,,,
0.75,0.5,cheap_talk,categorical,54,12,12,jspace,ok,strategy,,,
0.75,0.5,cheap_talk,categorical,55,12,12,residual,ok,strategy,,,
0.75,0.5,cheap_talk,categorical,55,12,12,jspace,ok,strategy,,,
0.75,0.5,cheap_talk,categorical,56,12,12,residual,ok,strategy,,,
0.75,0.5,cheap_talk,categorical,56,12,12,jspace,ok,strategy,,,
0.75,0.5,cheap_talk,categorical,57,12,12,residual,ok,strategy,,,
0.75,0.5,cheap_talk,categorical,57,12,12,jspace,ok,strategy,,,
0.75,0.5,cheap_talk,categorical,58,12,12,residual,ok,strategy,,,
0.75,0.5,cheap_talk,categorical,58,12,12,jspace,ok,strategy,,,
0.75,0.5,cheap_talk,categorical,59,12,12,residual,ok,strategy,,,
0.75,0.5,cheap_talk,categorical,59,12,12,jspace,ok,strategy,,,
0.75,0.5,cheap_talk,categorical,60,12,12,residual,ok,strategy,,,
0.75,0.5,cheap_talk,categorical,60,12,12,jspace,ok,strategy,,,
0.75,0.5,cheap_talk,categorical,61,12,12,residual,ok,strategy,,,
0.75,0.5,cheap_talk,categorical,61,12,12,jspace,ok,strategy,,,
0.75,0.5,cheap_talk,categorical,62,12,12,residual,ok,strategy,,,
0.75,0.5,cheap_talk,categorical,62,12,12,jspace,ok,strategy,,,
0.4166666666666667,0.5,cheap_talk,categorical,-1,12,12,output,ok,action,,,
0.25,0.3333333333333333,cheap_talk,categorical,0,12,12,residual,ok,action,,,
0.4166666666666667,0.3333333333333333,cheap_talk,categorical,0,12,12,jspace,ok,action,,,
0.25,0.3333333333333333,cheap_talk,categorical,1,12,12,residual,ok,action,,,
0.4166666666666667,0.3333333333333333,cheap_talk,categorical,1,12,12,jspace,ok,action,,,
0.25,0.3333333333333333,cheap_talk,categorical,2,12,12,residual,ok,action,,,
0.4166666666666667,0.3333333333333333,cheap_talk,categorical,2,12,12,jspace,ok,action,,,
0.25,0.3333333333333333,cheap_talk,categorical,3,12,12,residual,ok,action,,,
0.4166666666666667,0.3333333333333333,cheap_talk,categorical,3,12,12,jspace,ok,action,,,
0.25,0.3333333333333333,cheap_talk,categorical,4,12,12,residual,ok,action,,,
0.4166666666666667,0.3333333333333333,cheap_talk,categorical,4,12,12,jspace,ok,action,,,
0.25,0.3333333333333333,cheap_talk,categorical,5,12,12,residual,ok,action,,,
0.4166666666666667,0.3333333333333333,cheap_talk,categorical,5,12,12,jspace,ok,action,,,
0.5,0.4444444444444444,cheap_talk,categorical,6,12,12,residual,ok,action,,,
0.4166666666666667,0.3333333333333333,cheap_talk,categorical,6,12,12,jspace,ok,action,,,
0.25,0.3333333333333333,cheap_talk,categorical,7,12,12,residual,ok,action,,,
0.4166666666666667,0.3333333333333333,cheap_talk,categorical,7,12,12,jspace,ok,action,,,
0.3333333333333333,0.39999999999999997,cheap_talk,categorical,8,12,12,residual,ok,action,,,
0.4166666666666667,0.3333333333333333,cheap_talk,categorical,8,12,12,jspace,ok,action,,,
0.5,0.5555555555555555,cheap_talk,categorical,9,12,12,residual,ok,action,,,
0.4166666666666667,0.3333333333333333,cheap_talk,categorical,9,12,12,jspace,ok,action,,,
0.4166666666666667,0.4444444444444444,cheap_talk,categorical,10,12,12,residual,ok,action,,,
0.4166666666666667,0.3333333333333333,cheap_talk,categorical,10,12,12,jspace,ok,action,,,
0.3333333333333333,0.3333333333333333,cheap_talk,categorical,11,12,12,residual,ok,action,,,
0.4166666666666667,0.3333333333333333,cheap_talk,categorical,11,12,12,jspace,ok,action,,,
0.5,0.5833333333333334,cheap_talk,categorical,12,12,12,residual,ok,action,,,
0.4166666666666667,0.3333333333333333,cheap_talk,categorical,12,12,12,jspace,ok,action,,,
0.4166666666666667,0.5,cheap_talk,categorical,13,12,12,residual,ok,action,,,
0.4166666666666667,0.3333333333333333,cheap_talk,categorical,13,12,12,jspace,ok,action,,,
0.25,0.3333333333333333,cheap_talk,categorical,14,12,12,residual,ok,action,,,
0.4166666666666667,0.3333333333333333,cheap_talk,categorical,14,12,12,jspace,ok,action,,,
0.3333333333333333,0.3333333333333333,cheap_talk,categorical,15,12,12,residual,ok,action,,,
0.4166666666666667,0.3333333333333333,cheap_talk,categorical,15,12,12,jspace,ok,action,,,
0.3333333333333333,0.3333333333333333,cheap_talk,categorical,16,12,12,residual,ok,action,,,
0.4166666666666667,0.3333333333333333,cheap_talk,categorical,16,12,12,jspace,ok,action,,,
0.6666666666666666,0.6,cheap_talk,categorical,17,12,12,residual,ok,action,,,
0.4166666666666667,0.3333333333333333,cheap_talk,categorical,17,12,12,jspace,ok,action,,,
0.75,0.6666666666666666,cheap_talk,categorical,18,12,12,residual,ok,action,,,
0.4166666666666667,0.3333333333333333,cheap_talk,categorical,18,12,12,jspace,ok,action,,,
0.75,0.6666666666666666,cheap_talk,categorical,19,12,12,residual,ok,action,,,
0.4166666666666667,0.3333333333333333,cheap_talk,categorical,19,12,12,jspace,ok,action,,,
0.3333333333333333,0.3333333333333333,cheap_talk,categorical,20,12,12,residual,ok,action,,,
0.4166666666666667,0.3333333333333333,cheap_talk,categorical,20,12,12,jspace,ok,action,,,
0.6666666666666666,0.5833333333333334,cheap_talk,categorical,21,12,12,residual,ok,action,,,
0.4166666666666667,0.3333333333333333,cheap_talk,categorical,21,12,12,jspace,ok,action,,,
0.6666666666666666,0.5833333333333334,cheap_talk,categorical,22,12,12,residual,ok,action,,,
0.4166666666666667,0.3333333333333333,cheap_talk,categorical,22,12,12,jspace,ok,action,,,
0.5,0.5111111111111111,cheap_talk,categorical,23,12,12,residual,ok,action,,,
0.4166666666666667,0.3333333333333333,cheap_talk,categorical,23,12,12,jspace,ok,action,,,
0.75,0.7222222222222222,cheap_talk,categorical,24,12,12,residual,ok,action,,,
0.4166666666666667,0.3333333333333333,cheap_talk,categorical,24,12,12,jspace,ok,action,,,
0.4166666666666667,0.39999999999999997,cheap_talk,categorical,25,12,12,residual,ok,action,,,
0.4166666666666667,0.3333333333333333,cheap_talk,categorical,25,12,12,jspace,ok,action,,,
0.4166666666666667,0.48333333333333334,cheap_talk,categorical,26,12,12,residual,ok,action,,,
0.4166666666666667,0.3333333333333333,cheap_talk,categorical,26,12,12,jspace,ok,action,,,
0.5833333333333334,0.5555555555555555,cheap_talk,categorical,27,12,12,residual,ok,action,,,
0.4166666666666667,0.3333333333333333,cheap_talk,categorical,27,12,12,jspace,ok,action,,,
0.5833333333333334,0.6166666666666667,cheap_talk,categorical,28,12,12,residual,ok,action,,,
0.4166666666666667,0.3333333333333333,cheap_talk,categorical,28,12,12,jspace,ok,action,,,
0.5,0.4444444444444444,cheap_talk,categorical,29,12,12,residual,ok,action,,,
0.4166666666666667,0.3333333333333333,cheap_talk,categorical,29,12,12,jspace,ok,action,,,
0.5,0.4444444444444444,cheap_talk,categorical,30,12,12,residual,ok,action,,,
0.4166666666666667,0.3333333333333333,cheap_talk,categorical,30,12,12,jspace,ok,action,,,
0.5833333333333334,0.5555555555555555,cheap_talk,categorical,31,12,12,residual,ok,action,,,
0.4166666666666667,0.3333333333333333,cheap_talk,categorical,31,12,12,jspace,ok,action,,,
0.5,0.4444444444444444,cheap_talk,categorical,32,12,12,residual,ok,action,,,
0.4166666666666667,0.3333333333333333,cheap_talk,categorical,32,12,12,jspace,ok,action,,,
0.5833333333333334,0.5555555555555555,cheap_talk,categorical,33,12,12,residual,ok,action,,,
0.4166666666666667,0.3333333333333333,cheap_talk,categorical,33,12,12,jspace,ok,action,,,
0.5833333333333334,0.5555555555555555,cheap_talk,categorical,34,12,12,residual,ok,action,,,
0.4166666666666667,0.3333333333333333,cheap_talk,categorical,34,12,12,jspace,ok,action,,,
0.4166666666666667,0.3333333333333333,cheap_talk,categorical,35,12,12,residual,ok,action,,,
0.4166666666666667,0.3333333333333333,cheap_talk,categorical,35,12,12,jspace,ok,action,,,
0.5,0.4166666666666667,cheap_talk,categorical,36,12,12,residual,ok,action,,,
0.4166666666666667,0.3333333333333333,cheap_talk,categorical,36,12,12,jspace,ok,action,,,
0.4166666666666667,0.3333333333333333,cheap_talk,categorical,37,12,12,residual,ok,action,,,
0.4166666666666667,0.3333333333333333,cheap_talk,categorical,37,12,12,jspace,ok,action,,,
0.4166666666666667,0.3333333333333333,cheap_talk,categorical,38,12,12,residual,ok,action,,,
0.4166666666666667,0.3333333333333333,cheap_talk,categorical,38,12,12,jspace,ok,action,,,
0.75,0.7222222222222222,cheap_talk,categorical,39,12,12,residual,ok,action,,,
0.4166666666666667,0.3333333333333333,cheap_talk,categorical,39,12,12,jspace,ok,action,,,
0.8333333333333334,0.8055555555555555,cheap_talk,categorical,40,12,12,residual,ok,action,,,
0.4166666666666667,0.3333333333333333,cheap_talk,categorical,40,12,12,jspace,ok,action,,,
0.8333333333333334,0.8055555555555555,cheap_talk,categorical,41,12,12,residual,ok,action,,,
0.4166666666666667,0.3333333333333333,cheap_talk,categorical,41,12,12,jspace,ok,action,,,
0.75,0.7222222222222222,cheap_talk,categorical,42,12,12,residual,ok,action,,,
0.4166666666666667,0.3333333333333333,cheap_talk,categorical,42,12,12,jspace,ok,action,,,
0.5,0.4166666666666667,cheap_talk,categorical,43,12,12,residual,ok,action,,,
0.4166666666666667,0.3333333333333333,cheap_talk,categorical,43,12,12,jspace,ok,action,,,
0.75,0.6666666666666666,cheap_talk,categorical,44,12,12,residual,ok,action,,,
0.4166666666666667,0.3333333333333333,cheap_talk,categorical,44,12,12,jspace,ok,action,,,
1.0,1.0,cheap_talk,categorical,45,12,12,residual,ok,action,,,
0.4166666666666667,0.3333333333333333,cheap_talk,categorical,45,12,12,jspace,ok,action,,,
1.0,1.0,cheap_talk,categorical,46,12,12,residual,ok,action,,,
0.4166666666666667,0.3333333333333333,cheap_talk,categorical,46,12,12,jspace,ok,action,,,
0.75,0.7111111111111111,cheap_talk,categorical,47,12,12,residual,ok,action,,,
0.4166666666666667,0.3333333333333333,cheap_talk,categorical,47,12,12,jspace,ok,action,,,
0.75,0.7111111111111111,cheap_talk,categorical,48,12,12,residual,ok,action,,,
0.4166666666666667,0.3333333333333333,cheap_talk,categorical,48,12,12,jspace,ok,action,,,
0.6666666666666666,0.6444444444444445,cheap_talk,categorical,49,12,12,residual,ok,action,,,
0.4166666666666667,0.3333333333333333,cheap_talk,categorical,49,12,12,jspace,ok,action,,,
0.6666666666666666,0.6444444444444445,cheap_talk,categorical,50,12,12,residual,ok,action,,,
0.4166666666666667,0.3333333333333333,cheap_talk,categorical,50,12,12,jspace,ok,action,,,
0.6666666666666666,0.6,cheap_talk,categorical,51,12,12,residual,ok,action,,,
0.4166666666666667,0.3333333333333333,cheap_talk,categorical,51,12,12,jspace,ok,action,,,
0.75,0.7111111111111111,cheap_talk,categorical,52,12,12,residual,ok,action,,,
0.4166666666666667,0.3333333333333333,cheap_talk,categorical,52,12,12,jspace,ok,action,,,
0.75,0.7111111111111111,cheap_talk,categorical,53,12,12,residual,ok,action,,,
0.4166666666666667,0.3333333333333333,cheap_talk,categorical,53,12,12,jspace,ok,action,,,
0.75,0.7111111111111111,cheap_talk,categorical,54,12,12,residual,ok,action,,,
0.4166666666666667,0.3333333333333333,cheap_talk,categorical,54,12,12,jspace,ok,action,,,
0.6666666666666666,0.6444444444444445,cheap_talk,categorical,55,12,12,residual,ok,action,,,
0.4166666666666667,0.3333333333333333,cheap_talk,categorical,55,12,12,jspace,ok,action,,,
0.75,0.7111111111111111,cheap_talk,categorical,56,12,12,residual,ok,action,,,
0.4166666666666667,0.3333333333333333,cheap_talk,categorical,56,12,12,jspace,ok,action,,,
0.8333333333333334,0.8222222222222223,cheap_talk,categorical,57,12,12,residual,ok,action,,,
0.4166666666666667,0.3333333333333333,cheap_talk,categorical,57,12,12,jspace,ok,action,,,
0.75,0.7555555555555555,cheap_talk,categorical,58,12,12,residual,ok,action,,,
0.4166666666666667,0.3333333333333333,cheap_talk,categorical,58,12,12,jspace,ok,action,,,
0.6666666666666666,0.6444444444444445,cheap_talk,categorical,59,12,12,residual,ok,action,,,
0.4166666666666667,0.3333333333333333,cheap_talk,categorical,59,12,12,jspace,ok,action,,,
0.6666666666666666,0.6444444444444445,cheap_talk,categorical,60,12,12,residual,ok,action,,,
0.4166666666666667,0.3333333333333333,cheap_talk,categorical,60,12,12,jspace,ok,action,,,
0.6666666666666666,0.6444444444444445,cheap_talk,categorical,61,12,12,residual,ok,action,,,
0.6666666666666666,0.6,cheap_talk,categorical,61,12,12,jspace,ok,action,,,
0.5833333333333334,0.6222222222222222,cheap_talk,categorical,62,12,12,residual,ok,action,,,
0.5833333333333334,0.5,cheap_talk,categorical,62,12,12,jspace,ok,action,,,
,,cheap_talk,scalar,-1,12,12,output,ok,belief,0.7685358178151444,0.3091710110505422,0.20668469493480313
,,cheap_talk,scalar,0,12,12,residual,ok,belief,0.6634810694133962,0.9276777505874634,-4.764849474515515
,,cheap_talk,scalar,0,12,12,jspace,ok,belief,-0.37184164775705375,0.33335131490408026,-4.069617948787574e-05
,,cheap_talk,scalar,1,12,12,residual,ok,belief,0.7817158774438394,1.1256631910800934,-7.021043932909926
,,cheap_talk,scalar,1,12,12,jspace,ok,belief,0.08392676163628542,0.3335746081829571,0.0001295859915066977
,,cheap_talk,scalar,2,12,12,residual,ok,belief,0.8148344372673331,0.30412227908770245,0.11368346464606027
,,cheap_talk,scalar,2,12,12,jspace,ok,belief,0.4047050852376392,0.33335377090131874,4.670066102674397e-05
,,cheap_talk,scalar,3,12,12,residual,ok,belief,0.888366296510533,0.3287208651502927,0.04803195141734795
,,cheap_talk,scalar,3,12,12,jspace,ok,belief,-0.1592767467441878,0.33334817066194367,-1.7023395451065682e-06
,,cheap_talk,scalar,4,12,12,residual,ok,belief,0.8668263148755276,0.442068283756574,-0.4858093495680773
,,cheap_talk,scalar,4,12,12,jspace,ok,belief,-0.3799819015458354,0.3335033724947392,-7.257137918492695e-05
,,cheap_talk,scalar,5,12,12,residual,ok,belief,0.8712719307330116,0.4049117962519328,-0.30488135957082463
,,cheap_talk,scalar,5,12,12,jspace,ok,belief,0.3290109857805708,0.33334396256759785,2.2579847414827547e-05
,,cheap_talk,scalar,6,12,12,residual,ok,belief,0.9244089061282512,0.20517221838235855,0.6675096395474394
,,cheap_talk,scalar,6,12,12,jspace,ok,belief,0.2788238544886748,0.33342619034675214,0.0003507671492761766
,,cheap_talk,scalar,7,12,12,residual,ok,belief,0.9133202328780918,0.24416427810986838,0.4550420416880856
,,cheap_talk,scalar,7,12,12,jspace,ok,belief,-0.2812406369803574,0.3333423293483224,-1.0562992791340875e-05
,,cheap_talk,scalar,8,12,12,residual,ok,belief,0.8945495082653335,0.30676063895225525,0.10420349398455553
,,cheap_talk,scalar,8,12,12,jspace,ok,belief,0.41608887064888567,0.33333845416850433,6.0685653728853595e-06
,,cheap_talk,scalar,9,12,12,residual,ok,belief,0.8787827305992149,0.27960384885470074,0.39153324068678597
,,cheap_talk,scalar,9,12,12,jspace,ok,belief,0.1707961122371244,0.33337431100064663,1.6316335377686286e-05
,,cheap_talk,scalar,10,12,12,residual,ok,belief,0.7683568981143656,0.802964856227239,-3.5356771238788625
,,cheap_talk,scalar,10,12,12,jspace,ok,belief,-0.3690541097321865,0.3334205704328353,-7.643066667495368e-05
,,cheap_talk,scalar,11,12,12,residual,ok,belief,0.6641337551128161,0.9500790933767954,-5.224351595287551
,,cheap_talk,scalar,11,12,12,jspace,ok,belief,0.425217754555381,0.3333386240025851,0.0013663120951669105
,,cheap_talk,scalar,12,12,12,residual,ok,belief,0.47875950312984444,0.8575423657894135,-4.283392297774576
,,cheap_talk,scalar,12,12,12,jspace,ok,belief,-0.69618692011413,0.33348124339973184,-4.336004462901499e-05
,,cheap_talk,scalar,13,12,12,residual,ok,belief,0.6487156245284555,0.8756925165653229,-4.402834473400425
,,cheap_talk,scalar,13,12,12,jspace,ok,belief,-0.4354213541705369,0.3472727734371899,-0.023892486187655715
,,cheap_talk,scalar,14,12,12,residual,ok,belief,0.8101445124265813,0.5187774250904719,-1.2923658962341253
,,cheap_talk,scalar,14,12,12,jspace,ok,belief,-0.6274965244850433,0.33346306545832993,-0.00018796335948367826
,,cheap_talk,scalar,15,12,12,residual,ok,belief,0.7391513842196693,0.28454071780045825,0.339976345838112
,,cheap_talk,scalar,15,12,12,jspace,ok,belief,-0.5540610968539964,0.33358933284148123,-0.00027979896848440156
,,cheap_talk,scalar,16,12,12,residual,ok,belief,0.5967944322649048,0.3244415447115898,0.12157706279164637
,,cheap_talk,scalar,16,12,12,jspace,ok,belief,-0.7331779027743809,0.3335656250517142,-0.00044405620905663135
,,cheap_talk,scalar,17,12,12,residual,ok,belief,-0.08530720881766396,0.352410726249218,-0.10093759084773835
,,cheap_talk,scalar,17,12,12,jspace,ok,belief,-0.4480698656503353,0.33347932618770315,-0.00017024171866020232
,,cheap_talk,scalar,18,12,12,residual,ok,belief,-0.043140241737200546,0.3497931386033694,-0.0884386016487606
,,cheap_talk,scalar,18,12,12,jspace,ok,belief,-0.635408761798218,0.3333804279322245,-2.8177059060885412e-05
,,cheap_talk,scalar,19,12,12,residual,ok,belief,-0.016153229930021336,0.39794552822907764,-0.29314588792274954
,,cheap_talk,scalar,19,12,12,jspace,ok,belief,0.5183392289259613,0.33335110379372607,0.00010861568063791349
,,cheap_talk,scalar,20,12,12,residual,ok,belief,-0.17858013873894069,0.4457615564266841,-0.7047413066860155
,,cheap_talk,scalar,20,12,12,jspace,ok,belief,0.7150327586739049,0.33333841353359545,3.937021631483795e-06
,,cheap_talk,scalar,21,12,12,residual,ok,belief,-0.11485370809289164,0.3907661586999893,-0.245960457286861
,,cheap_talk,scalar,21,12,12,jspace,ok,belief,-0.4024041699492025,0.33334900661691225,-3.481945778993634e-05
,,cheap_talk,scalar,22,12,12,residual,ok,belief,-0.1367917970918841,0.4467378457387288,-0.7467531158148475
,,cheap_talk,scalar,22,12,12,jspace,ok,belief,-0.14457749536115552,0.3370854073652229,-0.0007627059295971517
,,cheap_talk,scalar,23,12,12,residual,ok,belief,-0.12148441537420625,0.4131395121415456,-0.42156225113965107
,,cheap_talk,scalar,23,12,12,jspace,ok,belief,0.7461497343195153,0.33343853964425113,4.22888776103747e-05
,,cheap_talk,scalar,24,12,12,residual,ok,belief,-0.1142026209028238,0.4029088119665782,-0.305782367846831
,,cheap_talk,scalar,24,12,12,jspace,ok,belief,-0.13647790778509486,0.33337058660047075,-8.76719909026491e-06
,,cheap_talk,scalar,25,12,12,residual,ok,belief,-0.30426584565201004,0.42712949713071185,-0.4666005866144687
,,cheap_talk,scalar,25,12,12,jspace,ok,belief,0.6605626909369753,0.3334545326595773,7.915368924416022e-06
,,cheap_talk,scalar,26,12,12,residual,ok,belief,-0.321794785034282,0.437825471162796,-0.5273885727692118
,,cheap_talk,scalar,26,12,12,jspace,ok,belief,0.6738206346192748,0.3333466803681824,4.5896327261596426e-05
,,cheap_talk,scalar,27,12,12,residual,ok,belief,-0.3843161374661129,0.4751190592845281,-0.8980805031522561
,,cheap_talk,scalar,27,12,12,jspace,ok,belief,-0.029886311802313676,0.3333346225153074,-4.99631027439662e-07
,,cheap_talk,scalar,28,12,12,residual,ok,belief,-0.18664493964527962,0.7220362226168314,-3.3029556055607685
,,cheap_talk,scalar,28,12,12,jspace,ok,belief,0.22508956801852198,0.3333468553256711,1.5497755278093273e-05
,,cheap_talk,scalar,29,12,12,residual,ok,belief,0.04135828874459062,0.4581659287214279,-0.7662379115672291
,,cheap_talk,scalar,29,12,12,jspace,ok,belief,0.22828684864848459,0.3333431649967746,3.038706883584652e-05
,,cheap_talk,scalar,30,12,12,residual,ok,belief,0.15929875234001978,0.4267243842283885,-0.48930921677440153
,,cheap_talk,scalar,30,12,12,jspace,ok,belief,0.8313449878496373,0.3363659772359829,-0.00037804349218606426
,,cheap_talk,scalar,31,12,12,residual,ok,belief,0.5441230678909866,0.348244105776151,0.04161519891794008
,,cheap_talk,scalar,31,12,12,jspace,ok,belief,0.6476258584664667,0.3333581480196746,5.0861617434283524e-05
,,cheap_talk,scalar,32,12,12,residual,ok,belief,0.699000456111614,0.4158339972297351,-0.5781871735218389
,,cheap_talk,scalar,32,12,12,jspace,ok,belief,0.4822499302722795,0.3334076842596502,0.0004943405490850372
,,cheap_talk,scalar,33,12,12,residual,ok,belief,0.7127496750541595,0.6248060117165247,-1.877657434721252
,,cheap_talk,scalar,33,12,12,jspace,ok,belief,0.5301834405284296,0.3333974077623309,0.00013351621504409383
,,cheap_talk,scalar,34,12,12,residual,ok,belief,0.670433226369217,0.7130582357446352,-2.6219342228075715
,,cheap_talk,scalar,34,12,12,jspace,ok,belief,0.10319396427438166,0.33333818276323757,1.1302923791256525e-05
,,cheap_talk,scalar,35,12,12,residual,ok,belief,0.8207234723590279,0.7348308165868124,-2.8624086688029813
,,cheap_talk,scalar,35,12,12,jspace,ok,belief,0.6011855253062727,0.33328885137589975,0.001208633833795214
,,cheap_talk,scalar,36,12,12,residual,ok,belief,0.739757473629122,0.636958122253418,-2.1235960458464653
,,cheap_talk,scalar,36,12,12,jspace,ok,belief,-0.19800214898952914,0.33336823444662483,-7.028876656556271e-05
,,cheap_talk,scalar,37,12,12,residual,ok,belief,0.6938968622220967,0.7231420129537582,-2.7956553767271313
,,cheap_talk,scalar,37,12,12,jspace,ok,belief,-0.11746107957593149,0.3333669048161778,-4.4833665010513e-05
,,cheap_talk,scalar,38,12,12,residual,ok,belief,0.7324471473686786,0.5133587618668874,-1.2468693478739183
,,cheap_talk,scalar,38,12,12,jspace,ok,belief,0.3647428462276622,0.33346958887121575,0.001658768633348573
,,cheap_talk,scalar,39,12,12,residual,ok,belief,0.6559169535945404,0.38680356989304227,-0.3244666628374886
,,cheap_talk,scalar,39,12,12,jspace,ok,belief,0.4919384252915156,0.33334644131596597,0.0003371573239968617
,,cheap_talk,scalar,40,12,12,residual,ok,belief,0.7327934446008177,0.3043452203273773,0.17858841278256143
,,cheap_talk,scalar,40,12,12,jspace,ok,belief,0.2189585151023223,0.3333953852825939,0.00011348670096389402
,,cheap_talk,scalar,41,12,12,residual,ok,belief,0.6861872560085495,0.29089013238747913,0.25484277566661895
,,cheap_talk,scalar,41,12,12,jspace,ok,belief,0.5167637217716812,0.33576120522038,0.0001607936297698398
,,cheap_talk,scalar,42,12,12,residual,ok,belief,0.7006809212563725,0.34560730308294296,-0.035280760389509336
,,cheap_talk,scalar,42,12,12,jspace,ok,belief,0.583271133472842,0.333277954344666,0.0031564938463799486
,,cheap_talk,scalar,43,12,12,residual,ok,belief,0.8928475180920395,0.3095914249618848,0.16236200966015746
,,cheap_talk,scalar,43,12,12,jspace,ok,belief,-0.38834738070409447,0.3395107137885572,-0.0063273507859591405
,,cheap_talk,scalar,44,12,12,residual,ok,belief,0.9541579972773018,0.25949637095133465,0.44685908568711863
,,cheap_talk,scalar,44,12,12,jspace,ok,belief,0.3712121174493446,0.3359967730890205,0.004338535140979705
,,cheap_talk,scalar,45,12,12,residual,ok,belief,0.9014099751166629,0.2760077764590581,0.39865551882597394
,,cheap_talk,scalar,45,12,12,jspace,ok,belief,-0.36795906933336225,0.34157792153156136,-0.017051882903739823
,,cheap_talk,scalar,46,12,12,residual,ok,belief,0.8402394098087471,0.29975590109825134,0.3377050852659229
,,cheap_talk,scalar,46,12,12,jspace,ok,belief,0.7901497448540072,0.33006491424950996,0.04744499758720189
,,cheap_talk,scalar,47,12,12,residual,ok,belief,0.7087911750396221,0.30007321139176685,0.3329198622461327
,,cheap_talk,scalar,47,12,12,jspace,ok,belief,0.06577013168234049,0.3446642434765173,-0.0013338412722709858
,,cheap_talk,scalar,48,12,12,residual,ok,belief,0.6328050795873289,0.3289021278421084,0.20088606037214296
,,cheap_talk,scalar,48,12,12,jspace,ok,belief,0.625851177725533,0.3335764838779604,0.0008557359833224476
,,cheap_talk,scalar,49,12,12,residual,ok,belief,0.6856194632789202,0.29287224014600116,0.3156774844451542
,,cheap_talk,scalar,49,12,12,jspace,ok,belief,-0.13248093364008173,0.3372457048358452,-0.0010244098289937664
,,cheap_talk,scalar,50,12,12,residual,ok,belief,0.6804662012612142,0.3142232149839401,0.25404124970426256
,,cheap_talk,scalar,50,12,12,jspace,ok,belief,0.2519113683971196,0.3336465415011855,0.002082663387668493
,,cheap_talk,scalar,51,12,12,residual,ok,belief,0.7353976286816926,0.27851828932762146,0.3581550493592669
,,cheap_talk,scalar,51,12,12,jspace,ok,belief,0.512941556215784,0.33311889922377147,0.003352074738723121
,,cheap_talk,scalar,52,12,12,residual,ok,belief,0.6498790905510411,0.3118415301044782,0.26898491952914094
,,cheap_talk,scalar,52,12,12,jspace,ok,belief,0.3879545942634047,0.33333408251353264,0.000541135071263632
,,cheap_talk,scalar,53,12,12,residual,ok,belief,0.6980352079956954,0.2912211020787557,0.32449398557195863
,,cheap_talk,scalar,53,12,12,jspace,ok,belief,0.8846699716047891,0.33255638958303624,0.0070665592375626085
,,cheap_talk,scalar,54,12,12,residual,ok,belief,0.6910334422343053,0.3004742016394933,0.29772390540971916
,,cheap_talk,scalar,54,12,12,jspace,ok,belief,0.089488673765876,0.33548793667942894,-0.00016652553655083224
,,cheap_talk,scalar,55,12,12,residual,ok,belief,0.6353285590608004,0.28690915803114575,0.31249082030402864
,,cheap_talk,scalar,55,12,12,jspace,ok,belief,0.6472625438369791,0.33637427096504213,0.003630449874230335
,,cheap_talk,scalar,56,12,12,residual,ok,belief,0.5808053148115855,0.2933004746834437,0.28773138388249553
,,cheap_talk,scalar,56,12,12,jspace,ok,belief,0.7721027932807188,0.333649444384349,0.01299423559848878
,,cheap_talk,scalar,57,12,12,residual,ok,belief,0.6182573980409705,0.28122296432654065,0.321642725862886
,,cheap_talk,scalar,57,12,12,jspace,ok,belief,0.6809336522593366,0.3353938019214804,0.01175246995793544
,,cheap_talk,scalar,58,12,12,residual,ok,belief,0.5559285683345127,0.29882796357075375,0.24971255395928216
,,cheap_talk,scalar,58,12,12,jspace,ok,belief,0.6778864231012184,0.33542545778812083,0.03295169759137917
,,cheap_talk,scalar,59,12,12,residual,ok,belief,0.4540530195625429,0.31486741453409195,0.1789744088785148
,,cheap_talk,scalar,59,12,12,jspace,ok,belief,0.6597836935565629,0.3373480020572656,0.015264163467539782
,,cheap_talk,scalar,60,12,12,residual,ok,belief,0.44705708374076425,0.33244040608406067,0.12936095932762015
,,cheap_talk,scalar,60,12,12,jspace,ok,belief,0.6826450411529816,0.33782213780387105,0.018100196628079046
,,cheap_talk,scalar,61,12,12,residual,ok,belief,0.41354263937829483,0.35599467903375626,0.0077300397754007655
,,cheap_talk,scalar,61,12,12,jspace,ok,belief,0.652234182131305,0.3251922060104508,0.12384949786571464
,,cheap_talk,scalar,62,12,12,residual,ok,belief,0.38414768623018847,0.3360760062932968,0.10107095939794242
,,cheap_talk,scalar,62,12,12,jspace,ok,belief,0.7026585301931606,0.3214165090926386,0.13010610486583796
,,cheap_talk,scalar,-1,12,12,output,ok,objective,0.9156741002619446,1.467271755139033,0.27350420714869084
,,cheap_talk,scalar,0,12,12,residual,ok,objective,0.35648949394068546,1.571900983651479,-0.09234431231392093
,,cheap_talk,scalar,0,12,12,jspace,ok,objective,-0.43864316122930647,1.6944751872307773,-3.004744430135098e-05
,,cheap_talk,scalar,1,12,12,residual,ok,objective,0.8714998793798158,4.299744526545207,-4.390365468618094
,,cheap_talk,scalar,1,12,12,jspace,ok,objective,0.2660067627336513,1.693547515032524,0.00039423952520845074
,,cheap_talk,scalar,2,12,12,residual,ok,objective,0.9075457784000034,1.2650960683822632,0.35212835820428867
,,cheap_talk,scalar,2,12,12,jspace,ok,objective,0.15886227436462025,1.6943050908462782,2.274744436658871e-05
,,cheap_talk,scalar,3,12,12,residual,ok,objective,0.9178686765019504,0.9759265581766764,0.6262915745300595
,,cheap_talk,scalar,3,12,12,jspace,ok,objective,-0.12450100252638653,1.694441649639885,-5.238607287072483e-06
,,cheap_talk,scalar,4,12,12,residual,ok,objective,0.893490226604873,1.2212497492631276,0.4235960251974479
,,cheap_talk,scalar,4,12,12,jspace,ok,objective,-0.4380336400877251,1.6945131886001468,-1.3551846269388435e-05
,,cheap_talk,scalar,5,12,12,residual,ok,objective,0.8741661830251396,1.0745181739330292,0.5240609084159034
,,cheap_talk,scalar,5,12,12,jspace,ok,objective,0.5715849755495681,1.6944531466648065,2.798493828537474e-05
,,cheap_talk,scalar,6,12,12,residual,ok,objective,0.9225246214941188,1.5004818042119343,0.11055245288720861
,,cheap_talk,scalar,6,12,12,jspace,ok,objective,0.15449974527334207,1.6943715206888204,2.7810577414300042e-05
,,cheap_talk,scalar,7,12,12,residual,ok,objective,0.9101965061294853,2.356272280216217,-0.8810724695220449
,,cheap_talk,scalar,7,12,12,jspace,ok,objective,0.12650522599629896,1.694493333857691,3.7137648651874855e-06
,,cheap_talk,scalar,8,12,12,residual,ok,objective,0.9725337138010374,0.9819376766681671,0.5988599266606556
,,cheap_talk,scalar,8,12,12,jspace,ok,objective,0.5834343673716118,1.694395657687587,5.727081870854356e-06
,,cheap_talk,scalar,9,12,12,residual,ok,objective,0.9857551233908352,0.937800814708074,0.6760667732049064
,,cheap_talk,scalar,9,12,12,jspace,ok,objective,0.5622332173923671,1.6941262446191547,0.00010142549963276792
,,cheap_talk,scalar,10,12,12,residual,ok,objective,0.9842887618670346,1.5342975656191509,0.08289391507617017
,,cheap_talk,scalar,10,12,12,jspace,ok,objective,-0.14995256806103008,1.6944146803747746,-3.3684265143829606e-05
,,cheap_talk,scalar,11,12,12,residual,ok,objective,0.966457691009702,3.3125569820404053,-2.3087792770691746
,,cheap_talk,scalar,11,12,12,jspace,ok,objective,0.6149950598502935,1.6926114791684534,0.0018388237284474584
,,cheap_talk,scalar,12,12,12,residual,ok,objective,0.9464677002233105,2.7655850648880005,-1.51189935232917
,,cheap_talk,scalar,12,12,12,jspace,ok,objective,-0.7538964799405204,1.6942716748102846,-3.5651191514274316e-05
,,cheap_talk,scalar,13,12,12,residual,ok,objective,0.9573010214784172,1.9450007875760396,-0.33925016740061165
,,cheap_talk,scalar,13,12,12,jspace,ok,objective,-0.16294142579228804,1.6854362453598066,-0.025195751182610637
,,cheap_talk,scalar,14,12,12,residual,ok,objective,0.9464735010876013,1.9106372594833374,-0.299516557169462
,,cheap_talk,scalar,14,12,12,jspace,ok,objective,-0.3399039039634679,1.6944926678082155,-0.00016232780774894096
,,cheap_talk,scalar,15,12,12,residual,ok,objective,0.934838034721818,4.431374867757161,-4.662375144491876
,,cheap_talk,scalar,15,12,12,jspace,ok,objective,-0.5336116271581977,1.6951737140102667,-0.0002675071158793063
,,cheap_talk,scalar,16,12,12,residual,ok,objective,0.9412543004552615,3.3641240199406943,-2.4105443670599187
,,cheap_talk,scalar,16,12,12,jspace,ok,objective,-0.6603160605866639,1.6949500882952175,-0.0002716772672206602
,,cheap_talk,scalar,17,12,12,residual,ok,objective,0.912334616838524,2.254806379477183,-0.741052231579918
,,cheap_talk,scalar,17,12,12,jspace,ok,objective,-0.5418349690447226,1.694814114336472,-0.0001819001490710459
,,cheap_talk,scalar,18,12,12,residual,ok,objective,0.9050767182957912,1.933986226717631,-0.3001818350037482
,,cheap_talk,scalar,18,12,12,jspace,ok,objective,-0.8011269758776306,1.693512623045627,-3.095544330955491e-05
,,cheap_talk,scalar,19,12,12,residual,ok,objective,0.8938489783207441,1.6377776662508647,0.09067443502573269
,,cheap_talk,scalar,19,12,12,jspace,ok,objective,0.14810549175544532,1.6945235886813725,1.6299755082771483e-05
,,cheap_talk,scalar,20,12,12,residual,ok,objective,0.7716511704342669,2.6705973744392395,-1.4197079340765368
,,cheap_talk,scalar,20,12,12,jspace,ok,objective,-0.1922493768074459,1.694480046526646,-5.48150441792572e-06
,,cheap_talk,scalar,21,12,12,residual,ok,objective,0.743078721314475,1.3026606738567352,0.39982645565803987
,,cheap_talk,scalar,21,12,12,jspace,ok,objective,-0.20761696005540445,1.6944860851642478,-1.8795487057854388e-05
,,cheap_talk,scalar,22,12,12,residual,ok,objective,0.763330463950826,1.2677057981491089,0.42036902695433453
,,cheap_talk,scalar,22,12,12,jspace,ok,objective,-0.3186676534225342,1.7010396109005173,-0.0004440665079590289
,,cheap_talk,scalar,23,12,12,residual,ok,objective,0.712480795304267,1.9693519274393718,-0.35862591992367876
,,cheap_talk,scalar,23,12,12,jspace,ok,objective,-0.05941550272584793,1.694727806968104,-6.435667256665667e-06
,,cheap_talk,scalar,24,12,12,residual,ok,objective,0.7575471508118735,1.4377294182777405,0.2973890660778762
,,cheap_talk,scalar,24,12,12,jspace,ok,objective,0.07736177250877971,1.6944026373115977,6.1161139821575006e-06
,,cheap_talk,scalar,25,12,12,residual,ok,objective,0.7821654236222415,1.8657610813776653,-0.213472989590467
,,cheap_talk,scalar,25,12,12,jspace,ok,objective,-0.22719661716227563,1.6946547144390098,-6.371955983741628e-06
,,cheap_talk,scalar,26,12,12,residual,ok,objective,0.8285114186317447,1.5452926357587178,0.1461701272644591
,,cheap_talk,scalar,26,12,12,jspace,ok,objective,0.6970430085572301,1.6944736942184644,2.7686538005222694e-05
,,cheap_talk,scalar,27,12,12,residual,ok,objective,0.8228084091114857,1.496990571419398,-0.08166402678014495
,,cheap_talk,scalar,27,12,12,jspace,ok,objective,-0.07575605054872431,1.694460596749548,-9.114041814584084e-07
,,cheap_talk,scalar,28,12,12,residual,ok,objective,0.8715528808249812,1.130400409301122,0.5256104952313903
,,cheap_talk,scalar,28,12,12,jspace,ok,objective,0.4835871832968839,1.6944409416386657,4.9439261040395976e-05
,,cheap_talk,scalar,29,12,12,residual,ok,objective,0.8176012605175118,1.1050823827584584,0.5217459145613275
,,cheap_talk,scalar,29,12,12,jspace,ok,objective,0.5422394620582189,1.6957681874845918,5.508759663874763e-05
,,cheap_talk,scalar,30,12,12,residual,ok,objective,0.7490245671099665,1.100340763727824,0.4921249736876935
,,cheap_talk,scalar,30,12,12,jspace,ok,objective,0.7672320033488034,1.700948421117961,-0.00031276610664532356
,,cheap_talk,scalar,31,12,12,residual,ok,objective,0.5928005576507861,1.2005392014980316,0.33872966985113995
,,cheap_talk,scalar,31,12,12,jspace,ok,objective,0.5454792138954097,1.694451742120106,4.975702124565551e-05
,,cheap_talk,scalar,32,12,12,residual,ok,objective,0.6409489314364005,1.8087454040845234,-0.32651456401675105
,,cheap_talk,scalar,32,12,12,jspace,ok,objective,0.4311158217286956,1.694406156301859,0.0004981368603870218
,,cheap_talk,scalar,33,12,12,residual,ok,objective,0.7191567894990801,4.164568106333415,-4.289245381624601
,,cheap_talk,scalar,33,12,12,jspace,ok,objective,0.5681769508337252,1.6945933485300992,0.00010207398693262704
,,cheap_talk,scalar,34,12,12,residual,ok,objective,0.7637125940134154,3.2484439412752786,-2.449578601032886
,,cheap_talk,scalar,34,12,12,jspace,ok,objective,0.1101093154823597,1.6944534699692166,9.436713291122167e-06
,,cheap_talk,scalar,35,12,12,residual,ok,objective,0.9447186129876903,1.4007049798965454,0.027752379134358574
,,cheap_talk,scalar,35,12,12,jspace,ok,objective,0.6362980773956926,1.6935221612242009,0.001310969672159823
,,cheap_talk,scalar,36,12,12,residual,ok,objective,0.9165330821484993,1.2598385314146678,0.2415360470569471
,,cheap_talk,scalar,36,12,12,jspace,ok,objective,-0.16620767007457135,1.694466792195408,-5.495059003135516e-05
,,cheap_talk,scalar,37,12,12,residual,ok,objective,0.9141655809283294,1.2767506937185924,0.19590799999426456
,,cheap_talk,scalar,37,12,12,jspace,ok,objective,0.15923304636193106,1.694541348636849,6.109171103652056e-05
,,cheap_talk,scalar,38,12,12,residual,ok,objective,0.9069824042433227,1.2379300097624462,0.2287740059442812
,,cheap_talk,scalar,38,12,12,jspace,ok,objective,0.391850318767451,1.6940012360304015,0.0015063237028304366
,,cheap_talk,scalar,39,12,12,residual,ok,objective,0.9194036100515295,1.1212331155935924,0.47534937188476134
,,cheap_talk,scalar,39,12,12,jspace,ok,objective,0.41459061671401276,1.694402127253164,0.000321046412703474
,,cheap_talk,scalar,40,12,12,residual,ok,objective,0.9230154624519649,1.0445877313613892,0.5591599544515905
,,cheap_talk,scalar,40,12,12,jspace,ok,objective,0.11619007134572404,1.6942392322304016,6.626419933053462e-05
,,cheap_talk,scalar,41,12,12,residual,ok,objective,0.9212528864496625,1.0660608112812042,0.5149848557451829
,,cheap_talk,scalar,41,12,12,jspace,ok,objective,0.37988139232480395,1.6984693648361684,0.00011722012760406741
,,cheap_talk,scalar,42,12,12,residual,ok,objective,0.9015083158871544,1.111468603213628,0.45424915337991223
,,cheap_talk,scalar,42,12,12,jspace,ok,objective,0.5284427373545445,1.6928838041361016,0.0031159073758180167
,,cheap_talk,scalar,43,12,12,residual,ok,objective,0.8914659976610578,1.2846093773841858,0.40749769275868775
,,cheap_talk,scalar,43,12,12,jspace,ok,objective,-0.3621885619381067,1.6912850012859852,-0.013488725302239102
,,cheap_talk,scalar,44,12,12,residual,ok,objective,0.9104425834335048,1.2071376045544941,0.5168894560981396
,,cheap_talk,scalar,44,12,12,jspace,ok,objective,0.44183079308196804,1.6896841753940806,0.015380839969156623
,,cheap_talk,scalar,45,12,12,residual,ok,objective,0.923177662335553,1.235929359992345,0.482728777621356
,,cheap_talk,scalar,45,12,12,jspace,ok,objective,-0.34858029363881643,1.7183526284479715,-0.018607193770739494
,,cheap_talk,scalar,46,12,12,residual,ok,objective,0.9090308518349363,1.210344781478246,0.5043202670471097
,,cheap_talk,scalar,46,12,12,jspace,ok,objective,0.836212672280007,1.6605704689148624,0.054237738599188456
,,cheap_talk,scalar,47,12,12,residual,ok,objective,0.8850263019337132,1.1995822588602703,0.531312535231951
,,cheap_talk,scalar,47,12,12,jspace,ok,objective,-0.029336006335181766,1.7197310436076008,-0.007946193959537995
,,cheap_talk,scalar,48,12,12,residual,ok,objective,0.8855384138904845,1.2502694924672444,0.4904542419399158
,,cheap_talk,scalar,48,12,12,jspace,ok,objective,0.8942390111558879,1.6935854810580944,0.0006538023201435594
,,cheap_talk,scalar,49,12,12,residual,ok,objective,0.8897898413067128,1.2511806786060333,0.4890606664201399
,,cheap_talk,scalar,49,12,12,jspace,ok,objective,0.14113180314096113,1.68570032138571,-0.00045486416190931855
,,cheap_talk,scalar,50,12,12,residual,ok,objective,0.8893288181006546,1.1903566320737202,0.49923911073585836
,,cheap_talk,scalar,50,12,12,jspace,ok,objective,0.5603132303813397,1.691177976990098,0.004706697122645154
,,cheap_talk,scalar,51,12,12,residual,ok,objective,0.9193039301068977,1.174509624640147,0.5099060096549547
,,cheap_talk,scalar,51,12,12,jspace,ok,objective,0.753699705986837,1.6903439813529502,0.005423283512621113
,,cheap_talk,scalar,52,12,12,residual,ok,objective,0.9071932146952747,1.1307085653146107,0.5438136497549855
,,cheap_talk,scalar,52,12,12,jspace,ok,objective,0.6346962996623059,1.6938995221631137,0.0008507607819254748
,,cheap_talk,scalar,53,12,12,residual,ok,objective,0.9047124624147374,1.1273033916950226,0.5671975675754775
,,cheap_talk,scalar,53,12,12,jspace,ok,objective,0.7970761976576033,1.6887988688646312,0.006466606765095029
,,cheap_talk,scalar,54,12,12,residual,ok,objective,0.9121904055305419,1.1011750102043152,0.5965540677886616
,,cheap_talk,scalar,54,12,12,jspace,ok,objective,0.06126371634180247,1.6981527688905211,-6.023864143034352e-05
,,cheap_talk,scalar,55,12,12,residual,ok,objective,0.8764236317607992,1.1209518611431122,0.5797165225164714
,,cheap_talk,scalar,55,12,12,jspace,ok,objective,0.756352925607325,1.698101879282589,0.004990556874930885
,,cheap_talk,scalar,56,12,12,residual,ok,objective,0.8837357458186045,1.1110321283340454,0.5882162678006498
,,cheap_talk,scalar,56,12,12,jspace,ok,objective,0.9073638536944066,1.687601421826664,0.016696261801799506
,,cheap_talk,scalar,57,12,12,residual,ok,objective,0.8825244759630593,1.1112473209698994,0.5912507494954669
,,cheap_talk,scalar,57,12,12,jspace,ok,objective,0.8534477689826078,1.6923732684918116,0.01577653444936533
,,cheap_talk,scalar,58,12,12,residual,ok,objective,0.8744474708644204,1.1293766299883525,0.5838518207855279
,,cheap_talk,scalar,58,12,12,jspace,ok,objective,0.8804128647423368,1.6689991977450405,0.05070343891737228
,,cheap_talk,scalar,59,12,12,residual,ok,objective,0.8894563485042324,1.1668703854084015,0.5557041162691903
,,cheap_talk,scalar,59,12,12,jspace,ok,objective,0.8606722522888648,1.6922528069049942,0.021159996163995998
,,cheap_talk,scalar,60,12,12,residual,ok,objective,0.891529196507771,1.1934801737467449,0.536612625391969
,,cheap_talk,scalar,60,12,12,jspace,ok,objective,0.8410337886315352,1.6931114065985213,0.02606765190507243
,,cheap_talk,scalar,61,12,12,residual,ok,objective,0.8875784232114403,1.2155585885047913,0.5163993147693038
,,cheap_talk,scalar,61,12,12,jspace,ok,objective,0.835117880350115,1.5439433366877584,0.18846008486798538
,,cheap_talk,scalar,62,12,12,residual,ok,objective,0.88723784786815,1.272172709306081,0.47632340498016856
,,cheap_talk,scalar,62,12,12,jspace,ok,objective,0.8110060045212906,1.5896958923649276,0.16363030424033675
,,cheap_talk,scalar,-1,12,12,output,ok,value_margin,0.4681774841928451,2.413275162378947,-0.6811158148803798
,,cheap_talk,scalar,0,12,12,residual,ok,value_margin,0.6605028988806655,3.0664424498875937,-1.8601985528094342
,,cheap_talk,scalar,0,12,12,jspace,ok,value_margin,0.2811221614575971,1.8749855696617885,1.3027260080566982e-05
,,cheap_talk,scalar,1,12,12,residual,ok,value_margin,0.5578543664961207,1.8191643158594768,-0.01082127427107693
,,cheap_talk,scalar,1,12,12,jspace,ok,value_margin,0.15611853295354053,1.8737123627588284,0.0008338041117122996
,,cheap_talk,scalar,2,12,12,residual,ok,value_margin,0.47248031852136024,2.3260101477305093,-1.037222740655292
,,cheap_talk,scalar,2,12,12,jspace,ok,value_margin,0.10952491391902701,1.8749672813382243,1.0800942544464398e-05
,,cheap_talk,scalar,3,12,12,residual,ok,value_margin,0.559462134702851,10.490336179733276,-25.333132894708136
,,cheap_talk,scalar,3,12,12,jspace,ok,value_margin,0.09324219666591707,1.874992393288008,3.234888432457339e-06
,,cheap_talk,scalar,4,12,12,residual,ok,value_margin,0.7324155389381803,7.358254114786784,-12.16638665184615
,,cheap_talk,scalar,4,12,12,jspace,ok,value_margin,0.19166057015115573,1.8749570932213766,3.276719894296232e-05
,,cheap_talk,scalar,5,12,12,residual,ok,value_margin,0.7229416306741391,5.456102927525838,-6.533550405245729
,,cheap_talk,scalar,5,12,12,jspace,ok,value_margin,-0.059679104829621944,1.8749972070322933,-1.435519646930672e-06
,,cheap_talk,scalar,6,12,12,residual,ok,value_margin,0.8247438902321699,9.02022671699524,-18.48979213736784
,,cheap_talk,scalar,6,12,12,jspace,ok,value_margin,-0.1334963662811624,1.8752867528793191,-8.342963864871322e-05
,,cheap_talk,scalar,7,12,12,residual,ok,value_margin,0.9411428860031467,7.687963247299194,-13.250480854030165
,,cheap_talk,scalar,7,12,12,jspace,ok,value_margin,-0.3021329822946564,1.8750043150977715,-4.424333024166671e-06
,,cheap_talk,scalar,8,12,12,residual,ok,value_margin,0.7537279457285495,1.3047804236412048,0.3868757422636323
,,cheap_talk,scalar,8,12,12,jspace,ok,value_margin,0.11286604639351075,1.874999986989647,3.93204957815918e-07
,,cheap_talk,scalar,9,12,12,residual,ok,value_margin,0.607224457352482,3.9814152916272483,-3.3724804187683928
,,cheap_talk,scalar,9,12,12,jspace,ok,value_margin,0.4767747422736944,1.874934091244065,6.031277403950597e-05
,,cheap_talk,scalar,10,12,12,residual,ok,value_margin,0.6374215011894687,1.4822144110997517,0.03776018153351757
,,cheap_talk,scalar,10,12,12,jspace,ok,value_margin,0.00778585713058996,1.8749927681625562,1.4799970752266134e-06
,,cheap_talk,scalar,11,12,12,residual,ok,value_margin,0.5059129261565236,2.387327949206034,-0.8192354196912361
,,cheap_talk,scalar,11,12,12,jspace,ok,value_margin,0.42752506974087623,1.8741243410267805,0.0010155075805459157
,,cheap_talk,scalar,12,12,12,residual,ok,value_margin,0.549640130679435,5.653797785441081,-7.192656285778696
,,cheap_talk,scalar,12,12,12,jspace,ok,value_margin,-0.09062513243879101,1.8749999910469095,-4.292504597991353e-06
,,cheap_talk,scalar,13,12,12,residual,ok,value_margin,0.5909641405581624,9.453674952189127,-20.460888940157673
,,cheap_talk,scalar,13,12,12,jspace,ok,value_margin,0.4181216259879785,1.8648590916706975,0.007922614026319774
,,cheap_talk,scalar,14,12,12,residual,ok,value_margin,0.6058120030141786,8.05966051419576,-14.751083063759337
,,cheap_talk,scalar,14,12,12,jspace,ok,value_margin,0.4155381754317283,1.8748269451290112,0.00016758858661414244
,,cheap_talk,scalar,15,12,12,residual,ok,value_margin,0.775193802446986,2.748668591181437,-1.2236474777079915
,,cheap_talk,scalar,15,12,12,jspace,ok,value_margin,0.2357030775009526,1.8748992450406148,7.377096587379839e-05
,,cheap_talk,scalar,16,12,12,residual,ok,value_margin,0.767607793313188,1.5217937429745991,0.36853072755765126
,,cheap_talk,scalar,16,12,12,jspace,ok,value_margin,-0.10714074795736517,1.8750334200668322,-5.206940805413396e-05
,,cheap_talk,scalar,17,12,12,residual,ok,value_margin,0.6181381125978418,3.8189448912938437,-3.0461270761444847
,,cheap_talk,scalar,17,12,12,jspace,ok,value_margin,0.237837153900871,1.8749352309818035,5.888490054051232e-05
,,cheap_talk,scalar,18,12,12,residual,ok,value_margin,0.6163374488547716,3.746435364087423,-2.9305326414635013
,,cheap_talk,scalar,18,12,12,jspace,ok,value_margin,0.025952286512397033,1.8749997379258534,-1.4327211808051743e-06
,,cheap_talk,scalar,19,12,12,residual,ok,value_margin,0.5074675710112797,3.4037010272343955,-2.4942579533075198
,,cheap_talk,scalar,19,12,12,jspace,ok,value_margin,-0.27693817340395455,1.8751269176486984,-6.7328382802323e-05
,,cheap_talk,scalar,20,12,12,residual,ok,value_margin,0.5330826619959305,3.7786256074905396,-3.071821554368692
,,cheap_talk,scalar,20,12,12,jspace,ok,value_margin,-0.16398399487057191,1.8750105637735268,-8.495268765340569e-06
,,cheap_talk,scalar,21,12,12,residual,ok,value_margin,0.450140438114473,2.9226394494374595,-1.8309221346899127
,,cheap_talk,scalar,21,12,12,jspace,ok,value_margin,0.5441563113995842,1.8749573547233533,3.7752434894233744e-05
,,cheap_talk,scalar,22,12,12,residual,ok,value_margin,0.44774371813694014,2.38253653049469,-0.9108218950300899
,,cheap_talk,scalar,22,12,12,jspace,ok,value_margin,0.059903047936965145,1.874999394225742,-0.00010059622648306288
,,cheap_talk,scalar,23,12,12,residual,ok,value_margin,0.5112657574549119,1.9883352518081665,-0.32010973460248016
,,cheap_talk,scalar,23,12,12,jspace,ok,value_margin,0.28258878761747447,1.8749212954033236,6.607276240311322e-05
,,cheap_talk,scalar,24,12,12,residual,ok,value_margin,0.4943880136055379,2.5830172300338745,-1.2263668708854412
,,cheap_talk,scalar,24,12,12,jspace,ok,value_margin,0.5163724682971251,1.8749665386904166,2.5394010353951835e-05
,,cheap_talk,scalar,25,12,12,residual,ok,value_margin,0.5199218323656678,2.01604034503301,-0.32933141279785616
,,cheap_talk,scalar,25,12,12,jspace,ok,value_margin,-0.6205744671264298,1.8750171598636707,-2.1768279392819778e-05
,,cheap_talk,scalar,26,12,12,residual,ok,value_margin,0.5466058499806039,1.829551378885905,-0.07136511066616968
,,cheap_talk,scalar,26,12,12,jspace,ok,value_margin,0.5460519988660854,1.8749751762059736,2.2248993133189288e-05
,,cheap_talk,scalar,27,12,12,residual,ok,value_margin,0.4948310563299818,1.5937514106432598,0.14649576573962386
,,cheap_talk,scalar,27,12,12,jspace,ok,value_margin,0.07652738825908398,1.8749901236872504,3.1934745566841727e-06
,,cheap_talk,scalar,28,12,12,residual,ok,value_margin,0.4198637856527354,2.1658618450164795,-0.6957207140633677
,,cheap_talk,scalar,28,12,12,jspace,ok,value_margin,0.4194532400469978,1.874985255367229,2.1227400747170222e-05
,,cheap_talk,scalar,29,12,12,residual,ok,value_margin,0.5051228602304353,1.4708154797554016,0.25278022278607915
,,cheap_talk,scalar,29,12,12,jspace,ok,value_margin,-0.12990941998458078,1.8750260248732051,-2.7321064656860017e-05
,,cheap_talk,scalar,30,12,12,residual,ok,value_margin,0.5252266731419427,1.5427979628245037,0.1887037510191052
,,cheap_talk,scalar,30,12,12,jspace,ok,value_margin,0.42794749738024834,1.8749401196727897,-0.0002245080948894973
,,cheap_talk,scalar,31,12,12,residual,ok,value_margin,0.4293227253159385,2.072170595328013,-0.38923447816518375
,,cheap_talk,scalar,31,12,12,jspace,ok,value_margin,-0.2501543492808968,1.8750095260095652,-1.0114724797505303e-05
,,cheap_talk,scalar,32,12,12,residual,ok,value_margin,0.43936438226451474,3.815666615962982,-3.1956658020850535
,,cheap_talk,scalar,32,12,12,jspace,ok,value_margin,0.3091377597414764,1.8744608465900374,0.000458153501863956
,,cheap_talk,scalar,33,12,12,residual,ok,value_margin,0.331546473915674,2.439469635486603,-0.8981644440358969
,,cheap_talk,scalar,33,12,12,jspace,ok,value_margin,0.3637803950546986,1.8749163855746416,6.0682535449996244e-05
,,cheap_talk,scalar,34,12,12,residual,ok,value_margin,0.5086127472110333,2.532926917076111,-1.0619450603801979
,,cheap_talk,scalar,34,12,12,jspace,ok,value_margin,0.5893695389398915,1.8749403848717934,4.798455640619981e-05
,,cheap_talk,scalar,35,12,12,residual,ok,value_margin,0.5870741571104054,2.746779143810272,-1.2901659490845718
,,cheap_talk,scalar,35,12,12,jspace,ok,value_margin,0.534982671774053,1.8738879275268883,0.000822866475271189
,,cheap_talk,scalar,36,12,12,residual,ok,value_margin,0.6173960472039457,2.380415161450704,-0.8143264455459156
,,cheap_talk,scalar,36,12,12,jspace,ok,value_margin,0.30063404371662295,1.8748907246768978,9.776287388318927e-05
,,cheap_talk,scalar,37,12,12,residual,ok,value_margin,0.590295779990368,2.3011080225308738,-0.7253459201750527
,,cheap_talk,scalar,37,12,12,jspace,ok,value_margin,-0.08884987734434006,1.8750384707046035,-2.3955206328141188e-05
,,cheap_talk,scalar,38,12,12,residual,ok,value_margin,0.6124078954103231,2.074978768825531,-0.3484775770166535
,,cheap_talk,scalar,38,12,12,jspace,ok,value_margin,0.4428381080560661,1.8734718400223465,0.0013222851632533894
,,cheap_talk,scalar,39,12,12,residual,ok,value_margin,0.6376603745219953,2.1495065490404763,-0.40281439377740536
,,cheap_talk,scalar,39,12,12,jspace,ok,value_margin,-0.2623853960761953,1.8752607921425228,-0.000193006681984631
,,cheap_talk,scalar,40,12,12,residual,ok,value_margin,0.6655593030390965,1.8594902952512105,-0.0008975945464781976
,,cheap_talk,scalar,40,12,12,jspace,ok,value_margin,-0.29494672137319167,1.8752822188632585,-0.00023546464489365704
,,cheap_talk,scalar,41,12,12,residual,ok,value_margin,0.6126003431470736,1.4555622736612956,0.29481491305631635
,,cheap_talk,scalar,41,12,12,jspace,ok,value_margin,0.17812184783933108,1.874897916516395,-0.0010025078306987734
,,cheap_talk,scalar,42,12,12,residual,ok,value_margin,0.6025754701877091,1.641773780186971,0.17824349829517872
,,cheap_talk,scalar,42,12,12,jspace,ok,value_margin,0.46335204128744395,1.869895307988757,0.00431083436317703
,,cheap_talk,scalar,43,12,12,residual,ok,value_margin,0.6349376964881529,1.9489486416180928,-0.05506058222946386
,,cheap_talk,scalar,43,12,12,jspace,ok,value_margin,0.6366026969010843,1.8483822170365063,0.016955111576577697
,,cheap_talk,scalar,44,12,12,residual,ok,value_margin,0.6129501386253473,1.868236005306244,3.853253937480261e-06
,,cheap_talk,scalar,44,12,12,jspace,ok,value_margin,0.6412725205376651,1.7608476241439985,0.08257302631994268
,,cheap_talk,scalar,45,12,12,residual,ok,value_margin,0.5399721608610566,1.8530747691790264,-0.007724196927280769
,,cheap_talk,scalar,45,12,12,jspace,ok,value_margin,0.47912166007285106,1.786035933647611,0.060852234254324955
,,cheap_talk,scalar,46,12,12,residual,ok,value_margin,0.5647555286615822,1.9057337840398152,-0.0442575583781184
,,cheap_talk,scalar,46,12,12,jspace,ok,value_margin,0.43853554389845223,1.8120268865563087,0.043844359380576514
,,cheap_talk,scalar,47,12,12,residual,ok,value_margin,0.5390977201420204,2.0897249976793923,-0.2621407046049904
,,cheap_talk,scalar,47,12,12,jspace,ok,value_margin,0.26722432160357534,1.8606705884809127,-0.00952014470321827
,,cheap_talk,scalar,48,12,12,residual,ok,value_margin,0.5144433897512827,2.2821024854977927,-0.5445382035525737
,,cheap_talk,scalar,48,12,12,jspace,ok,value_margin,0.6538947472479852,1.8726613002687202,0.0019654893544395202
,,cheap_talk,scalar,49,12,12,residual,ok,value_margin,0.4101728047639061,2.3554267088572183,-0.656499698493823
,,cheap_talk,scalar,49,12,12,jspace,ok,value_margin,0.37554273824780177,1.8732798197766491,-0.0017313859067809023
,,cheap_talk,scalar,50,12,12,residual,ok,value_margin,0.45838909988173054,2.432628333568573,-0.8033756510762264
,,cheap_talk,scalar,50,12,12,jspace,ok,value_margin,0.7586106709871169,1.8665780254718252,0.008190014265649581
,,cheap_talk,scalar,51,12,12,residual,ok,value_margin,0.560463496963632,2.545721173286438,-1.0407400387375496
,,cheap_talk,scalar,51,12,12,jspace,ok,value_margin,0.6546452676451927,1.8696097342665852,0.005255406213674263
,,cheap_talk,scalar,52,12,12,residual,ok,value_margin,0.5823094869119596,2.513979454835256,-1.0041189277313167
,,cheap_talk,scalar,52,12,12,jspace,ok,value_margin,0.2140834248217137,1.8746815338875347,0.00038690794470808143
,,cheap_talk,scalar,53,12,12,residual,ok,value_margin,0.5471672652666337,2.5333486596743264,-1.066742848417865
,,cheap_talk,scalar,53,12,12,jspace,ok,value_margin,0.5707224853096096,1.8715624081721927,0.002703327784062126
,,cheap_talk,scalar,54,12,12,residual,ok,value_margin,0.6134741492982195,2.6399285197257996,-1.310138675728031
,,cheap_talk,scalar,54,12,12,jspace,ok,value_margin,0.6323819086567425,1.8731539778974458,5.92749622119193e-05
,,cheap_talk,scalar,55,12,12,residual,ok,value_margin,0.6665062577175834,2.625992218653361,-1.2630931465495725
,,cheap_talk,scalar,55,12,12,jspace,ok,value_margin,0.17190495191155192,1.8695585333977467,-0.0028775298016676665
,,cheap_talk,scalar,56,12,12,residual,ok,value_margin,0.6457047114592799,2.590583244959513,-1.186047593090065
,,cheap_talk,scalar,56,12,12,jspace,ok,value_margin,0.10401391785217716,1.8677090956328193,-0.0016160138021168446
,,cheap_talk,scalar,57,12,12,residual,ok,value_margin,0.6194437507827977,2.651589890321096,-1.3095011158047538
,,cheap_talk,scalar,57,12,12,jspace,ok,value_margin,0.22234151256798917,1.8645278022857081,-0.0018280944710198366
,,cheap_talk,scalar,58,12,12,residual,ok,value_margin,0.6146224346939123,2.582646131515503,-1.153997230849956
,,cheap_talk,scalar,58,12,12,jspace,ok,value_margin,-0.18013025960004272,1.8863295786207577,-0.0696763218936014
,,cheap_talk,scalar,59,12,12,residual,ok,value_margin,0.724436232072752,2.756240745385488,-1.5188150871093429
,,cheap_talk,scalar,59,12,12,jspace,ok,value_margin,0.09737586429961637,1.8739100743515547,-0.026511645908331438
,,cheap_talk,scalar,60,12,12,residual,ok,value_margin,0.5853566808127585,2.59107114871343,-1.1570050202428916
,,cheap_talk,scalar,60,12,12,jspace,ok,value_margin,0.3154050991794989,1.870173370802488,-0.012018406071139687
,,cheap_talk,scalar,61,12,12,residual,ok,value_margin,0.5295147357196835,2.6634860833485923,-1.302742889771085
,,cheap_talk,scalar,61,12,12,jspace,ok,value_margin,0.07312084120111305,1.8486724120742506,-0.008732198015083625
,,cheap_talk,scalar,62,12,12,residual,ok,value_margin,0.49349133961344055,2.490759571393331,-0.9490652193255267
,,cheap_talk,scalar,62,12,12,jspace,ok,value_margin,0.5802115548952759,1.7966769976688932,0.05370109513727972
0.5,0.5,signaling,categorical,-1,12,12,output,ok,private_state,,,
0.3333333333333333,0.3333333333333333,signaling,categorical,0,12,12,residual,ok,private_state,,,
0.4166666666666667,0.4166666666666667,signaling,categorical,0,12,12,jspace,ok,private_state,,,
0.3333333333333333,0.3333333333333333,signaling,categorical,1,12,12,residual,ok,private_state,,,
0.16666666666666666,0.16666666666666666,signaling,categorical,1,12,12,jspace,ok,private_state,,,
0.3333333333333333,0.3333333333333333,signaling,categorical,2,12,12,residual,ok,private_state,,,
0.3333333333333333,0.3333333333333333,signaling,categorical,2,12,12,jspace,ok,private_state,,,
0.3333333333333333,0.3333333333333333,signaling,categorical,3,12,12,residual,ok,private_state,,,
0.4166666666666667,0.4166666666666667,signaling,categorical,3,12,12,jspace,ok,private_state,,,
0.3333333333333333,0.3333333333333333,signaling,categorical,4,12,12,residual,ok,private_state,,,
0.3333333333333333,0.3333333333333333,signaling,categorical,4,12,12,jspace,ok,private_state,,,
0.3333333333333333,0.3333333333333333,signaling,categorical,5,12,12,residual,ok,private_state,,,
0.3333333333333333,0.3333333333333333,signaling,categorical,5,12,12,jspace,ok,private_state,,,
0.3333333333333333,0.3333333333333333,signaling,categorical,6,12,12,residual,ok,private_state,,,
0.3333333333333333,0.3333333333333333,signaling,categorical,6,12,12,jspace,ok,private_state,,,
0.3333333333333333,0.3333333333333333,signaling,categorical,7,12,12,residual,ok,private_state,,,
0.3333333333333333,0.3333333333333333,signaling,categorical,7,12,12,jspace,ok,private_state,,,
0.3333333333333333,0.3333333333333333,signaling,categorical,8,12,12,residual,ok,private_state,,,
0.3333333333333333,0.3333333333333333,signaling,categorical,8,12,12,jspace,ok,private_state,,,
0.3333333333333333,0.3333333333333333,signaling,categorical,9,12,12,residual,ok,private_state,,,
0.3333333333333333,0.3333333333333333,signaling,categorical,9,12,12,jspace,ok,private_state,,,
0.3333333333333333,0.3333333333333333,signaling,categorical,10,12,12,residual,ok,private_state,,,
0.3333333333333333,0.3333333333333333,signaling,categorical,10,12,12,jspace,ok,private_state,,,
0.3333333333333333,0.3333333333333333,signaling,categorical,11,12,12,residual,ok,private_state,,,
0.3333333333333333,0.3333333333333333,signaling,categorical,11,12,12,jspace,ok,private_state,,,
0.3333333333333333,0.3333333333333333,signaling,categorical,12,12,12,residual,ok,private_state,,,
0.3333333333333333,0.3333333333333333,signaling,categorical,12,12,12,jspace,ok,private_state,,,
0.3333333333333333,0.3333333333333333,signaling,categorical,13,12,12,residual,ok,private_state,,,
0.3333333333333333,0.3333333333333333,signaling,categorical,13,12,12,jspace,ok,private_state,,,
0.3333333333333333,0.3333333333333333,signaling,categorical,14,12,12,residual,ok,private_state,,,
0.4166666666666667,0.4166666666666667,signaling,categorical,14,12,12,jspace,ok,private_state,,,
0.3333333333333333,0.3333333333333333,signaling,categorical,15,12,12,residual,ok,private_state,,,
0.3333333333333333,0.3333333333333333,signaling,categorical,15,12,12,jspace,ok,private_state,,,
0.3333333333333333,0.3333333333333333,signaling,categorical,16,12,12,residual,ok,private_state,,,
0.3333333333333333,0.3333333333333333,signaling,categorical,16,12,12,jspace,ok,private_state,,,
0.3333333333333333,0.3333333333333333,signaling,categorical,17,12,12,residual,ok,private_state,,,
0.3333333333333333,0.3333333333333333,signaling,categorical,17,12,12,jspace,ok,private_state,,,
0.3333333333333333,0.3333333333333333,signaling,categorical,18,12,12,residual,ok,private_state,,,
0.3333333333333333,0.3333333333333333,signaling,categorical,18,12,12,jspace,ok,private_state,,,
0.75,0.75,signaling,categorical,19,12,12,residual,ok,private_state,,,
0.3333333333333333,0.3333333333333333,signaling,categorical,19,12,12,jspace,ok,private_state,,,
0.5833333333333334,0.5833333333333334,signaling,categorical,20,12,12,residual,ok,private_state,,,
0.3333333333333333,0.3333333333333333,signaling,categorical,20,12,12,jspace,ok,private_state,,,
0.5,0.5,signaling,categorical,21,12,12,residual,ok,private_state,,,
0.3333333333333333,0.3333333333333333,signaling,categorical,21,12,12,jspace,ok,private_state,,,
0.5,0.5,signaling,categorical,22,12,12,residual,ok,private_state,,,
0.5833333333333334,0.5833333333333334,signaling,categorical,22,12,12,jspace,ok,private_state,,,
0.9166666666666666,0.9166666666666666,signaling,categorical,23,12,12,residual,ok,private_state,,,
0.3333333333333333,0.3333333333333333,signaling,categorical,23,12,12,jspace,ok,private_state,,,
0.9166666666666666,0.9166666666666666,signaling,categorical,24,12,12,residual,ok,private_state,,,
0.4166666666666667,0.4166666666666667,signaling,categorical,24,12,12,jspace,ok,private_state,,,
0.6666666666666666,0.6666666666666666,signaling,categorical,25,12,12,residual,ok,private_state,,,
0.3333333333333333,0.3333333333333333,signaling,categorical,25,12,12,jspace,ok,private_state,,,
0.8333333333333334,0.8333333333333334,signaling,categorical,26,12,12,residual,ok,private_state,,,
0.3333333333333333,0.3333333333333333,signaling,categorical,26,12,12,jspace,ok,private_state,,,
0.3333333333333333,0.3333333333333333,signaling,categorical,27,12,12,residual,ok,private_state,,,
0.3333333333333333,0.3333333333333333,signaling,categorical,27,12,12,jspace,ok,private_state,,,
0.3333333333333333,0.3333333333333333,signaling,categorical,28,12,12,residual,ok,private_state,,,
0.3333333333333333,0.3333333333333333,signaling,categorical,28,12,12,jspace,ok,private_state,,,
0.5833333333333334,0.5833333333333334,signaling,categorical,29,12,12,residual,ok,private_state,,,
0.3333333333333333,0.3333333333333333,signaling,categorical,29,12,12,jspace,ok,private_state,,,
0.4166666666666667,0.4166666666666667,signaling,categorical,30,12,12,residual,ok,private_state,,,
0.3333333333333333,0.3333333333333333,signaling,categorical,30,12,12,jspace,ok,private_state,,,
0.3333333333333333,0.3333333333333333,signaling,categorical,31,12,12,residual,ok,private_state,,,
0.3333333333333333,0.3333333333333333,signaling,categorical,31,12,12,jspace,ok,private_state,,,
0.3333333333333333,0.3333333333333333,signaling,categorical,32,12,12,residual,ok,private_state,,,
0.3333333333333333,0.3333333333333333,signaling,categorical,32,12,12,jspace,ok,private_state,,,
0.3333333333333333,0.3333333333333333,signaling,categorical,33,12,12,residual,ok,private_state,,,
0.3333333333333333,0.3333333333333333,signaling,categorical,33,12,12,jspace,ok,private_state,,,
0.3333333333333333,0.3333333333333333,signaling,categorical,34,12,12,residual,ok,private_state,,,
0.3333333333333333,0.3333333333333333,signaling,categorical,34,12,12,jspace,ok,private_state,,,
0.5,0.5,signaling,categorical,35,12,12,residual,ok,private_state,,,
0.25,0.25,signaling,categorical,35,12,12,jspace,ok,private_state,,,
0.3333333333333333,0.3333333333333333,signaling,categorical,36,12,12,residual,ok,private_state,,,
0.3333333333333333,0.3333333333333333,signaling,categorical,36,12,12,jspace,ok,private_state,,,
0.4166666666666667,0.4166666666666667,signaling,categorical,37,12,12,residual,ok,private_state,,,
0.16666666666666666,0.16666666666666666,signaling,categorical,37,12,12,jspace,ok,private_state,,,
0.4166666666666667,0.4166666666666667,signaling,categorical,38,12,12,residual,ok,private_state,,,
0.3333333333333333,0.3333333333333333,signaling,categorical,38,12,12,jspace,ok,private_state,,,
0.3333333333333333,0.3333333333333333,signaling,categorical,39,12,12,residual,ok,private_state,,,
0.25,0.25,signaling,categorical,39,12,12,jspace,ok,private_state,,,
0.4166666666666667,0.4166666666666667,signaling,categorical,40,12,12,residual,ok,private_state,,,
0.3333333333333333,0.3333333333333333,signaling,categorical,40,12,12,jspace,ok,private_state,,,
0.3333333333333333,0.3333333333333333,signaling,categorical,41,12,12,residual,ok,private_state,,,
0.3333333333333333,0.3333333333333333,signaling,categorical,41,12,12,jspace,ok,private_state,,,
0.3333333333333333,0.3333333333333333,signaling,categorical,42,12,12,residual,ok,private_state,,,
0.3333333333333333,0.3333333333333333,signaling,categorical,42,12,12,jspace,ok,private_state,,,
0.3333333333333333,0.3333333333333333,signaling,categorical,43,12,12,residual,ok,private_state,,,
0.4166666666666667,0.4166666666666667,signaling,categorical,43,12,12,jspace,ok,private_state,,,
0.3333333333333333,0.3333333333333333,signaling,categorical,44,12,12,residual,ok,private_state,,,
0.25,0.25,signaling,categorical,44,12,12,jspace,ok,private_state,,,
0.3333333333333333,0.3333333333333333,signaling,categorical,45,12,12,residual,ok,private_state,,,
0.3333333333333333,0.3333333333333333,signaling,categorical,45,12,12,jspace,ok,private_state,,,
0.4166666666666667,0.4166666666666667,signaling,categorical,46,12,12,residual,ok,private_state,,,
0.16666666666666666,0.16666666666666666,signaling,categorical,46,12,12,jspace,ok,private_state,,,
0.5833333333333334,0.5833333333333334,signaling,categorical,47,12,12,residual,ok,private_state,,,
0.3333333333333333,0.3333333333333333,signaling,categorical,47,12,12,jspace,ok,private_state,,,
0.5833333333333334,0.5833333333333334,signaling,categorical,48,12,12,residual,ok,private_state,,,
0.4166666666666667,0.4166666666666667,signaling,categorical,48,12,12,jspace,ok,private_state,,,
0.4166666666666667,0.4166666666666667,signaling,categorical,49,12,12,residual,ok,private_state,,,
0.3333333333333333,0.3333333333333333,signaling,categorical,49,12,12,jspace,ok,private_state,,,
0.3333333333333333,0.3333333333333333,signaling,categorical,50,12,12,residual,ok,private_state,,,
0.3333333333333333,0.3333333333333333,signaling,categorical,50,12,12,jspace,ok,private_state,,,
0.3333333333333333,0.3333333333333333,signaling,categorical,51,12,12,residual,ok,private_state,,,
0.3333333333333333,0.3333333333333333,signaling,categorical,51,12,12,jspace,ok,private_state,,,
0.3333333333333333,0.3333333333333333,signaling,categorical,52,12,12,residual,ok,private_state,,,
0.3333333333333333,0.3333333333333333,signaling,categorical,52,12,12,jspace,ok,private_state,,,
0.3333333333333333,0.3333333333333333,signaling,categorical,53,12,12,residual,ok,private_state,,,
0.16666666666666666,0.16666666666666666,signaling,categorical,53,12,12,jspace,ok,private_state,,,
0.3333333333333333,0.3333333333333333,signaling,categorical,54,12,12,residual,ok,private_state,,,
0.3333333333333333,0.3333333333333333,signaling,categorical,54,12,12,jspace,ok,private_state,,,
0.4166666666666667,0.4166666666666667,signaling,categorical,55,12,12,residual,ok,private_state,,,
0.4166666666666667,0.4166666666666667,signaling,categorical,55,12,12,jspace,ok,private_state,,,
0.4166666666666667,0.4166666666666667,signaling,categorical,56,12,12,residual,ok,private_state,,,
0.5,0.5,signaling,categorical,56,12,12,jspace,ok,private_state,,,
0.3333333333333333,0.3333333333333333,signaling,categorical,57,12,12,residual,ok,private_state,,,
0.5,0.5,signaling,categorical,57,12,12,jspace,ok,private_state,,,
0.4166666666666667,0.4166666666666667,signaling,categorical,58,12,12,residual,ok,private_state,,,
0.4166666666666667,0.4166666666666667,signaling,categorical,58,12,12,jspace,ok,private_state,,,
0.5,0.5,signaling,categorical,59,12,12,residual,ok,private_state,,,
0.6666666666666666,0.6666666666666666,signaling,categorical,59,12,12,jspace,ok,private_state,,,
0.5,0.5,signaling,categorical,60,12,12,residual,ok,private_state,,,
0.5833333333333334,0.5833333333333334,signaling,categorical,60,12,12,jspace,ok,private_state,,,
0.75,0.75,signaling,categorical,61,12,12,residual,ok,private_state,,,
0.3333333333333333,0.3333333333333333,signaling,categorical,61,12,12,jspace,ok,private_state,,,
0.4166666666666667,0.4166666666666667,signaling,categorical,62,12,12,residual,ok,private_state,,,
0.4166666666666667,0.4166666666666667,signaling,categorical,62,12,12,jspace,ok,private_state,,,
0.5,0.3333333333333333,signaling,categorical,-1,12,12,output,ok,strategy,,,
0.8333333333333334,0.8333333333333334,signaling,categorical,0,12,12,residual,ok,strategy,,,
0.5,0.3333333333333333,signaling,categorical,0,12,12,jspace,ok,strategy,,,
0.3333333333333333,0.3333333333333333,signaling,categorical,1,12,12,residual,ok,strategy,,,
0.5,0.3333333333333333,signaling,categorical,1,12,12,jspace,ok,strategy,,,
0.3333333333333333,0.3333333333333333,signaling,categorical,2,12,12,residual,ok,strategy,,,
0.5,0.3333333333333333,signaling,categorical,2,12,12,jspace,ok,strategy,,,
0.3333333333333333,0.3333333333333333,signaling,categorical,3,12,12,residual,ok,strategy,,,
0.5,0.3333333333333333,signaling,categorical,3,12,12,jspace,ok,strategy,,,
0.3333333333333333,0.3333333333333333,signaling,categorical,4,12,12,residual,ok,strategy,,,
0.5,0.3333333333333333,signaling,categorical,4,12,12,jspace,ok,strategy,,,
0.3333333333333333,0.5,signaling,categorical,5,12,12,residual,ok,strategy,,,
0.5,0.3333333333333333,signaling,categorical,5,12,12,jspace,ok,strategy,,,
0.4166666666666667,0.5,signaling,categorical,6,12,12,residual,ok,strategy,,,
0.5,0.3333333333333333,signaling,categorical,6,12,12,jspace,ok,strategy,,,
0.16666666666666666,0.3333333333333333,signaling,categorical,7,12,12,residual,ok,strategy,,,
0.5,0.3333333333333333,signaling,categorical,7,12,12,jspace,ok,strategy,,,
0.16666666666666666,0.3333333333333333,signaling,categorical,8,12,12,residual,ok,strategy,,,
0.5,0.3333333333333333,signaling,categorical,8,12,12,jspace,ok,strategy,,,
0.16666666666666666,0.3333333333333333,signaling,categorical,9,12,12,residual,ok,strategy,,,
0.5,0.3333333333333333,signaling,categorical,9,12,12,jspace,ok,strategy,,,
0.16666666666666666,0.3333333333333333,signaling,categorical,10,12,12,residual,ok,strategy,,,
0.5,0.3333333333333333,signaling,categorical,10,12,12,jspace,ok,strategy,,,
0.16666666666666666,0.3333333333333333,signaling,categorical,11,12,12,residual,ok,strategy,,,
0.5,0.3333333333333333,signaling,categorical,11,12,12,jspace,ok,strategy,,,
0.16666666666666666,0.3333333333333333,signaling,categorical,12,12,12,residual,ok,strategy,,,
0.5,0.3333333333333333,signaling,categorical,12,12,12,jspace,ok,strategy,,,
0.4166666666666667,0.5833333333333334,signaling,categorical,13,12,12,residual,ok,strategy,,,
0.5,0.3333333333333333,signaling,categorical,13,12,12,jspace,ok,strategy,,,
0.5,0.6666666666666666,signaling,categorical,14,12,12,residual,ok,strategy,,,
0.5,0.3333333333333333,signaling,categorical,14,12,12,jspace,ok,strategy,,,
0.3333333333333333,0.3333333333333333,signaling,categorical,15,12,12,residual,ok,strategy,,,
0.5,0.3333333333333333,signaling,categorical,15,12,12,jspace,ok,strategy,,,
0.3333333333333333,0.3333333333333333,signaling,categorical,16,12,12,residual,ok,strategy,,,
0.5,0.3333333333333333,signaling,categorical,16,12,12,jspace,ok,strategy,,,
0.3333333333333333,0.4166666666666667,signaling,categorical,17,12,12,residual,ok,strategy,,,
0.5,0.3333333333333333,signaling,categorical,17,12,12,jspace,ok,strategy,,,
0.3333333333333333,0.3333333333333333,signaling,categorical,18,12,12,residual,ok,strategy,,,
0.5,0.3333333333333333,signaling,categorical,18,12,12,jspace,ok,strategy,,,
0.3333333333333333,0.4166666666666667,signaling,categorical,19,12,12,residual,ok,strategy,,,
0.5,0.3333333333333333,signaling,categorical,19,12,12,jspace,ok,strategy,,,
0.3333333333333333,0.3333333333333333,signaling,categorical,20,12,12,residual,ok,strategy,,,
0.5,0.3333333333333333,signaling,categorical,20,12,12,jspace,ok,strategy,,,
0.4166666666666667,0.47222222222222227,signaling,categorical,21,12,12,residual,ok,strategy,,,
0.5,0.3333333333333333,signaling,categorical,21,12,12,jspace,ok,strategy,,,
0.3333333333333333,0.3333333333333333,signaling,categorical,22,12,12,residual,ok,strategy,,,
0.5,0.3333333333333333,signaling,categorical,22,12,12,jspace,ok,strategy,,,
0.3333333333333333,0.5,signaling,categorical,23,12,12,residual,ok,strategy,,,
0.5,0.3333333333333333,signaling,categorical,23,12,12,jspace,ok,strategy,,,
0.3333333333333333,0.5,signaling,categorical,24,12,12,residual,ok,strategy,,,
0.5,0.3333333333333333,signaling,categorical,24,12,12,jspace,ok,strategy,,,
0.3333333333333333,0.5,signaling,categorical,25,12,12,residual,ok,strategy,,,
0.5,0.3333333333333333,signaling,categorical,25,12,12,jspace,ok,strategy,,,
0.4166666666666667,0.5,signaling,categorical,26,12,12,residual,ok,strategy,,,
0.5,0.3333333333333333,signaling,categorical,26,12,12,jspace,ok,strategy,,,
0.3333333333333333,0.5,signaling,categorical,27,12,12,residual,ok,strategy,,,
0.5,0.3333333333333333,signaling,categorical,27,12,12,jspace,ok,strategy,,,
0.25,0.4166666666666667,signaling,categorical,28,12,12,residual,ok,strategy,,,
0.5,0.3333333333333333,signaling,categorical,28,12,12,jspace,ok,strategy,,,
0.25,0.4166666666666667,signaling,categorical,29,12,12,residual,ok,strategy,,,
0.5,0.3333333333333333,signaling,categorical,29,12,12,jspace,ok,strategy,,,
0.3333333333333333,0.5,signaling,categorical,30,12,12,residual,ok,strategy,,,
0.5,0.3333333333333333,signaling,categorical,30,12,12,jspace,ok,strategy,,,
0.3333333333333333,0.3333333333333333,signaling,categorical,31,12,12,residual,ok,strategy,,,
0.5,0.3333333333333333,signaling,categorical,31,12,12,jspace,ok,strategy,,,
0.5,0.3333333333333333,signaling,categorical,32,12,12,residual,ok,strategy,,,
0.5,0.3333333333333333,signaling,categorical,32,12,12,jspace,ok,strategy,,,
0.5833333333333334,0.5277777777777778,signaling,categorical,33,12,12,residual,ok,strategy,,,
0.5,0.3333333333333333,signaling,categorical,33,12,12,jspace,ok,strategy,,,
0.5,0.3333333333333333,signaling,categorical,34,12,12,residual,ok,strategy,,,
0.5,0.3333333333333333,signaling,categorical,34,12,12,jspace,ok,strategy,,,
0.5,0.4444444444444445,signaling,categorical,35,12,12,residual,ok,strategy,,,
0.5,0.3333333333333333,signaling,categorical,35,12,12,jspace,ok,strategy,,,
0.5,0.3333333333333333,signaling,categorical,36,12,12,residual,ok,strategy,,,
0.5,0.3333333333333333,signaling,categorical,36,12,12,jspace,ok,strategy,,,
0.5833333333333334,0.5,signaling,categorical,37,12,12,residual,ok,strategy,,,
0.5,0.3333333333333333,signaling,categorical,37,12,12,jspace,ok,strategy,,,
0.5833333333333334,0.5,signaling,categorical,38,12,12,residual,ok,strategy,,,
0.5,0.3333333333333333,signaling,categorical,38,12,12,jspace,ok,strategy,,,
0.4166666666666667,0.5,signaling,categorical,39,12,12,residual,ok,strategy,,,
0.5,0.3333333333333333,signaling,categorical,39,12,12,jspace,ok,strategy,,,
0.3333333333333333,0.4444444444444444,signaling,categorical,40,12,12,residual,ok,strategy,,,
0.5,0.3333333333333333,signaling,categorical,40,12,12,jspace,ok,strategy,,,
0.5,0.5555555555555555,signaling,categorical,41,12,12,residual,ok,strategy,,,
0.5,0.3333333333333333,signaling,categorical,41,12,12,jspace,ok,strategy,,,
0.5833333333333334,0.5,signaling,categorical,42,12,12,residual,ok,strategy,,,
0.5,0.3333333333333333,signaling,categorical,42,12,12,jspace,ok,strategy,,,
0.16666666666666666,0.3333333333333333,signaling,categorical,43,12,12,residual,ok,strategy,,,
0.5,0.3333333333333333,signaling,categorical,43,12,12,jspace,ok,strategy,,,
0.16666666666666666,0.3333333333333333,signaling,categorical,44,12,12,residual,ok,strategy,,,
0.5,0.3333333333333333,signaling,categorical,44,12,12,jspace,ok,strategy,,,
0.16666666666666666,0.3333333333333333,signaling,categorical,45,12,12,residual,ok,strategy,,,
0.5,0.3333333333333333,signaling,categorical,45,12,12,jspace,ok,strategy,,,
0.25,0.4166666666666667,signaling,categorical,46,12,12,residual,ok,strategy,,,
0.5,0.3333333333333333,signaling,categorical,46,12,12,jspace,ok,strategy,,,
0.5,0.611111111111111,signaling,categorical,47,12,12,residual,ok,strategy,,,
0.5,0.3333333333333333,signaling,categorical,47,12,12,jspace,ok,strategy,,,
0.6666666666666666,0.75,signaling,categorical,48,12,12,residual,ok,strategy,,,
0.5,0.3333333333333333,signaling,categorical,48,12,12,jspace,ok,strategy,,,
0.6666666666666666,0.7777777777777778,signaling,categorical,49,12,12,residual,ok,strategy,,,
0.5,0.3333333333333333,signaling,categorical,49,12,12,jspace,ok,strategy,,,
0.5,0.5555555555555556,signaling,categorical,50,12,12,residual,ok,strategy,,,
0.5,0.3333333333333333,signaling,categorical,50,12,12,jspace,ok,strategy,,,
0.5,0.5555555555555556,signaling,categorical,51,12,12,residual,ok,strategy,,,
0.5,0.3333333333333333,signaling,categorical,51,12,12,jspace,ok,strategy,,,
0.5,0.5555555555555556,signaling,categorical,52,12,12,residual,ok,strategy,,,
0.5,0.3333333333333333,signaling,categorical,52,12,12,jspace,ok,strategy,,,
0.5,0.5555555555555556,signaling,categorical,53,12,12,residual,ok,strategy,,,
0.5,0.3333333333333333,signaling,categorical,53,12,12,jspace,ok,strategy,,,
0.5,0.5555555555555556,signaling,categorical,54,12,12,residual,ok,strategy,,,
0.5,0.3333333333333333,signaling,categorical,54,12,12,jspace,ok,strategy,,,
0.5,0.5555555555555556,signaling,categorical,55,12,12,residual,ok,strategy,,,
0.5,0.3333333333333333,signaling,categorical,55,12,12,jspace,ok,strategy,,,
0.5,0.5555555555555556,signaling,categorical,56,12,12,residual,ok,strategy,,,
0.5,0.3333333333333333,signaling,categorical,56,12,12,jspace,ok,strategy,,,
0.5,0.5555555555555556,signaling,categorical,57,12,12,residual,ok,strategy,,,
0.5,0.3333333333333333,signaling,categorical,57,12,12,jspace,ok,strategy,,,
0.5,0.5555555555555556,signaling,categorical,58,12,12,residual,ok,strategy,,,
0.5,0.3333333333333333,signaling,categorical,58,12,12,jspace,ok,strategy,,,
0.5833333333333334,0.7222222222222222,signaling,categorical,59,12,12,residual,ok,strategy,,,
0.5,0.3333333333333333,signaling,categorical,59,12,12,jspace,ok,strategy,,,
0.4166666666666667,0.5,signaling,categorical,60,12,12,residual,ok,strategy,,,
0.5,0.3333333333333333,signaling,categorical,60,12,12,jspace,ok,strategy,,,
0.4166666666666667,0.5,signaling,categorical,61,12,12,residual,ok,strategy,,,
0.5,0.3333333333333333,signaling,categorical,61,12,12,jspace,ok,strategy,,,
0.4166666666666667,0.5,signaling,categorical,62,12,12,residual,ok,strategy,,,
0.5,0.3333333333333333,signaling,categorical,62,12,12,jspace,ok,strategy,,,
0.5,0.3333333333333333,signaling,categorical,-1,12,12,output,ok,action,,,
0.5,0.6666666666666666,signaling,categorical,0,12,12,residual,ok,action,,,
0.5,0.3333333333333333,signaling,categorical,0,12,12,jspace,ok,action,,,
0.5,0.6666666666666666,signaling,categorical,1,12,12,residual,ok,action,,,
0.5,0.3333333333333333,signaling,categorical,1,12,12,jspace,ok,action,,,
0.25,0.4166666666666667,signaling,categorical,2,12,12,residual,ok,action,,,
0.5,0.3333333333333333,signaling,categorical,2,12,12,jspace,ok,action,,,
0.16666666666666666,0.3333333333333333,signaling,categorical,3,12,12,residual,ok,action,,,
0.5,0.3333333333333333,signaling,categorical,3,12,12,jspace,ok,action,,,
0.5,0.3333333333333333,signaling,categorical,4,12,12,residual,ok,action,,,
0.5,0.3333333333333333,signaling,categorical,4,12,12,jspace,ok,action,,,
0.5,0.3333333333333333,signaling,categorical,5,12,12,residual,ok,action,,,
0.5,0.3333333333333333,signaling,categorical,5,12,12,jspace,ok,action,,,
0.5,0.3333333333333333,signaling,categorical,6,12,12,residual,ok,action,,,
0.5,0.3333333333333333,signaling,categorical,6,12,12,jspace,ok,action,,,
0.5,0.3333333333333333,signaling,categorical,7,12,12,residual,ok,action,,,
0.5,0.3333333333333333,signaling,categorical,7,12,12,jspace,ok,action,,,
0.5,0.3333333333333333,signaling,categorical,8,12,12,residual,ok,action,,,
0.5,0.3333333333333333,signaling,categorical,8,12,12,jspace,ok,action,,,
0.5,0.3333333333333333,signaling,categorical,9,12,12,residual,ok,action,,,
0.5,0.3333333333333333,signaling,categorical,9,12,12,jspace,ok,action,,,
0.5,0.3333333333333333,signaling,categorical,10,12,12,residual,ok,action,,,
0.5,0.3333333333333333,signaling,categorical,10,12,12,jspace,ok,action,,,
0.5,0.3333333333333333,signaling,categorical,11,12,12,residual,ok,action,,,
0.5,0.3333333333333333,signaling,categorical,11,12,12,jspace,ok,action,,,
0.5,0.3333333333333333,signaling,categorical,12,12,12,residual,ok,action,,,
0.5,0.3333333333333333,signaling,categorical,12,12,12,jspace,ok,action,,,
0.5,0.4444444444444444,signaling,categorical,13,12,12,residual,ok,action,,,
0.5,0.3333333333333333,signaling,categorical,13,12,12,jspace,ok,action,,,
0.8333333333333334,0.6666666666666666,signaling,categorical,14,12,12,residual,ok,action,,,
0.5,0.3333333333333333,signaling,categorical,14,12,12,jspace,ok,action,,,
0.5833333333333334,0.5,signaling,categorical,15,12,12,residual,ok,action,,,
0.5,0.3333333333333333,signaling,categorical,15,12,12,jspace,ok,action,,,
0.6666666666666666,0.5,signaling,categorical,16,12,12,residual,ok,action,,,
0.5,0.3333333333333333,signaling,categorical,16,12,12,jspace,ok,action,,,
0.5833333333333334,0.4166666666666667,signaling,categorical,17,12,12,residual,ok,action,,,
0.5,0.3333333333333333,signaling,categorical,17,12,12,jspace,ok,action,,,
0.6666666666666666,0.5,signaling,categorical,18,12,12,residual,ok,action,,,
0.5,0.3333333333333333,signaling,categorical,18,12,12,jspace,ok,action,,,
0.5,0.3333333333333333,signaling,categorical,19,12,12,residual,ok,action,,,
0.5,0.3333333333333333,signaling,categorical,19,12,12,jspace,ok,action,,,
0.5,0.3333333333333333,signaling,categorical,20,12,12,residual,ok,action,,,
0.5,0.3333333333333333,signaling,categorical,20,12,12,jspace,ok,action,,,
0.5,0.3333333333333333,signaling,categorical,21,12,12,residual,ok,action,,,
0.5,0.3333333333333333,signaling,categorical,21,12,12,jspace,ok,action,,,
0.5,0.3333333333333333,signaling,categorical,22,12,12,residual,ok,action,,,
0.5,0.3333333333333333,signaling,categorical,22,12,12,jspace,ok,action,,,
0.5,0.3333333333333333,signaling,categorical,23,12,12,residual,ok,action,,,
0.5,0.3333333333333333,signaling,categorical,23,12,12,jspace,ok,action,,,
0.5,0.3333333333333333,signaling,categorical,24,12,12,residual,ok,action,,,
0.5,0.3333333333333333,signaling,categorical,24,12,12,jspace,ok,action,,,
0.5,0.3333333333333333,signaling,categorical,25,12,12,residual,ok,action,,,
0.5,0.3333333333333333,signaling,categorical,25,12,12,jspace,ok,action,,,
0.5,0.3333333333333333,signaling,categorical,26,12,12,residual,ok,action,,,
0.5,0.3333333333333333,signaling,categorical,26,12,12,jspace,ok,action,,,
0.5,0.3333333333333333,signaling,categorical,27,12,12,residual,ok,action,,,
0.5,0.3333333333333333,signaling,categorical,27,12,12,jspace,ok,action,,,
0.5,0.3333333333333333,signaling,categorical,28,12,12,residual,ok,action,,,
0.5,0.3333333333333333,signaling,categorical,28,12,12,jspace,ok,action,,,
0.5,0.3333333333333333,signaling,categorical,29,12,12,residual,ok,action,,,
0.5,0.3333333333333333,signaling,categorical,29,12,12,jspace,ok,action,,,
0.5,0.3333333333333333,signaling,categorical,30,12,12,residual,ok,action,,,
0.5,0.3333333333333333,signaling,categorical,30,12,12,jspace,ok,action,,,
0.5,0.3333333333333333,signaling,categorical,31,12,12,residual,ok,action,,,
0.5,0.3333333333333333,signaling,categorical,31,12,12,jspace,ok,action,,,
0.5,0.3333333333333333,signaling,categorical,32,12,12,residual,ok,action,,,
0.5,0.3333333333333333,signaling,categorical,32,12,12,jspace,ok,action,,,
0.6666666666666666,0.6666666666666666,signaling,categorical,33,12,12,residual,ok,action,,,
0.5,0.3333333333333333,signaling,categorical,33,12,12,jspace,ok,action,,,
0.5,0.5555555555555555,signaling,categorical,34,12,12,residual,ok,action,,,
0.5,0.3333333333333333,signaling,categorical,34,12,12,jspace,ok,action,,,
0.5,0.5555555555555555,signaling,categorical,35,12,12,residual,ok,action,,,
0.5,0.3333333333333333,signaling,categorical,35,12,12,jspace,ok,action,,,
0.3333333333333333,0.4444444444444444,signaling,categorical,36,12,12,residual,ok,action,,,
0.5,0.3333333333333333,signaling,categorical,36,12,12,jspace,ok,action,,,
0.3333333333333333,0.4444444444444444,signaling,categorical,37,12,12,residual,ok,action,,,
0.5,0.3333333333333333,signaling,categorical,37,12,12,jspace,ok,action,,,
0.25,0.3888888888888889,signaling,categorical,38,12,12,residual,ok,action,,,
0.5,0.3333333333333333,signaling,categorical,38,12,12,jspace,ok,action,,,
0.16666666666666666,0.3333333333333333,signaling,categorical,39,12,12,residual,ok,action,,,
0.5,0.3333333333333333,signaling,categorical,39,12,12,jspace,ok,action,,,
0.16666666666666666,0.3333333333333333,signaling,categorical,40,12,12,residual,ok,action,,,
0.5,0.3333333333333333,signaling,categorical,40,12,12,jspace,ok,action,,,
0.16666666666666666,0.3333333333333333,signaling,categorical,41,12,12,residual,ok,action,,,
0.5,0.3333333333333333,signaling,categorical,41,12,12,jspace,ok,action,,,
0.16666666666666666,0.3333333333333333,signaling,categorical,42,12,12,residual,ok,action,,,
0.5,0.3333333333333333,signaling,categorical,42,12,12,jspace,ok,action,,,
0.6666666666666666,0.7777777777777777,signaling,categorical,43,12,12,residual,ok,action,,,
0.5,0.3333333333333333,signaling,categorical,43,12,12,jspace,ok,action,,,
0.4166666666666667,0.5277777777777778,signaling,categorical,44,12,12,residual,ok,action,,,
0.5,0.3333333333333333,signaling,categorical,44,12,12,jspace,ok,action,,,
0.5,0.611111111111111,signaling,categorical,45,12,12,residual,ok,action,,,
0.5,0.3333333333333333,signaling,categorical,45,12,12,jspace,ok,action,,,
0.4166666666666667,0.5277777777777778,signaling,categorical,46,12,12,residual,ok,action,,,
0.5,0.3333333333333333,signaling,categorical,46,12,12,jspace,ok,action,,,
0.6666666666666666,0.75,signaling,categorical,47,12,12,residual,ok,action,,,
0.5,0.3333333333333333,signaling,categorical,47,12,12,jspace,ok,action,,,
0.8333333333333334,0.8611111111111112,signaling,categorical,48,12,12,residual,ok,action,,,
0.5,0.3333333333333333,signaling,categorical,48,12,12,jspace,ok,action,,,
0.75,0.7777777777777778,signaling,categorical,49,12,12,residual,ok,action,,,
0.5,0.3333333333333333,signaling,categorical,49,12,12,jspace,ok,action,,,
0.75,0.75,signaling,categorical,50,12,12,residual,ok,action,,,
0.5,0.3333333333333333,signaling,categorical,50,12,12,jspace,ok,action,,,
0.75,0.7777777777777778,signaling,categorical,51,12,12,residual,ok,action,,,
0.5,0.3333333333333333,signaling,categorical,51,12,12,jspace,ok,action,,,
0.75,0.7777777777777778,signaling,categorical,52,12,12,residual,ok,action,,,
0.5,0.3333333333333333,signaling,categorical,52,12,12,jspace,ok,action,,,
0.8333333333333334,0.8333333333333334,signaling,categorical,53,12,12,residual,ok,action,,,
0.5,0.3333333333333333,signaling,categorical,53,12,12,jspace,ok,action,,,
0.75,0.7777777777777778,signaling,categorical,54,12,12,residual,ok,action,,,
0.5,0.3333333333333333,signaling,categorical,54,12,12,jspace,ok,action,,,
0.75,0.6944444444444445,signaling,categorical,55,12,12,residual,ok,action,,,
0.5,0.3333333333333333,signaling,categorical,55,12,12,jspace,ok,action,,,
0.8333333333333334,0.8611111111111112,signaling,categorical,56,12,12,residual,ok,action,,,
0.5,0.3333333333333333,signaling,categorical,56,12,12,jspace,ok,action,,,
0.8333333333333334,0.8611111111111112,signaling,categorical,57,12,12,residual,ok,action,,,
0.5,0.3333333333333333,signaling,categorical,57,12,12,jspace,ok,action,,,
0.75,0.6944444444444445,signaling,categorical,58,12,12,residual,ok,action,,,
0.5,0.3333333333333333,signaling,categorical,58,12,12,jspace,ok,action,,,
0.8333333333333334,0.75,signaling,categorical,59,12,12,residual,ok,action,,,
0.5,0.3333333333333333,signaling,categorical,59,12,12,jspace,ok,action,,,
0.75,0.5833333333333334,signaling,categorical,60,12,12,residual,ok,action,,,
0.5,0.3333333333333333,signaling,categorical,60,12,12,jspace,ok,action,,,
0.75,0.5833333333333334,signaling,categorical,61,12,12,residual,ok,action,,,
0.5,0.3333333333333333,signaling,categorical,61,12,12,jspace,ok,action,,,
0.75,0.5833333333333334,signaling,categorical,62,12,12,residual,ok,action,,,
0.5,0.3333333333333333,signaling,categorical,62,12,12,jspace,ok,action,,,
,,signaling,scalar,-1,12,12,output,ok,belief,0.7307903256133159,0.24586199472347894,0.10371058513505893
,,signaling,scalar,0,12,12,residual,ok,belief,0.9375474497356308,0.7258933236201605,-3.620097701068297
,,signaling,scalar,0,12,12,jspace,ok,belief,0.5139778216188284,0.27781943184612484,0.0015048537631586756
,,signaling,scalar,1,12,12,residual,ok,belief,0.8218599801727097,0.22148831064502397,0.5015294170011948
,,signaling,scalar,1,12,12,jspace,ok,belief,-0.5331731752640332,0.2775519909899826,-0.0010888637843533555
,,signaling,scalar,2,12,12,residual,ok,belief,0.8513600948669897,0.2264681284626325,0.2815324033122585
,,signaling,scalar,2,12,12,jspace,ok,belief,-0.5111586545622259,0.27778444612022585,-7.544118512115006e-06
,,signaling,scalar,3,12,12,residual,ok,belief,0.9158968363751477,2.4894640843073526,-51.74888869356507
,,signaling,scalar,3,12,12,jspace,ok,belief,0.15462003648309264,0.27777297830217706,1.5050439567843021e-05
,,signaling,scalar,4,12,12,residual,ok,belief,0.8866739334724636,2.222850501537323,-41.15195857419786
,,signaling,scalar,4,12,12,jspace,ok,belief,-0.23459543392309307,0.27772766419448197,-0.00030786901538659706
,,signaling,scalar,5,12,12,residual,ok,belief,0.966186851768368,1.7884519298871357,-26.289470788231185
,,signaling,scalar,5,12,12,jspace,ok,belief,0.20643776271000433,0.2776462888121253,9.94876927713495e-05
,,signaling,scalar,6,12,12,residual,ok,belief,0.979258706484067,1.5436097780863445,-19.349565367600867
,,signaling,scalar,6,12,12,jspace,ok,belief,-0.3225831065511333,0.2777757710257305,-7.83321958208738e-06
,,signaling,scalar,7,12,12,residual,ok,belief,0.9536229167490089,1.4160165389378865,-16.12734331362049
,,signaling,scalar,7,12,12,jspace,ok,belief,0.31175082460052267,0.2777729188060855,2.686243034233371e-06
,,signaling,scalar,8,12,12,residual,ok,belief,0.9700199894151866,1.103554944197337,-9.484664480336166
,,signaling,scalar,8,12,12,jspace,ok,belief,-0.1116021090723439,0.2777738391327724,-8.880932601540437e-06
,,signaling,scalar,9,12,12,residual,ok,belief,0.9600946587237068,0.7907374004522959,-4.496381064390071
,,signaling,scalar,9,12,12,jspace,ok,belief,-0.4619373610308597,0.2777813611596795,-8.591608136421236e-05
,,signaling,scalar,10,12,12,residual,ok,belief,0.9149586188319312,0.5876216838757197,-2.173884126520789
,,signaling,scalar,10,12,12,jspace,ok,belief,0.47119594591121566,0.2778100351103891,0.00010759879132682393
,,signaling,scalar,11,12,12,residual,ok,belief,0.9186087122339086,0.8781571388244629,-5.819817952470223
,,signaling,scalar,11,12,12,jspace,ok,belief,0.1471865350891172,0.2777773982390689,1.8815902658175787e-06
,,signaling,scalar,12,12,12,residual,ok,belief,0.9739610316979787,0.34280165036519367,-0.20667040427536776
,,signaling,scalar,12,12,12,jspace,ok,belief,-0.08252094762097217,0.27776743847113944,-1.9233170028831736e-05
,,signaling,scalar,13,12,12,residual,ok,belief,0.9400371380775513,0.9086704726020495,-6.3120298917395825
,,signaling,scalar,13,12,12,jspace,ok,belief,0.2917725844980201,0.27670608510890454,0.0011140035676729942
,,signaling,scalar,14,12,12,residual,ok,belief,0.9414438210716394,0.9474909802277883,-6.926951772927039
,,signaling,scalar,14,12,12,jspace,ok,belief,0.5271764555895282,0.2777849275472602,0.00020336034323353847
,,signaling,scalar,15,12,12,residual,ok,belief,0.9019861841072281,1.0540390089154243,-8.80204523768083
,,signaling,scalar,15,12,12,jspace,ok,belief,-0.30449902531835266,0.2777834997939976,-6.253066217465353e-05
,,signaling,scalar,16,12,12,residual,ok,belief,0.8115653705756826,1.1512974898020427,-10.738635371291487
,,signaling,scalar,16,12,12,jspace,ok,belief,-0.33208132374102,0.2777794752531583,-3.3380312845832094e-05
,,signaling,scalar,17,12,12,residual,ok,belief,0.6850225367119285,1.0563300947348278,-9.027643539355417
,,signaling,scalar,17,12,12,jspace,ok,belief,-0.4252906103969647,0.27846250726832317,-0.0005720856996258572
,,signaling,scalar,18,12,12,residual,ok,belief,0.6021468772085816,0.893497015039126,-6.414994004868675
,,signaling,scalar,18,12,12,jspace,ok,belief,-0.3888540801992641,0.27788465017564606,-0.00013057175041431002
,,signaling,scalar,19,12,12,residual,ok,belief,0.658280125207162,0.4680533930659294,-1.4567770553330108
,,signaling,scalar,19,12,12,jspace,ok,belief,-0.7672700500424492,0.2778155558355983,-6.261502991700141e-05
,,signaling,scalar,20,12,12,residual,ok,belief,0.7760919587590168,0.24913900966445604,0.1574711047130556
,,signaling,scalar,20,12,12,jspace,ok,belief,-0.6100390566676172,0.2777649945845454,-6.071512868910389e-06
,,signaling,scalar,21,12,12,residual,ok,belief,0.7382811962234919,0.2089579626917839,0.3782651301399692
,,signaling,scalar,21,12,12,jspace,ok,belief,0.5267418750931941,0.2699775463959155,-0.0045915551447566205
,,signaling,scalar,22,12,12,residual,ok,belief,0.7634521851942381,0.2167538839081923,0.3020358523552725
,,signaling,scalar,22,12,12,jspace,ok,belief,0.453278285266355,0.2777724599334026,9.64257978546268e-05
,,signaling,scalar,23,12,12,residual,ok,belief,0.7311156763729568,0.3381461948156357,-0.2684220032598743
,,signaling,scalar,23,12,12,jspace,ok,belief,-0.4146097670199147,0.2778395710048231,-1.8794797632004645e-05
,,signaling,scalar,24,12,12,residual,ok,belief,0.6437625746982876,0.23712541535496712,0.2960835072797987
,,signaling,scalar,24,12,12,jspace,ok,belief,0.4455513681396596,0.27777589838779354,5.327940129529196e-06
,,signaling,scalar,25,12,12,residual,ok,belief,0.789823123381887,0.29288772741953534,0.011436997293165163
,,signaling,scalar,25,12,12,jspace,ok,belief,0.23252555636779565,0.2820954736190604,-0.0014176442493187835
,,signaling,scalar,26,12,12,residual,ok,belief,0.8719886725392639,0.18846255789200464,0.5612015826961456
,,signaling,scalar,26,12,12,jspace,ok,belief,0.23945597549460337,0.27766503469248544,2.096999442124936e-05
,,signaling,scalar,27,12,12,residual,ok,belief,0.9305335587848443,0.44776273270448047,-1.063401910861821
,,signaling,scalar,27,12,12,jspace,ok,belief,-0.5236324364422285,0.27778214317420186,-3.981351927251353e-06
,,signaling,scalar,28,12,12,residual,ok,belief,0.93969143291382,0.4203651895125707,-0.8941984140249761
,,signaling,scalar,28,12,12,jspace,ok,belief,-0.5121342684630111,0.2777750085875903,-2.2253867785204662e-05
,,signaling,scalar,29,12,12,residual,ok,belief,0.6633935274867027,0.34530090789000195,-0.4042721950662713
,,signaling,scalar,29,12,12,jspace,ok,belief,0.4454549823226502,0.27777962362922104,2.2452180754473083e-05
,,signaling,scalar,30,12,12,residual,ok,belief,0.785417754421978,0.22585393488407135,0.3770058994941816
,,signaling,scalar,30,12,12,jspace,ok,belief,0.2470276059382238,0.2782840810776491,0.0003026201458200539
,,signaling,scalar,31,12,12,residual,ok,belief,0.6725441885194734,0.33308037122090656,-0.3308702559807759
,,signaling,scalar,31,12,12,jspace,ok,belief,-0.47439286666733577,0.2777601092567618,-1.7147884665114077e-05
,,signaling,scalar,32,12,12,residual,ok,belief,0.7037443351576199,0.23639782021443048,0.16277697540419178
,,signaling,scalar,32,12,12,jspace,ok,belief,-0.31347677179468664,0.277903403643934,-7.576805396958264e-05
,,signaling,scalar,33,12,12,residual,ok,belief,0.706821381744579,0.613753487666448,-2.8643863458983074
,,signaling,scalar,33,12,12,jspace,ok,belief,-0.4301973753862414,0.276547619978147,-0.00016779283374912524
,,signaling,scalar,34,12,12,residual,ok,belief,0.8421124692873503,0.5900352299213409,-2.518770899870604
,,signaling,scalar,34,12,12,jspace,ok,belief,0.05137284775944364,0.27778000149864107,1.1617846004119414e-06
,,signaling,scalar,35,12,12,residual,ok,belief,0.702917385766954,0.6063184489806493,-2.6710115065801503
,,signaling,scalar,35,12,12,jspace,ok,belief,-0.49526881479717283,0.2776300228554272,-0.0005014514155436967
,,signaling,scalar,36,12,12,residual,ok,belief,0.6504972808690122,0.943983405828476,-7.180041258550242
,,signaling,scalar,36,12,12,jspace,ok,belief,-0.18332029839739294,0.2777000458243663,-1.131801186726733e-05
,,signaling,scalar,37,12,12,residual,ok,belief,0.5721098013221182,0.9413662751515707,-7.209476922484482
,,signaling,scalar,37,12,12,jspace,ok,belief,-0.10398771765659975,0.27776222119394617,-3.600475907195033e-06
,,signaling,scalar,38,12,12,residual,ok,belief,0.653014720717937,1.0859781603018444,-9.60748327255673
,,signaling,scalar,38,12,12,jspace,ok,belief,0.0667953777855908,0.2777402262694259,4.189353984496158e-06
,,signaling,scalar,39,12,12,residual,ok,belief,0.6537550467844881,1.075619141260783,-9.413945894079736
,,signaling,scalar,39,12,12,jspace,ok,belief,-0.5979512565884589,0.27779846100702604,-0.000109737902610485
,,signaling,scalar,40,12,12,residual,ok,belief,0.6407667261807242,1.0950173834959667,-9.77983169294908
,,signaling,scalar,40,12,12,jspace,ok,belief,-0.3726943896962096,0.27782398366396716,-6.62701000797572e-05
,,signaling,scalar,41,12,12,residual,ok,belief,0.63177976205386,0.918542206287384,-6.7954675377972755
,,signaling,scalar,41,12,12,jspace,ok,belief,-0.6447487259257106,0.2778618444572713,-0.00012654598194306033
,,signaling,scalar,42,12,12,residual,ok,belief,0.4987384149229014,0.6444877882798513,-3.2759540818692825
,,signaling,scalar,42,12,12,jspace,ok,belief,0.19388685906033806,0.277871318346046,4.8003356701853406e-05
,,signaling,scalar,43,12,12,residual,ok,belief,0.7059412393864882,0.25009215871493023,0.2316698633162525
,,signaling,scalar,43,12,12,jspace,ok,belief,0.30707354990099817,0.2778020609547142,0.005982880441019467
,,signaling,scalar,44,12,12,residual,ok,belief,0.5685753539999607,0.32096520562966663,-0.23154168540420916
,,signaling,scalar,44,12,12,jspace,ok,belief,0.23432109178416025,0.2779706737700918,0.00041348828448573016
,,signaling,scalar,45,12,12,residual,ok,belief,0.49412804103930186,0.3272210583090782,-0.3206053185003621
,,signaling,scalar,45,12,12,jspace,ok,belief,0.8063398599562056,0.2773576458571922,0.001390114619009175
,,signaling,scalar,46,12,12,residual,ok,belief,0.4433778496099714,0.3159446393450101,-0.24127971592762387
,,signaling,scalar,46,12,12,jspace,ok,belief,0.7862999616741244,0.27769079740574365,0.0005461588415808238
,,signaling,scalar,47,12,12,residual,ok,belief,0.5873732637882784,0.32160240411758423,-0.2705934855854535
,,signaling,scalar,47,12,12,jspace,ok,belief,0.7043036752577083,0.26125337353386535,-0.001927543048132696
,,signaling,scalar,48,12,12,residual,ok,belief,0.5392480235639941,0.279389388859272,0.04043786111557579
,,signaling,scalar,48,12,12,jspace,ok,belief,0.20625633110660224,0.27771427538394133,0.00038133198797396517
,,signaling,scalar,49,12,12,residual,ok,belief,0.54543806166127,0.2802297919988632,0.03140352646744249
,,signaling,scalar,49,12,12,jspace,ok,belief,0.30840354757768235,0.27737942318874836,0.00031756937259519447
,,signaling,scalar,50,12,12,residual,ok,belief,0.6009097948367843,0.35349372277657193,-0.4599359399038969
,,signaling,scalar,50,12,12,jspace,ok,belief,0.43444690979084144,0.2765916901231034,0.001503497827608835
,,signaling,scalar,51,12,12,residual,ok,belief,0.598615608404922,0.39459356913963956,-0.7280817727702935
,,signaling,scalar,51,12,12,jspace,ok,belief,0.023072632471997635,0.2769027993831609,9.88735834029919e-05
,,signaling,scalar,52,12,12,residual,ok,belief,0.5939391699380404,0.36300219347079593,-0.5193633065354399
,,signaling,scalar,52,12,12,jspace,ok,belief,0.06715726993108066,0.2771982692578565,0.00010423775365031585
,,signaling,scalar,53,12,12,residual,ok,belief,0.6228878000301744,0.3489018678665161,-0.40114733421557314
,,signaling,scalar,53,12,12,jspace,ok,belief,-0.37831739753101246,0.2776349351503054,-0.0005905302314879179
,,signaling,scalar,54,12,12,residual,ok,belief,0.604670138824986,0.353423610329628,-0.4210517328404122
,,signaling,scalar,54,12,12,jspace,ok,belief,0.3093064797232945,0.2775337332739271,0.0007355894849832012
,,signaling,scalar,55,12,12,residual,ok,belief,0.6197605046008325,0.28677164514859516,0.042724704677768566
,,signaling,scalar,55,12,12,jspace,ok,belief,0.5734893966331329,0.2770167807222869,0.0032323778409918402
,,signaling,scalar,56,12,12,residual,ok,belief,0.6209585722506356,0.29106975595156354,0.028880351684086314
,,signaling,scalar,56,12,12,jspace,ok,belief,0.44646730157144177,0.27588376441580514,0.004526396378428665
,,signaling,scalar,57,12,12,residual,ok,belief,0.5977106495784003,0.2839033951361974,0.08282047404125625
,,signaling,scalar,57,12,12,jspace,ok,belief,0.6630755681022854,0.27222070068443266,0.016082964222905782
,,signaling,scalar,58,12,12,residual,ok,belief,0.5884562279727018,0.2785918600857258,0.1118710789813473
,,signaling,scalar,58,12,12,jspace,ok,belief,0.598844920565961,0.26987523640495686,0.023259192790101246
,,signaling,scalar,59,12,12,residual,ok,belief,0.6210060793149679,0.25881460557381314,0.22248186387303726
,,signaling,scalar,59,12,12,jspace,ok,belief,0.6013303604998196,0.2765780299887586,0.004168237494588833
,,signaling,scalar,60,12,12,residual,ok,belief,0.6409852236891165,0.22308440258105597,0.3635413402633253
,,signaling,scalar,60,12,12,jspace,ok,belief,0.6501662439129892,0.27649865132834267,0.0035158059985714862
,,signaling,scalar,61,12,12,residual,ok,belief,0.6740392531937096,0.2072931999961535,0.43381860374438785
,,signaling,scalar,61,12,12,jspace,ok,belief,0.42622073837102786,0.2679604093569771,0.005859270336904365
,,signaling,scalar,62,12,12,residual,ok,belief,0.7063775427297196,0.19348993028203645,0.46165886853548366
,,signaling,scalar,62,12,12,jspace,ok,belief,0.6551202996198197,0.2679425544201135,0.028257857629203187
,,signaling,scalar,-1,12,12,output,ok,objective,0.7307903256133159,0.9834479788939158,0.10371058513505893
,,signaling,scalar,0,12,12,residual,ok,objective,0.9375474497356308,2.903573294480642,-3.620097701068297
,,signaling,scalar,0,12,12,jspace,ok,objective,0.5139778216188284,1.1112777273844994,0.0015048537631586756
,,signaling,scalar,1,12,12,residual,ok,objective,0.8218599801727097,0.8859532425800959,0.5015294170011948
,,signaling,scalar,1,12,12,jspace,ok,objective,-0.5331731752640332,1.1102079639599305,-0.0010888637843533555
,,signaling,scalar,2,12,12,residual,ok,objective,0.8513600948669897,0.90587251385053,0.2815324033122585
,,signaling,scalar,2,12,12,jspace,ok,objective,-0.5111586545622259,1.1111377844809034,-7.544118512115006e-06
,,signaling,scalar,3,12,12,residual,ok,objective,0.9158968363751477,9.95785633722941,-51.74888869356507
,,signaling,scalar,3,12,12,jspace,ok,objective,0.15462003648309264,1.1110919132087083,1.5050439567843021e-05
,,signaling,scalar,4,12,12,residual,ok,objective,0.8866739334724636,8.891402006149292,-41.15195857419786
,,signaling,scalar,4,12,12,jspace,ok,objective,-0.23459543392309307,1.1109106567779279,-0.00030786901538659706
,,signaling,scalar,5,12,12,residual,ok,objective,0.966186851768368,7.153807719548543,-26.289470788231185
,,signaling,scalar,5,12,12,jspace,ok,objective,0.20643776271000433,1.110585155248501,9.94876927713495e-05
,,signaling,scalar,6,12,12,residual,ok,objective,0.979258706484067,6.174439112345378,-19.349565367600867
,,signaling,scalar,6,12,12,jspace,ok,objective,-0.3225831065511333,1.111103084102922,-7.83321958208738e-06
,,signaling,scalar,7,12,12,residual,ok,objective,0.9536229167490089,5.664066155751546,-16.12734331362049
,,signaling,scalar,7,12,12,jspace,ok,objective,0.31175082460052267,1.111091675224342,2.686243034233371e-06
,,signaling,scalar,8,12,12,residual,ok,objective,0.9700199894151866,4.414219776789348,-9.484664480336166
,,signaling,scalar,8,12,12,jspace,ok,objective,-0.1116021090723439,1.1110953565310897,-8.880932601540437e-06
,,signaling,scalar,9,12,12,residual,ok,objective,0.9600946587237068,3.1629496018091836,-4.496381064390071
,,signaling,scalar,9,12,12,jspace,ok,objective,-0.4619373610308597,1.111125444638718,-8.591608136421236e-05
,,signaling,scalar,10,12,12,residual,ok,objective,0.9149586188319312,2.3504867355028787,-2.173884126520789
,,signaling,scalar,10,12,12,jspace,ok,objective,0.47119594591121566,1.1112401404415564,0.00010759879132682393
,,signaling,scalar,11,12,12,residual,ok,objective,0.9186087122339086,3.5126285552978516,-5.819817952470223
,,signaling,scalar,11,12,12,jspace,ok,objective,0.1471865350891172,1.1111095929562755,1.8815902658175787e-06
,,signaling,scalar,12,12,12,residual,ok,objective,0.9739610316979787,1.3712066014607747,-0.20667040427536776
,,signaling,scalar,12,12,12,jspace,ok,objective,-0.08252094762097217,1.1110697538845578,-1.9233170028831736e-05
,,signaling,scalar,13,12,12,residual,ok,objective,0.9400371380775513,3.634681890408198,-6.3120298917395825
,,signaling,scalar,13,12,12,jspace,ok,objective,0.2917725844980201,1.1068243404356182,0.0011140035676729942
,,signaling,scalar,14,12,12,residual,ok,objective,0.9414438210716394,3.7899639209111533,-6.926951772927039
,,signaling,scalar,14,12,12,jspace,ok,objective,0.5271764555895282,1.1111397101890408,0.00020336034323353847
,,signaling,scalar,15,12,12,residual,ok,objective,0.9019861841072281,4.216156035661697,-8.80204523768083
,,signaling,scalar,15,12,12,jspace,ok,objective,-0.30449902531835266,1.1111339991759903,-6.253066217465353e-05
,,signaling,scalar,16,12,12,residual,ok,objective,0.8115653705756826,4.605189959208171,-10.738635371291487
,,signaling,scalar,16,12,12,jspace,ok,objective,-0.33208132374102,1.1111179010126333,-3.3380312845832094e-05
,,signaling,scalar,17,12,12,residual,ok,objective,0.6850225367119285,4.225320378939311,-9.027643539355417
,,signaling,scalar,17,12,12,jspace,ok,objective,-0.4252906103969647,1.1138500290732927,-0.0005720856996258572
,,signaling,scalar,18,12,12,residual,ok,objective,0.6021468772085816,3.573988060156504,-6.414994004868675
,,signaling,scalar,18,12,12,jspace,ok,objective,-0.3888540801992641,1.1115386007025843,-0.00013057175041431002
,,signaling,scalar,19,12,12,residual,ok,objective,0.658280125207162,1.8722135722637177,-1.4567770553330108
,,signaling,scalar,19,12,12,jspace,ok,objective,-0.7672700500424492,1.1112622233423932,-6.261502991700141e-05
,,signaling,scalar,20,12,12,residual,ok,objective,0.7760919587590168,0.9965560386578242,0.1574711047130556
,,signaling,scalar,20,12,12,jspace,ok,objective,-0.6100390566676172,1.1110599783381816,-6.071512868910389e-06
,,signaling,scalar,21,12,12,residual,ok,objective,0.7382811962234919,0.8358318507671356,0.3782651301399692
,,signaling,scalar,21,12,12,jspace,ok,objective,0.5267418750931941,1.079910185583662,-0.0045915551447566205
,,signaling,scalar,22,12,12,residual,ok,objective,0.7634521851942381,0.8670155356327692,0.3020358523552725
,,signaling,scalar,22,12,12,jspace,ok,objective,0.453278285266355,1.1110898397336104,9.64257978546268e-05
,,signaling,scalar,23,12,12,residual,ok,objective,0.7311156763729568,1.3525847792625427,-0.2684220032598743
,,signaling,scalar,23,12,12,jspace,ok,objective,-0.4146097670199147,1.1113582840192924,-1.8794797632004645e-05
,,signaling,scalar,24,12,12,residual,ok,objective,0.6437625746982876,0.9485016614198685,0.2960835072797987
,,signaling,scalar,24,12,12,jspace,ok,objective,0.4455513681396596,1.1111035935511742,5.327940129529196e-06
,,signaling,scalar,25,12,12,residual,ok,objective,0.789823123381887,1.1715509096781414,0.011436997293165163
,,signaling,scalar,25,12,12,jspace,ok,objective,0.23252555636779565,1.1283818944762416,-0.0014176442493187835
,,signaling,scalar,26,12,12,residual,ok,objective,0.8719886725392639,0.7538502315680186,0.5612015826961456
,,signaling,scalar,26,12,12,jspace,ok,objective,0.23945597549460337,1.1106601387699417,2.096999442124936e-05
,,signaling,scalar,27,12,12,residual,ok,objective,0.9305335587848443,1.7910509308179219,-1.063401910861821
,,signaling,scalar,27,12,12,jspace,ok,objective,-0.5236324364422285,1.1111285726968074,-3.981351927251353e-06
,,signaling,scalar,28,12,12,residual,ok,objective,0.93969143291382,1.6814607580502827,-0.8941984140249761
,,signaling,scalar,28,12,12,jspace,ok,objective,-0.5121342684630111,1.1111000343503612,-2.2253867785204662e-05
,,signaling,scalar,29,12,12,residual,ok,objective,0.6633935274867027,1.3812036315600078,-0.4042721950662713
,,signaling,scalar,29,12,12,jspace,ok,objective,0.4454549823226502,1.1111184945168842,2.2452180754473083e-05
,,signaling,scalar,30,12,12,residual,ok,objective,0.785417754421978,0.9034157395362854,0.3770058994941816
,,signaling,scalar,30,12,12,jspace,ok,objective,0.2470276059382238,1.1131363243105965,0.0003026201458200539
,,signaling,scalar,31,12,12,residual,ok,objective,0.6725441885194734,1.3323214848836262,-0.3308702559807759
,,signaling,scalar,31,12,12,jspace,ok,objective,-0.47439286666733577,1.1110404370270472,-1.7147884665114077e-05
,,signaling,scalar,32,12,12,residual,ok,objective,0.7037443351576199,0.9455912808577219,0.16277697540419178
,,signaling,scalar,32,12,12,jspace,ok,objective,-0.31347677179468664,1.111613614575736,-7.576805396958264e-05
,,signaling,scalar,33,12,12,residual,ok,objective,0.706821381744579,2.455013950665792,-2.8643863458983074
,,signaling,scalar,33,12,12,jspace,ok,objective,-0.4301973753862414,1.106190479912588,-0.00016779283374912524
,,signaling,scalar,34,12,12,residual,ok,objective,0.8421124692873503,2.3601409196853638,-2.518770899870604
,,signaling,scalar,34,12,12,jspace,ok,objective,0.05137284775944364,1.1111200059945643,1.1617846004119414e-06
,,signaling,scalar,35,12,12,residual,ok,objective,0.702917385766954,2.4252737959225974,-2.6710115065801503
,,signaling,scalar,35,12,12,jspace,ok,objective,-0.49526881479717283,1.1105200914217088,-0.0005014514155436967
,,signaling,scalar,36,12,12,residual,ok,objective,0.6504972808690122,3.775933623313904,-7.180041258550242
,,signaling,scalar,36,12,12,jspace,ok,objective,-0.18332029839739294,1.1108001832974652,-1.131801186726733e-05
,,signaling,scalar,37,12,12,residual,ok,objective,0.5721098013221182,3.7654651006062827,-7.209476922484482
,,signaling,scalar,37,12,12,jspace,ok,objective,-0.10398771765659975,1.1110488847757847,-3.600475907195033e-06
,,signaling,scalar,38,12,12,residual,ok,objective,0.653014720717937,4.343912641207377,-9.60748327255673
,,signaling,scalar,38,12,12,jspace,ok,objective,0.0667953777855908,1.1109609050777036,4.189353984496158e-06
,,signaling,scalar,39,12,12,residual,ok,objective,0.6537550467844881,4.302476565043132,-9.413945894079736
,,signaling,scalar,39,12,12,jspace,ok,objective,-0.5979512565884589,1.1111938440281042,-0.000109737902610485
,,signaling,scalar,40,12,12,residual,ok,objective,0.6407667261807242,4.380069533983867,-9.77983169294908
,,signaling,scalar,40,12,12,jspace,ok,objective,-0.3726943896962096,1.1112959346558686,-6.62701000797572e-05
,,signaling,scalar,41,12,12,residual,ok,objective,0.63177976205386,3.674168825149536,-6.7954675377972755
,,signaling,scalar,41,12,12,jspace,ok,objective,-0.6447487259257106,1.1114473778290852,-0.00012654598194306033
,,signaling,scalar,42,12,12,residual,ok,objective,0.4987384149229014,2.5779511531194053,-3.2759540818692825
,,signaling,scalar,42,12,12,jspace,ok,objective,0.19388685906033806,1.111485273384184,4.8003356701853406e-05
,,signaling,scalar,43,12,12,residual,ok,objective,0.7059412393864882,1.000368634859721,0.2316698633162525
,,signaling,scalar,43,12,12,jspace,ok,objective,0.30707354990099817,1.1112082438188569,0.005982880441019467
,,signaling,scalar,44,12,12,residual,ok,objective,0.5685753539999607,1.2838608225186665,-0.23154168540420916
,,signaling,scalar,44,12,12,jspace,ok,objective,0.23432109178416025,1.1118826950803673,0.00041348828448573016
,,signaling,scalar,45,12,12,residual,ok,objective,0.49412804103930186,1.3088842332363129,-0.3206053185003621
,,signaling,scalar,45,12,12,jspace,ok,objective,0.8063398599562056,1.1094305834287688,0.001390114619009175
,,signaling,scalar,46,12,12,residual,ok,objective,0.4433778496099714,1.2637785573800404,-0.24127971592762387
,,signaling,scalar,46,12,12,jspace,ok,objective,0.7862999616741244,1.1107631896229746,0.0005461588415808238
,,signaling,scalar,47,12,12,residual,ok,objective,0.5873732637882784,1.286409616470337,-0.2705934855854535
,,signaling,scalar,47,12,12,jspace,ok,objective,0.7043036752577083,1.0450134941354614,-0.001927543048132696
,,signaling,scalar,48,12,12,residual,ok,objective,0.5392480235639941,1.117557555437088,0.04043786111557579
,,signaling,scalar,48,12,12,jspace,ok,objective,0.20625633110660224,1.1108571015357653,0.00038133198797396517
,,signaling,scalar,49,12,12,residual,ok,objective,0.54543806166127,1.1209191679954529,0.03140352646744249
,,signaling,scalar,49,12,12,jspace,ok,objective,0.30840354757768235,1.1095176927549935,0.00031756937259519447
,,signaling,scalar,50,12,12,residual,ok,objective,0.6009097948367843,1.4139748911062877,-0.4599359399038969
,,signaling,scalar,50,12,12,jspace,ok,objective,0.43444690979084144,1.1063667604924137,0.001503497827608835
,,signaling,scalar,51,12,12,residual,ok,objective,0.598615608404922,1.5783742765585582,-0.7280817727702935
,,signaling,scalar,51,12,12,jspace,ok,objective,0.023072632471997635,1.1076111975326437,9.88735834029919e-05
,,signaling,scalar,52,12,12,residual,ok,objective,0.5939391699380404,1.4520087738831837,-0.5193633065354399
,,signaling,scalar,52,12,12,jspace,ok,objective,0.06715726993108066,1.108793077031426,0.00010423775365031585
,,signaling,scalar,53,12,12,residual,ok,objective,0.6228878000301744,1.3956074714660645,-0.40114733421557314
,,signaling,scalar,53,12,12,jspace,ok,objective,-0.37831739753101246,1.1105397406012216,-0.0005905302314879179
,,signaling,scalar,54,12,12,residual,ok,objective,0.604670138824986,1.413694441318512,-0.4210517328404122
,,signaling,scalar,54,12,12,jspace,ok,objective,0.3093064797232945,1.1101349330957084,0.0007355894849832012
,,signaling,scalar,55,12,12,residual,ok,objective,0.6197605046008325,1.1470865805943806,0.042724704677768566
,,signaling,scalar,55,12,12,jspace,ok,objective,0.5734893966331329,1.1080671228891477,0.0032323778409918402
,,signaling,scalar,56,12,12,residual,ok,objective,0.6209585722506356,1.1642790238062541,0.028880351684086314
,,signaling,scalar,56,12,12,jspace,ok,objective,0.44646730157144177,1.1035350576632206,0.004526396378428665
,,signaling,scalar,57,12,12,residual,ok,objective,0.5977106495784003,1.1356135805447896,0.08282047404125625
,,signaling,scalar,57,12,12,jspace,ok,objective,0.6630755681022854,1.0888828027377306,0.016082964222905782
,,signaling,scalar,58,12,12,residual,ok,objective,0.5884562279727018,1.1143674403429031,0.1118710789813473
,,signaling,scalar,58,12,12,jspace,ok,objective,0.598844920565961,1.0795009456198275,0.023259192790101246
,,signaling,scalar,59,12,12,residual,ok,objective,0.6210060793149679,1.0352584222952526,0.22248186387303726
,,signaling,scalar,59,12,12,jspace,ok,objective,0.6013303604998196,1.1063121199550343,0.004168237494588833
,,signaling,scalar,60,12,12,residual,ok,objective,0.6409852236891165,0.8923376103242239,0.3635413402633253
,,signaling,scalar,60,12,12,jspace,ok,objective,0.6501662439129892,1.1059946053133707,0.0035158059985714862
,,signaling,scalar,61,12,12,residual,ok,objective,0.6740392531937096,0.829172799984614,0.43381860374438785
,,signaling,scalar,61,12,12,jspace,ok,objective,0.42622073837102786,1.0718416374279085,0.005859270336904365
,,signaling,scalar,62,12,12,residual,ok,objective,0.7063775427297196,0.7739597211281458,0.46165886853548366
,,signaling,scalar,62,12,12,jspace,ok,objective,0.6551202996198197,1.071770217680454,0.028257857629203187
,,signaling,scalar,-1,12,12,output,ok,value_margin,0.12019004322086825,0.45861192862192807,0.005935849369428481
,,signaling,scalar,0,12,12,residual,ok,value_margin,0.9046134299510177,3.2936801608403523,-34.939517599302675
,,signaling,scalar,0,12,12,jspace,ok,value_margin,-0.2084629702020895,0.4618655701874646,-0.0004760909734764507
,,signaling,scalar,1,12,12,residual,ok,value_margin,0.920363666452436,1.78317343155543,-9.635825496266913
,,signaling,scalar,1,12,12,jspace,ok,value_margin,0.5952349367977875,0.4611466957222947,0.002448757909725763
,,signaling,scalar,2,12,12,residual,ok,value_margin,0.908822264625154,1.7413528565565748,-9.280943320916439
,,signaling,scalar,2,12,12,jspace,ok,value_margin,-0.18950567731139664,0.46166818996837694,-7.216719219105272e-06
,,signaling,scalar,3,12,12,residual,ok,value_margin,0.5334950220396338,8.37437322775523,-230.85290215967333
,,signaling,scalar,3,12,12,jspace,ok,value_margin,-0.28335855106683294,0.4616691897196896,-4.771748634002648e-06
,,signaling,scalar,4,12,12,residual,ok,value_margin,0.3123932626183566,8.23198603630066,-223.3772086025103
,,signaling,scalar,4,12,12,jspace,ok,value_margin,0.1553679343652738,0.4616510186999005,0.00012612519669785716
,,signaling,scalar,5,12,12,residual,ok,value_margin,0.22514135731533938,7.941753656069438,-208.0018563280825
,,signaling,scalar,5,12,12,jspace,ok,value_margin,-0.2852554607412419,0.4616803888575038,-9.150932273049861e-05
,,signaling,scalar,6,12,12,residual,ok,value_margin,0.3002217508714091,6.594152838389078,-143.2882373445989
,,signaling,scalar,6,12,12,jspace,ok,value_margin,-0.13156373246808195,0.46166880426328155,-6.955653120144234e-06
,,signaling,scalar,7,12,12,residual,ok,value_margin,0.7216775619184286,3.6808715168635047,-44.182373257264906
,,signaling,scalar,7,12,12,jspace,ok,value_margin,0.40984812039221596,0.461664989470663,5.550746721705302e-06
,,signaling,scalar,8,12,12,residual,ok,value_margin,0.8241786891518055,2.3116802825530374,-17.04105262511775
,,signaling,scalar,8,12,12,jspace,ok,value_margin,-0.6435388150217097,0.46166987790422126,-1.290741365478354e-05
,,signaling,scalar,9,12,12,residual,ok,value_margin,0.8531935340189122,1.199132467706998,-4.137879042103253
,,signaling,scalar,9,12,12,jspace,ok,value_margin,-0.12761087111496847,0.4617155655469591,-7.609984718781604e-05
,,signaling,scalar,10,12,12,residual,ok,value_margin,0.7340598441101767,1.1180733495950699,-3.64311990117411
,,signaling,scalar,10,12,12,jspace,ok,value_margin,0.4532374746243342,0.46166151353416063,3.171771052123962e-05
,,signaling,scalar,11,12,12,residual,ok,value_margin,0.33713845587068153,0.8557931134104729,-2.1437116164207666
,,signaling,scalar,11,12,12,jspace,ok,value_margin,0.026709772705280115,0.4616681560487678,1.572812155958836e-06
,,signaling,scalar,12,12,12,residual,ok,value_margin,0.3674942136836385,1.4990225289265318,-7.324094237975794
,,signaling,scalar,12,12,12,jspace,ok,value_margin,0.06874715066757729,0.4616798674690956,1.3673032428496157e-05
,,signaling,scalar,13,12,12,residual,ok,value_margin,0.4931692301803399,0.3809708833694458,0.003328605005547325
,,signaling,scalar,13,12,12,jspace,ok,value_margin,-0.08300378609154871,0.4616301983100617,-0.00022708927101788845
,,signaling,scalar,14,12,12,residual,ok,value_margin,0.48848906895966115,0.376498649219672,0.2292851996303059
,,signaling,scalar,14,12,12,jspace,ok,value_margin,0.4012970943976699,0.4616154444051001,0.00019008623810867764
,,signaling,scalar,15,12,12,residual,ok,value_margin,0.6023555975069779,0.6439883236090342,-0.7601537422119669
,,signaling,scalar,15,12,12,jspace,ok,value_margin,0.046562786423564054,0.461674201275327,1.3877536536033297e-05
,,signaling,scalar,16,12,12,residual,ok,value_margin,0.47481803182480187,0.6687621311346691,-0.9489347987900749
,,signaling,scalar,16,12,12,jspace,ok,value_margin,0.1991233592139543,0.46166255588175226,1.85428373150609e-05
,,signaling,scalar,17,12,12,residual,ok,value_margin,0.574235425718913,0.3574995917081834,0.3249109820902456
,,signaling,scalar,17,12,12,jspace,ok,value_margin,-0.2507083340803816,0.46166507967188125,-0.00045420662160844394
,,signaling,scalar,18,12,12,residual,ok,value_margin,0.512999017180989,0.7166177010536193,-1.3931148289423683
,,signaling,scalar,18,12,12,jspace,ok,value_margin,-0.24631063430661762,0.46168585345294993,-7.377630387428447e-05
,,signaling,scalar,19,12,12,residual,ok,value_margin,0.6015454637543715,1.1178473826249442,-3.769820719401463
,,signaling,scalar,19,12,12,jspace,ok,value_margin,-0.6941639426282189,0.461671032789986,-1.883554479364946e-05
,,signaling,scalar,20,12,12,residual,ok,value_margin,0.6966339204484725,0.34957940200964627,0.45202227017259955
,,signaling,scalar,20,12,12,jspace,ok,value_margin,-0.39497164488130954,0.46166804341537865,-4.7335291393224566e-06
,,signaling,scalar,21,12,12,residual,ok,value_margin,0.8263989838615124,0.25022692183653517,0.6080348900788299
,,signaling,scalar,21,12,12,jspace,ok,value_margin,-0.40572010833865746,0.46167021181830975,-0.0009848882623884059
,,signaling,scalar,22,12,12,residual,ok,value_margin,0.7842926024015738,0.32071079134941116,0.49654073620174277
,,signaling,scalar,22,12,12,jspace,ok,value_margin,0.41270874103974947,0.4616637759154754,2.785426180329509e-05
,,signaling,scalar,23,12,12,residual,ok,value_margin,0.818983092624475,0.4487338524063429,0.09740254212241528
,,signaling,scalar,23,12,12,jspace,ok,value_margin,0.4698114066780111,0.4616664213255921,3.841210998389855e-06
,,signaling,scalar,24,12,12,residual,ok,value_margin,0.7799370450428583,0.5194735686977705,-0.21410666865098094
,,signaling,scalar,24,12,12,jspace,ok,value_margin,0.5340130305765761,0.46166612208058844,2.5276651652861304e-06
,,signaling,scalar,25,12,12,residual,ok,value_margin,0.8886117684252729,0.40281135946512237,0.20542243177066366
,,signaling,scalar,25,12,12,jspace,ok,value_margin,0.599811289110939,0.46166468613525163,-0.0006242309586403927
,,signaling,scalar,26,12,12,residual,ok,value_margin,0.8934298847077996,0.310752618511518,0.4510565337451692
,,signaling,scalar,26,12,12,jspace,ok,value_margin,0.35132715842411183,0.46166484489113424,1.7631944135398925e-05
,,signaling,scalar,27,12,12,residual,ok,value_margin,0.9092355995575438,0.7004404966036478,-1.057571939447933
,,signaling,scalar,27,12,12,jspace,ok,value_margin,-0.08723651989955775,0.4616661331597516,-1.3331096582192004e-06
,,signaling,scalar,28,12,12,residual,ok,value_margin,0.8782786939215325,0.4839475456873576,-0.2753080801510024
,,signaling,scalar,28,12,12,jspace,ok,value_margin,0.0951150495336934,0.4616663676223733,7.433764823705502e-07
,,signaling,scalar,29,12,12,residual,ok,value_margin,0.8179336426515768,0.7322557746370633,-1.3474391104583217
,,signaling,scalar,29,12,12,jspace,ok,value_margin,0.253164385368352,0.4616653770430605,1.1738176195597028e-05
,,signaling,scalar,30,12,12,residual,ok,value_margin,0.8405842567205183,0.3354056611657144,0.27442711501921324
,,signaling,scalar,30,12,12,jspace,ok,value_margin,0.3352005821642868,0.4616651502751026,0.0009576282138983316
,,signaling,scalar,31,12,12,residual,ok,value_margin,0.729850211108198,0.544950512647629,-0.22458778436900118
,,signaling,scalar,31,12,12,jspace,ok,value_margin,-0.011784592197405363,0.4616672268886652,-1.4945126447507562e-07
,,signaling,scalar,32,12,12,residual,ok,value_margin,0.8418038654487945,0.4344426518678665,0.06584030219108994
,,signaling,scalar,32,12,12,jspace,ok,value_margin,0.12313905894865029,0.46166164259612724,2.0070523902626647e-05
,,signaling,scalar,33,12,12,residual,ok,value_margin,0.9320040290224806,0.39682422737280537,0.06697010754466293
,,signaling,scalar,33,12,12,jspace,ok,value_margin,0.3308501183828509,0.4616635525674422,-0.00335385061853688
,,signaling,scalar,34,12,12,residual,ok,value_margin,0.8220034557337723,0.4316382531325024,-0.09151476777735112
,,signaling,scalar,34,12,12,jspace,ok,value_margin,0.31303121097195524,0.46166431665941127,5.952600888869952e-06
,,signaling,scalar,35,12,12,residual,ok,value_margin,0.7597903958598757,0.3676691681146622,0.3417735252839399
,,signaling,scalar,35,12,12,jspace,ok,value_margin,-0.19679563623934637,0.46173982397265956,-0.00017022591002802123
,,signaling,scalar,36,12,12,residual,ok,value_margin,0.6837539801392654,0.3931041941046716,0.17586095697740434
,,signaling,scalar,36,12,12,jspace,ok,value_margin,0.033794829507763136,0.4616664928070653,8.710502488185057e-07
,,signaling,scalar,37,12,12,residual,ok,value_margin,0.6261708246136548,0.410695803364118,0.11289844044380015
,,signaling,scalar,37,12,12,jspace,ok,value_margin,0.46762747376340547,0.4616586461876278,3.084040220324713e-05
,,signaling,scalar,38,12,12,residual,ok,value_margin,0.650350853320398,0.4289598162968955,0.06929987202704302
,,signaling,scalar,38,12,12,jspace,ok,value_margin,-0.19526959913231312,0.4616680778672264,-7.5796805398820055e-06
,,signaling,scalar,39,12,12,residual,ok,value_margin,0.7671149582994045,0.31658654729525265,0.5433335559637436
,,signaling,scalar,39,12,12,jspace,ok,value_margin,0.06330097419442235,0.4616680726775875,8.43963801711034e-06
,,signaling,scalar,40,12,12,residual,ok,value_margin,0.7048686885802583,0.42816594541072844,0.0995462289098965
,,signaling,scalar,40,12,12,jspace,ok,value_margin,0.16966504014814301,0.4616638611026389,1.5837203442670145e-05
,,signaling,scalar,41,12,12,residual,ok,value_margin,0.6643545253237768,0.6251848316192626,-0.7876069341910532
,,signaling,scalar,41,12,12,jspace,ok,value_margin,0.2167687978987383,0.46162250042756364,7.697198145217854e-05
,,signaling,scalar,42,12,12,residual,ok,value_margin,0.6009215214259521,0.6753223613897962,-1.0409844426865904
,,signaling,scalar,42,12,12,jspace,ok,value_margin,0.1993402407591892,0.4616616294167369,3.995430251946264e-05
,,signaling,scalar,43,12,12,residual,ok,value_margin,0.7419563968715356,0.7708665307362876,-1.3815944254759702
,,signaling,scalar,43,12,12,jspace,ok,value_margin,-0.3542601392970426,0.4630880410577345,-0.00555382894195855
,,signaling,scalar,44,12,12,residual,ok,value_margin,0.7129077442852857,0.5472413625319799,-0.3431350944625422
,,signaling,scalar,44,12,12,jspace,ok,value_margin,0.1608981675965083,0.461629020708624,8.964511740328085e-05
,,signaling,scalar,45,12,12,residual,ok,value_margin,0.6220173899448725,0.3950859414537749,0.3158416455055232
,,signaling,scalar,45,12,12,jspace,ok,value_margin,-0.09204650432210915,0.4616000383124886,-0.0001547565968520459
,,signaling,scalar,46,12,12,residual,ok,value_margin,0.4558859411036531,0.436678016682466,-0.15916159059167723
,,signaling,scalar,46,12,12,jspace,ok,value_margin,0.13945876846598532,0.4616472158162135,5.929007214200421e-05
,,signaling,scalar,47,12,12,residual,ok,value_margin,0.8124046753439146,0.38720210691293083,0.318319204721231
,,signaling,scalar,47,12,12,jspace,ok,value_margin,0.29445616906181654,0.4613360398800637,0.00039972291774947877
,,signaling,scalar,48,12,12,residual,ok,value_margin,0.767575902460139,0.38764807899793,0.36673780612279583
,,signaling,scalar,48,12,12,jspace,ok,value_margin,-0.2326044585315664,0.46169860211965724,-0.00012234166840841
,,signaling,scalar,49,12,12,residual,ok,value_margin,0.6750941712860946,0.4069152305523555,0.3229031234202333
,,signaling,scalar,49,12,12,jspace,ok,value_margin,0.14479203856078848,0.46164615520552615,0.0001200732028461271
,,signaling,scalar,50,12,12,residual,ok,value_margin,0.44087618412632923,0.4227783388892811,0.14463152428775194
,,signaling,scalar,50,12,12,jspace,ok,value_margin,0.03169380856579539,0.4616644664630242,6.430096796139484e-05
,,signaling,scalar,51,12,12,residual,ok,value_margin,0.2927946144520829,0.4470936120549838,0.004581860061929621
,,signaling,scalar,51,12,12,jspace,ok,value_margin,0.5337794206445163,0.46160997905756346,0.0005492072612569565
,,signaling,scalar,52,12,12,residual,ok,value_margin,0.2193413991391024,0.4888877482215564,-0.21368403890469434
,,signaling,scalar,52,12,12,jspace,ok,value_margin,0.2504084766815131,0.4616087909984188,0.00033845933417187
,,signaling,scalar,53,12,12,residual,ok,value_margin,0.16408178203818935,0.5070358426372211,-0.2991859005078199
,,signaling,scalar,53,12,12,jspace,ok,value_margin,-0.09086993850891151,0.4617392572562338,-9.109709700827473e-05
,,signaling,scalar,54,12,12,residual,ok,value_margin,0.12687944387372438,0.5712272066871326,-0.7527152576711811
,,signaling,scalar,54,12,12,jspace,ok,value_margin,-0.023829516568961595,0.4618015419917243,-7.495814512048504e-05
,,signaling,scalar,55,12,12,residual,ok,value_margin,0.1758889853262129,0.5174599275986355,-0.4185541474167991
,,signaling,scalar,55,12,12,jspace,ok,value_margin,0.15978988184767043,0.46152194196736157,0.0016705729959770599
,,signaling,scalar,56,12,12,residual,ok,value_margin,0.14473463928883112,0.5779366929332416,-0.7917950824081232
,,signaling,scalar,56,12,12,jspace,ok,value_margin,0.0039177156226059846,0.46187050665274226,-6.23591933495149e-05
,,signaling,scalar,57,12,12,residual,ok,value_margin,0.12470590181402333,0.5889695871869723,-0.8863582049548093
,,signaling,scalar,57,12,12,jspace,ok,value_margin,0.2344809907508494,0.4608909459574238,0.007678050525779079
,,signaling,scalar,58,12,12,residual,ok,value_margin,0.10470626607525237,0.5671495138605437,-0.8079318378875995
,,signaling,scalar,58,12,12,jspace,ok,value_margin,0.0766176331526685,0.4611883626379414,0.002678376968359153
,,signaling,scalar,59,12,12,residual,ok,value_margin,0.18796143066969995,0.5796346966425577,-0.7809725308422553
,,signaling,scalar,59,12,12,jspace,ok,value_margin,0.18702819595343123,0.4612935500457609,0.0034141824664197795
,,signaling,scalar,60,12,12,residual,ok,value_margin,0.159093431521749,0.5924106939633688,-0.8258112435228311
,,signaling,scalar,60,12,12,jspace,ok,value_margin,0.15964368290667263,0.46157688943899555,0.0011700802212165629
,,signaling,scalar,61,12,12,residual,ok,value_margin,0.18523391992433005,0.47000352154175445,-0.21659200241617582
,,signaling,scalar,61,12,12,jspace,ok,value_margin,0.29139875090997697,0.46113977230590697,-0.0004428982139517146
,,signaling,scalar,62,12,12,residual,ok,value_margin,0.2904284198837356,0.6698624470829962,-1.23183874656376
,,signaling,scalar,62,12,12,jspace,ok,value_margin,0.04479214144726118,0.46251444449816353,0.0019331554853158073
0.16666666666666666,0.16666666666666666,disclosure,categorical,-1,12,12,output,ok,private_state,,,
0.16666666666666666,0.16666666666666666,disclosure,categorical,0,12,12,residual,ok,private_state,,,
0.08333333333333333,0.08333333333333333,disclosure,categorical,0,12,12,jspace,ok,private_state,,,
0.4166666666666667,0.4166666666666667,disclosure,categorical,1,12,12,residual,ok,private_state,,,
0.08333333333333333,0.08333333333333333,disclosure,categorical,1,12,12,jspace,ok,private_state,,,
0.16666666666666666,0.16666666666666666,disclosure,categorical,2,12,12,residual,ok,private_state,,,
0.08333333333333333,0.08333333333333333,disclosure,categorical,2,12,12,jspace,ok,private_state,,,
0.16666666666666666,0.16666666666666666,disclosure,categorical,3,12,12,residual,ok,private_state,,,
0.08333333333333333,0.08333333333333333,disclosure,categorical,3,12,12,jspace,ok,private_state,,,
0.16666666666666666,0.16666666666666666,disclosure,categorical,4,12,12,residual,ok,private_state,,,
0.08333333333333333,0.08333333333333333,disclosure,categorical,4,12,12,jspace,ok,private_state,,,
0.16666666666666666,0.16666666666666666,disclosure,categorical,5,12,12,residual,ok,private_state,,,
0.08333333333333333,0.08333333333333333,disclosure,categorical,5,12,12,jspace,ok,private_state,,,
0.16666666666666666,0.16666666666666666,disclosure,categorical,6,12,12,residual,ok,private_state,,,
0.08333333333333333,0.08333333333333333,disclosure,categorical,6,12,12,jspace,ok,private_state,,,
0.3333333333333333,0.3333333333333333,disclosure,categorical,7,12,12,residual,ok,private_state,,,
0.08333333333333333,0.08333333333333333,disclosure,categorical,7,12,12,jspace,ok,private_state,,,
0.25,0.25,disclosure,categorical,8,12,12,residual,ok,private_state,,,
0.08333333333333333,0.08333333333333333,disclosure,categorical,8,12,12,jspace,ok,private_state,,,
0.08333333333333333,0.08333333333333333,disclosure,categorical,9,12,12,residual,ok,private_state,,,
0.08333333333333333,0.08333333333333333,disclosure,categorical,9,12,12,jspace,ok,private_state,,,
0.08333333333333333,0.08333333333333333,disclosure,categorical,10,12,12,residual,ok,private_state,,,
0.16666666666666666,0.16666666666666666,disclosure,categorical,10,12,12,jspace,ok,private_state,,,
0.08333333333333333,0.08333333333333333,disclosure,categorical,11,12,12,residual,ok,private_state,,,
0.08333333333333333,0.08333333333333333,disclosure,categorical,11,12,12,jspace,ok,private_state,,,
0.08333333333333333,0.08333333333333333,disclosure,categorical,12,12,12,residual,ok,private_state,,,
0.08333333333333333,0.08333333333333333,disclosure,categorical,12,12,12,jspace,ok,private_state,,,
0.08333333333333333,0.08333333333333333,disclosure,categorical,13,12,12,residual,ok,private_state,,,
0.16666666666666666,0.16666666666666666,disclosure,categorical,13,12,12,jspace,ok,private_state,,,
0.08333333333333333,0.08333333333333333,disclosure,categorical,14,12,12,residual,ok,private_state,,,
0.08333333333333333,0.08333333333333333,disclosure,categorical,14,12,12,jspace,ok,private_state,,,
0.08333333333333333,0.08333333333333333,disclosure,categorical,15,12,12,residual,ok,private_state,,,
0.08333333333333333,0.08333333333333333,disclosure,categorical,15,12,12,jspace,ok,private_state,,,
0.08333333333333333,0.08333333333333333,disclosure,categorical,16,12,12,residual,ok,private_state,,,
0.08333333333333333,0.08333333333333333,disclosure,categorical,16,12,12,jspace,ok,private_state,,,
0.08333333333333333,0.08333333333333333,disclosure,categorical,17,12,12,residual,ok,private_state,,,
0.08333333333333333,0.08333333333333333,disclosure,categorical,17,12,12,jspace,ok,private_state,,,
0.08333333333333333,0.08333333333333333,disclosure,categorical,18,12,12,residual,ok,private_state,,,
0.08333333333333333,0.08333333333333333,disclosure,categorical,18,12,12,jspace,ok,private_state,,,
0.16666666666666666,0.16666666666666666,disclosure,categorical,19,12,12,residual,ok,private_state,,,
0.08333333333333333,0.08333333333333333,disclosure,categorical,19,12,12,jspace,ok,private_state,,,
0.08333333333333333,0.08333333333333333,disclosure,categorical,20,12,12,residual,ok,private_state,,,
0.08333333333333333,0.08333333333333333,disclosure,categorical,20,12,12,jspace,ok,private_state,,,
0.08333333333333333,0.08333333333333333,disclosure,categorical,21,12,12,residual,ok,private_state,,,
0.08333333333333333,0.08333333333333333,disclosure,categorical,21,12,12,jspace,ok,private_state,,,
0.08333333333333333,0.08333333333333333,disclosure,categorical,22,12,12,residual,ok,private_state,,,
0.08333333333333333,0.08333333333333333,disclosure,categorical,22,12,12,jspace,ok,private_state,,,
0.08333333333333333,0.08333333333333333,disclosure,categorical,23,12,12,residual,ok,private_state,,,
0.08333333333333333,0.08333333333333333,disclosure,categorical,23,12,12,jspace,ok,private_state,,,
0.08333333333333333,0.08333333333333333,disclosure,categorical,24,12,12,residual,ok,private_state,,,
0.08333333333333333,0.08333333333333333,disclosure,categorical,24,12,12,jspace,ok,private_state,,,
0.08333333333333333,0.08333333333333333,disclosure,categorical,25,12,12,residual,ok,private_state,,,
0.08333333333333333,0.08333333333333333,disclosure,categorical,25,12,12,jspace,ok,private_state,,,
0.08333333333333333,0.08333333333333333,disclosure,categorical,26,12,12,residual,ok,private_state,,,
0.08333333333333333,0.08333333333333333,disclosure,categorical,26,12,12,jspace,ok,private_state,,,
0.08333333333333333,0.08333333333333333,disclosure,categorical,27,12,12,residual,ok,private_state,,,
0.25,0.25,disclosure,categorical,27,12,12,jspace,ok,private_state,,,
0.16666666666666666,0.16666666666666666,disclosure,categorical,28,12,12,residual,ok,private_state,,,
0.08333333333333333,0.08333333333333333,disclosure,categorical,28,12,12,jspace,ok,private_state,,,
0.16666666666666666,0.16666666666666666,disclosure,categorical,29,12,12,residual,ok,private_state,,,
0.08333333333333333,0.08333333333333333,disclosure,categorical,29,12,12,jspace,ok,private_state,,,
0.08333333333333333,0.08333333333333333,disclosure,categorical,30,12,12,residual,ok,private_state,,,
0.08333333333333333,0.08333333333333333,disclosure,categorical,30,12,12,jspace,ok,private_state,,,
0.08333333333333333,0.08333333333333333,disclosure,categorical,31,12,12,residual,ok,private_state,,,
0.08333333333333333,0.08333333333333333,disclosure,categorical,31,12,12,jspace,ok,private_state,,,
0.08333333333333333,0.08333333333333333,disclosure,categorical,32,12,12,residual,ok,private_state,,,
0.16666666666666666,0.16666666666666666,disclosure,categorical,32,12,12,jspace,ok,private_state,,,
0.16666666666666666,0.16666666666666666,disclosure,categorical,33,12,12,residual,ok,private_state,,,
0.16666666666666666,0.16666666666666666,disclosure,categorical,33,12,12,jspace,ok,private_state,,,
0.16666666666666666,0.16666666666666666,disclosure,categorical,34,12,12,residual,ok,private_state,,,
0.08333333333333333,0.08333333333333333,disclosure,categorical,34,12,12,jspace,ok,private_state,,,
0.08333333333333333,0.08333333333333333,disclosure,categorical,35,12,12,residual,ok,private_state,,,
0.08333333333333333,0.08333333333333333,disclosure,categorical,35,12,12,jspace,ok,private_state,,,
0.08333333333333333,0.08333333333333333,disclosure,categorical,36,12,12,residual,ok,private_state,,,
0.08333333333333333,0.08333333333333333,disclosure,categorical,36,12,12,jspace,ok,private_state,,,
0.08333333333333333,0.08333333333333333,disclosure,categorical,37,12,12,residual,ok,private_state,,,
0.08333333333333333,0.08333333333333333,disclosure,categorical,37,12,12,jspace,ok,private_state,,,
0.08333333333333333,0.08333333333333333,disclosure,categorical,38,12,12,residual,ok,private_state,,,
0.08333333333333333,0.08333333333333333,disclosure,categorical,38,12,12,jspace,ok,private_state,,,
0.08333333333333333,0.08333333333333333,disclosure,categorical,39,12,12,residual,ok,private_state,,,
0.08333333333333333,0.08333333333333333,disclosure,categorical,39,12,12,jspace,ok,private_state,,,
0.08333333333333333,0.08333333333333333,disclosure,categorical,40,12,12,residual,ok,private_state,,,
0.16666666666666666,0.16666666666666666,disclosure,categorical,40,12,12,jspace,ok,private_state,,,
0.08333333333333333,0.08333333333333333,disclosure,categorical,41,12,12,residual,ok,private_state,,,
0.16666666666666666,0.16666666666666666,disclosure,categorical,41,12,12,jspace,ok,private_state,,,
0.08333333333333333,0.08333333333333333,disclosure,categorical,42,12,12,residual,ok,private_state,,,
0.0,0.0,disclosure,categorical,42,12,12,jspace,ok,private_state,,,
0.08333333333333333,0.08333333333333333,disclosure,categorical,43,12,12,residual,ok,private_state,,,
0.0,0.0,disclosure,categorical,43,12,12,jspace,ok,private_state,,,
0.16666666666666666,0.16666666666666666,disclosure,categorical,44,12,12,residual,ok,private_state,,,
0.08333333333333333,0.08333333333333333,disclosure,categorical,44,12,12,jspace,ok,private_state,,,
0.16666666666666666,0.16666666666666666,disclosure,categorical,45,12,12,residual,ok,private_state,,,
0.16666666666666666,0.16666666666666666,disclosure,categorical,45,12,12,jspace,ok,private_state,,,
0.16666666666666666,0.16666666666666666,disclosure,categorical,46,12,12,residual,ok,private_state,,,
0.0,0.0,disclosure,categorical,46,12,12,jspace,ok,private_state,,,
0.4166666666666667,0.4166666666666667,disclosure,categorical,47,12,12,residual,ok,private_state,,,
0.16666666666666666,0.16666666666666666,disclosure,categorical,47,12,12,jspace,ok,private_state,,,
0.25,0.25,disclosure,categorical,48,12,12,residual,ok,private_state,,,
0.16666666666666666,0.16666666666666666,disclosure,categorical,48,12,12,jspace,ok,private_state,,,
0.25,0.25,disclosure,categorical,49,12,12,residual,ok,private_state,,,
0.08333333333333333,0.08333333333333333,disclosure,categorical,49,12,12,jspace,ok,private_state,,,
0.25,0.25,disclosure,categorical,50,12,12,residual,ok,private_state,,,
0.0,0.0,disclosure,categorical,50,12,12,jspace,ok,private_state,,,
0.25,0.25,disclosure,categorical,51,12,12,residual,ok,private_state,,,
0.16666666666666666,0.16666666666666666,disclosure,categorical,51,12,12,jspace,ok,private_state,,,
0.25,0.25,disclosure,categorical,52,12,12,residual,ok,private_state,,,
0.25,0.25,disclosure,categorical,52,12,12,jspace,ok,private_state,,,
0.25,0.25,disclosure,categorical,53,12,12,residual,ok,private_state,,,
0.25,0.25,disclosure,categorical,53,12,12,jspace,ok,private_state,,,
0.25,0.25,disclosure,categorical,54,12,12,residual,ok,private_state,,,
0.16666666666666666,0.16666666666666666,disclosure,categorical,54,12,12,jspace,ok,private_state,,,
0.25,0.25,disclosure,categorical,55,12,12,residual,ok,private_state,,,
0.16666666666666666,0.16666666666666666,disclosure,categorical,55,12,12,jspace,ok,private_state,,,
0.25,0.25,disclosure,categorical,56,12,12,residual,ok,private_state,,,
0.16666666666666666,0.16666666666666666,disclosure,categorical,56,12,12,jspace,ok,private_state,,,
0.25,0.25,disclosure,categorical,57,12,12,residual,ok,private_state,,,
0.25,0.25,disclosure,categorical,57,12,12,jspace,ok,private_state,,,
0.25,0.25,disclosure,categorical,58,12,12,residual,ok,private_state,,,
0.16666666666666666,0.16666666666666666,disclosure,categorical,58,12,12,jspace,ok,private_state,,,
0.25,0.25,disclosure,categorical,59,12,12,residual,ok,private_state,,,
0.16666666666666666,0.16666666666666666,disclosure,categorical,59,12,12,jspace,ok,private_state,,,
0.25,0.25,disclosure,categorical,60,12,12,residual,ok,private_state,,,
0.25,0.25,disclosure,categorical,60,12,12,jspace,ok,private_state,,,
0.25,0.25,disclosure,categorical,61,12,12,residual,ok,private_state,,,
0.08333333333333333,0.08333333333333333,disclosure,categorical,61,12,12,jspace,ok,private_state,,,
0.16666666666666666,0.16666666666666666,disclosure,categorical,62,12,12,residual,ok,private_state,,,
0.16666666666666666,0.16666666666666666,disclosure,categorical,62,12,12,jspace,ok,private_state,,,
0.75,0.5,disclosure,categorical,-1,12,12,output,ok,strategy,,,
0.25,0.5,disclosure,categorical,0,12,12,residual,ok,strategy,,,
0.75,0.5,disclosure,categorical,0,12,12,jspace,ok,strategy,,,
0.75,0.8333333333333333,disclosure,categorical,1,12,12,residual,ok,strategy,,,
0.75,0.5,disclosure,categorical,1,12,12,jspace,ok,strategy,,,
0.3333333333333333,0.5555555555555556,disclosure,categorical,2,12,12,residual,ok,strategy,,,
0.75,0.5,disclosure,categorical,2,12,12,jspace,ok,strategy,,,
0.75,0.5,disclosure,categorical,3,12,12,residual,ok,strategy,,,
0.75,0.5,disclosure,categorical,3,12,12,jspace,ok,strategy,,,
0.75,0.5,disclosure,categorical,4,12,12,residual,ok,strategy,,,
0.75,0.5,disclosure,categorical,4,12,12,jspace,ok,strategy,,,
0.75,0.5,disclosure,categorical,5,12,12,residual,ok,strategy,,,
0.75,0.5,disclosure,categorical,5,12,12,jspace,ok,strategy,,,
0.75,0.5,disclosure,categorical,6,12,12,residual,ok,strategy,,,
0.75,0.5,disclosure,categorical,6,12,12,jspace,ok,strategy,,,
0.75,0.5,disclosure,categorical,7,12,12,residual,ok,strategy,,,
0.75,0.5,disclosure,categorical,7,12,12,jspace,ok,strategy,,,
0.75,0.5,disclosure,categorical,8,12,12,residual,ok,strategy,,,
0.75,0.5,disclosure,categorical,8,12,12,jspace,ok,strategy,,,
0.75,0.5,disclosure,categorical,9,12,12,residual,ok,strategy,,,
0.75,0.5,disclosure,categorical,9,12,12,jspace,ok,strategy,,,
0.75,0.5,disclosure,categorical,10,12,12,residual,ok,strategy,,,
0.75,0.5,disclosure,categorical,10,12,12,jspace,ok,strategy,,,
0.75,0.5,disclosure,categorical,11,12,12,residual,ok,strategy,,,
0.75,0.5,disclosure,categorical,11,12,12,jspace,ok,strategy,,,
0.75,0.5,disclosure,categorical,12,12,12,residual,ok,strategy,,,
0.75,0.5,disclosure,categorical,12,12,12,jspace,ok,strategy,,,
0.75,0.5,disclosure,categorical,13,12,12,residual,ok,strategy,,,
0.75,0.5,disclosure,categorical,13,12,12,jspace,ok,strategy,,,
0.75,0.5,disclosure,categorical,14,12,12,residual,ok,strategy,,,
0.75,0.5,disclosure,categorical,14,12,12,jspace,ok,strategy,,,
0.75,0.5,disclosure,categorical,15,12,12,residual,ok,strategy,,,
0.75,0.5,disclosure,categorical,15,12,12,jspace,ok,strategy,,,
0.75,0.5,disclosure,categorical,16,12,12,residual,ok,strategy,,,
0.75,0.5,disclosure,categorical,16,12,12,jspace,ok,strategy,,,
0.25,0.5,disclosure,categorical,17,12,12,residual,ok,strategy,,,
0.75,0.5,disclosure,categorical,17,12,12,jspace,ok,strategy,,,
0.25,0.5,disclosure,categorical,18,12,12,residual,ok,strategy,,,
0.75,0.5,disclosure,categorical,18,12,12,jspace,ok,strategy,,,
0.25,0.5,disclosure,categorical,19,12,12,residual,ok,strategy,,,
0.75,0.5,disclosure,categorical,19,12,12,jspace,ok,strategy,,,
0.25,0.5,disclosure,categorical,20,12,12,residual,ok,strategy,,,
0.75,0.5,disclosure,categorical,20,12,12,jspace,ok,strategy,,,
0.25,0.5,disclosure,categorical,21,12,12,residual,ok,strategy,,,
0.75,0.5,disclosure,categorical,21,12,12,jspace,ok,strategy,,,
0.25,0.5,disclosure,categorical,22,12,12,residual,ok,strategy,,,
0.75,0.5,disclosure,categorical,22,12,12,jspace,ok,strategy,,,
0.25,0.5,disclosure,categorical,23,12,12,residual,ok,strategy,,,
0.75,0.5,disclosure,categorical,23,12,12,jspace,ok,strategy,,,
0.25,0.5,disclosure,categorical,24,12,12,residual,ok,strategy,,,
0.75,0.5,disclosure,categorical,24,12,12,jspace,ok,strategy,,,
0.25,0.5,disclosure,categorical,25,12,12,residual,ok,strategy,,,
0.75,0.5,disclosure,categorical,25,12,12,jspace,ok,strategy,,,
0.25,0.5,disclosure,categorical,26,12,12,residual,ok,strategy,,,
0.75,0.5,disclosure,categorical,26,12,12,jspace,ok,strategy,,,
0.25,0.5,disclosure,categorical,27,12,12,residual,ok,strategy,,,
0.75,0.5,disclosure,categorical,27,12,12,jspace,ok,strategy,,,
0.25,0.5,disclosure,categorical,28,12,12,residual,ok,strategy,,,
0.75,0.5,disclosure,categorical,28,12,12,jspace,ok,strategy,,,
0.8333333333333334,0.8888888888888888,disclosure,categorical,29,12,12,residual,ok,strategy,,,
0.75,0.5,disclosure,categorical,29,12,12,jspace,ok,strategy,,,
0.6666666666666666,0.7777777777777778,disclosure,categorical,30,12,12,residual,ok,strategy,,,
0.75,0.5,disclosure,categorical,30,12,12,jspace,ok,strategy,,,
0.3333333333333333,0.5555555555555556,disclosure,categorical,31,12,12,residual,ok,strategy,,,
0.75,0.5,disclosure,categorical,31,12,12,jspace,ok,strategy,,,
0.9166666666666666,0.9444444444444444,disclosure,categorical,32,12,12,residual,ok,strategy,,,
0.75,0.5,disclosure,categorical,32,12,12,jspace,ok,strategy,,,
0.9166666666666666,0.8333333333333333,disclosure,categorical,33,12,12,residual,ok,strategy,,,
0.75,0.5,disclosure,categorical,33,12,12,jspace,ok,strategy,,,
0.8333333333333334,0.6666666666666666,disclosure,categorical,34,12,12,residual,ok,strategy,,,
0.75,0.5,disclosure,categorical,34,12,12,jspace,ok,strategy,,,
0.75,0.5,disclosure,categorical,35,12,12,residual,ok,strategy,,,
0.75,0.5,disclosure,categorical,35,12,12,jspace,ok,strategy,,,
0.75,0.5,disclosure,categorical,36,12,12,residual,ok,strategy,,,
0.75,0.5,disclosure,categorical,36,12,12,jspace,ok,strategy,,,
0.75,0.5,disclosure,categorical,37,12,12,residual,ok,strategy,,,
0.75,0.5,disclosure,categorical,37,12,12,jspace,ok,strategy,,,
0.75,0.5,disclosure,categorical,38,12,12,residual,ok,strategy,,,
0.75,0.5,disclosure,categorical,38,12,12,jspace,ok,strategy,,,
0.6666666666666666,0.4444444444444444,disclosure,categorical,39,12,12,residual,ok,strategy,,,
0.75,0.5,disclosure,categorical,39,12,12,jspace,ok,strategy,,,
0.75,0.5,disclosure,categorical,40,12,12,residual,ok,strategy,,,
0.75,0.5,disclosure,categorical,40,12,12,jspace,ok,strategy,,,
0.75,0.5,disclosure,categorical,41,12,12,residual,ok,strategy,,,
0.75,0.5,disclosure,categorical,41,12,12,jspace,ok,strategy,,,
0.75,0.5,disclosure,categorical,42,12,12,residual,ok,strategy,,,
0.75,0.5,disclosure,categorical,42,12,12,jspace,ok,strategy,,,
0.75,0.5,disclosure,categorical,43,12,12,residual,ok,strategy,,,
0.75,0.5,disclosure,categorical,43,12,12,jspace,ok,strategy,,,
0.75,0.5,disclosure,categorical,44,12,12,residual,ok,strategy,,,
0.75,0.5,disclosure,categorical,44,12,12,jspace,ok,strategy,,,
0.75,0.5,disclosure,categorical,45,12,12,residual,ok,strategy,,,
0.75,0.5,disclosure,categorical,45,12,12,jspace,ok,strategy,,,
0.75,0.5,disclosure,categorical,46,12,12,residual,ok,strategy,,,
0.75,0.5,disclosure,categorical,46,12,12,jspace,ok,strategy,,,
0.75,0.5,disclosure,categorical,47,12,12,residual,ok,strategy,,,
0.75,0.5,disclosure,categorical,47,12,12,jspace,ok,strategy,,,
0.75,0.5,disclosure,categorical,48,12,12,residual,ok,strategy,,,
0.75,0.5,disclosure,categorical,48,12,12,jspace,ok,strategy,,,
0.75,0.5,disclosure,categorical,49,12,12,residual,ok,strategy,,,
0.75,0.5,disclosure,categorical,49,12,12,jspace,ok,strategy,,,
0.75,0.5,disclosure,categorical,50,12,12,residual,ok,strategy,,,
0.75,0.5,disclosure,categorical,50,12,12,jspace,ok,strategy,,,
0.75,0.5,disclosure,categorical,51,12,12,residual,ok,strategy,,,
0.75,0.5,disclosure,categorical,51,12,12,jspace,ok,strategy,,,
0.75,0.5,disclosure,categorical,52,12,12,residual,ok,strategy,,,
0.75,0.5,disclosure,categorical,52,12,12,jspace,ok,strategy,,,
0.75,0.5,disclosure,categorical,53,12,12,residual,ok,strategy,,,
0.75,0.5,disclosure,categorical,53,12,12,jspace,ok,strategy,,,
0.75,0.5,disclosure,categorical,54,12,12,residual,ok,strategy,,,
0.75,0.5,disclosure,categorical,54,12,12,jspace,ok,strategy,,,
0.75,0.5,disclosure,categorical,55,12,12,residual,ok,strategy,,,
0.75,0.5,disclosure,categorical,55,12,12,jspace,ok,strategy,,,
0.75,0.5,disclosure,categorical,56,12,12,residual,ok,strategy,,,
0.75,0.5,disclosure,categorical,56,12,12,jspace,ok,strategy,,,
0.75,0.5,disclosure,categorical,57,12,12,residual,ok,strategy,,,
0.75,0.5,disclosure,categorical,57,12,12,jspace,ok,strategy,,,
0.75,0.5,disclosure,categorical,58,12,12,residual,ok,strategy,,,
0.75,0.5,disclosure,categorical,58,12,12,jspace,ok,strategy,,,
0.75,0.5,disclosure,categorical,59,12,12,residual,ok,strategy,,,
0.75,0.5,disclosure,categorical,59,12,12,jspace,ok,strategy,,,
0.75,0.5,disclosure,categorical,60,12,12,residual,ok,strategy,,,
0.75,0.5,disclosure,categorical,60,12,12,jspace,ok,strategy,,,
0.75,0.5,disclosure,categorical,61,12,12,residual,ok,strategy,,,
0.75,0.5,disclosure,categorical,61,12,12,jspace,ok,strategy,,,
0.75,0.5,disclosure,categorical,62,12,12,residual,ok,strategy,,,
0.75,0.5,disclosure,categorical,62,12,12,jspace,ok,strategy,,,
0.4166666666666667,0.3333333333333333,disclosure,categorical,-1,12,12,output,ok,action,,,
0.4166666666666667,0.3333333333333333,disclosure,categorical,0,12,12,residual,ok,action,,,
0.4166666666666667,0.3333333333333333,disclosure,categorical,0,12,12,jspace,ok,action,,,
0.4166666666666667,0.3333333333333333,disclosure,categorical,1,12,12,residual,ok,action,,,
0.4166666666666667,0.3333333333333333,disclosure,categorical,1,12,12,jspace,ok,action,,,
0.25,0.3333333333333333,disclosure,categorical,2,12,12,residual,ok,action,,,
0.4166666666666667,0.3333333333333333,disclosure,categorical,2,12,12,jspace,ok,action,,,
0.5,0.4166666666666667,disclosure,categorical,3,12,12,residual,ok,action,,,
0.4166666666666667,0.3333333333333333,disclosure,categorical,3,12,12,jspace,ok,action,,,
0.3333333333333333,0.3333333333333333,disclosure,categorical,4,12,12,residual,ok,action,,,
0.4166666666666667,0.3333333333333333,disclosure,categorical,4,12,12,jspace,ok,action,,,
0.3333333333333333,0.3333333333333333,disclosure,categorical,5,12,12,residual,ok,action,,,
0.4166666666666667,0.3333333333333333,disclosure,categorical,5,12,12,jspace,ok,action,,,
0.3333333333333333,0.3333333333333333,disclosure,categorical,6,12,12,residual,ok,action,,,
0.4166666666666667,0.3333333333333333,disclosure,categorical,6,12,12,jspace,ok,action,,,
0.3333333333333333,0.3333333333333333,disclosure,categorical,7,12,12,residual,ok,action,,,
0.4166666666666667,0.3333333333333333,disclosure,categorical,7,12,12,jspace,ok,action,,,
0.3333333333333333,0.3333333333333333,disclosure,categorical,8,12,12,residual,ok,action,,,
0.4166666666666667,0.3333333333333333,disclosure,categorical,8,12,12,jspace,ok,action,,,
0.3333333333333333,0.3333333333333333,disclosure,categorical,9,12,12,residual,ok,action,,,
0.4166666666666667,0.3333333333333333,disclosure,categorical,9,12,12,jspace,ok,action,,,
0.3333333333333333,0.3333333333333333,disclosure,categorical,10,12,12,residual,ok,action,,,
0.4166666666666667,0.3333333333333333,disclosure,categorical,10,12,12,jspace,ok,action,,,
0.3333333333333333,0.3333333333333333,disclosure,categorical,11,12,12,residual,ok,action,,,
0.4166666666666667,0.3333333333333333,disclosure,categorical,11,12,12,jspace,ok,action,,,
0.3333333333333333,0.3333333333333333,disclosure,categorical,12,12,12,residual,ok,action,,,
0.4166666666666667,0.3333333333333333,disclosure,categorical,12,12,12,jspace,ok,action,,,
0.3333333333333333,0.3333333333333333,disclosure,categorical,13,12,12,residual,ok,action,,,
0.4166666666666667,0.3333333333333333,disclosure,categorical,13,12,12,jspace,ok,action,,,
0.3333333333333333,0.3333333333333333,disclosure,categorical,14,12,12,residual,ok,action,,,
0.4166666666666667,0.3333333333333333,disclosure,categorical,14,12,12,jspace,ok,action,,,
0.3333333333333333,0.3333333333333333,disclosure,categorical,15,12,12,residual,ok,action,,,
0.4166666666666667,0.3333333333333333,disclosure,categorical,15,12,12,jspace,ok,action,,,
0.3333333333333333,0.3333333333333333,disclosure,categorical,16,12,12,residual,ok,action,,,
0.4166666666666667,0.3333333333333333,disclosure,categorical,16,12,12,jspace,ok,action,,,
0.25,0.3333333333333333,disclosure,categorical,17,12,12,residual,ok,action,,,
0.4166666666666667,0.3333333333333333,disclosure,categorical,17,12,12,jspace,ok,action,,,
0.25,0.3333333333333333,disclosure,categorical,18,12,12,residual,ok,action,,,
0.4166666666666667,0.3333333333333333,disclosure,categorical,18,12,12,jspace,ok,action,,,
0.25,0.3333333333333333,disclosure,categorical,19,12,12,residual,ok,action,,,
0.4166666666666667,0.3333333333333333,disclosure,categorical,19,12,12,jspace,ok,action,,,
0.25,0.3333333333333333,disclosure,categorical,20,12,12,residual,ok,action,,,
0.4166666666666667,0.3333333333333333,disclosure,categorical,20,12,12,jspace,ok,action,,,
0.25,0.3333333333333333,disclosure,categorical,21,12,12,residual,ok,action,,,
0.4166666666666667,0.3333333333333333,disclosure,categorical,21,12,12,jspace,ok,action,,,
0.25,0.3333333333333333,disclosure,categorical,22,12,12,residual,ok,action,,,
0.4166666666666667,0.3333333333333333,disclosure,categorical,22,12,12,jspace,ok,action,,,
0.25,0.3333333333333333,disclosure,categorical,23,12,12,residual,ok,action,,,
0.4166666666666667,0.3333333333333333,disclosure,categorical,23,12,12,jspace,ok,action,,,
0.25,0.3333333333333333,disclosure,categorical,24,12,12,residual,ok,action,,,
0.4166666666666667,0.3333333333333333,disclosure,categorical,24,12,12,jspace,ok,action,,,
0.25,0.3333333333333333,disclosure,categorical,25,12,12,residual,ok,action,,,
0.4166666666666667,0.3333333333333333,disclosure,categorical,25,12,12,jspace,ok,action,,,
0.25,0.3333333333333333,disclosure,categorical,26,12,12,residual,ok,action,,,
0.4166666666666667,0.3333333333333333,disclosure,categorical,26,12,12,jspace,ok,action,,,
0.5,0.5333333333333333,disclosure,categorical,27,12,12,residual,ok,action,,,
0.4166666666666667,0.3333333333333333,disclosure,categorical,27,12,12,jspace,ok,action,,,
0.25,0.3333333333333333,disclosure,categorical,28,12,12,residual,ok,action,,,
0.4166666666666667,0.3333333333333333,disclosure,categorical,28,12,12,jspace,ok,action,,,
0.5,0.4444444444444444,disclosure,categorical,29,12,12,residual,ok,action,,,
0.4166666666666667,0.3333333333333333,disclosure,categorical,29,12,12,jspace,ok,action,,,
0.4166666666666667,0.3333333333333333,disclosure,categorical,30,12,12,residual,ok,action,,,
0.4166666666666667,0.3333333333333333,disclosure,categorical,30,12,12,jspace,ok,action,,,
0.4166666666666667,0.4666666666666666,disclosure,categorical,31,12,12,residual,ok,action,,,
0.4166666666666667,0.3333333333333333,disclosure,categorical,31,12,12,jspace,ok,action,,,
0.6666666666666666,0.6666666666666666,disclosure,categorical,32,12,12,residual,ok,action,,,
0.4166666666666667,0.3333333333333333,disclosure,categorical,32,12,12,jspace,ok,action,,,
0.5,0.4444444444444444,disclosure,categorical,33,12,12,residual,ok,action,,,
0.4166666666666667,0.3333333333333333,disclosure,categorical,33,12,12,jspace,ok,action,,,
0.5,0.4444444444444444,disclosure,categorical,34,12,12,residual,ok,action,,,
0.4166666666666667,0.3333333333333333,disclosure,categorical,34,12,12,jspace,ok,action,,,
0.5,0.43333333333333335,disclosure,categorical,35,12,12,residual,ok,action,,,
0.4166666666666667,0.3333333333333333,disclosure,categorical,35,12,12,jspace,ok,action,,,
0.4166666666666667,0.3333333333333333,disclosure,categorical,36,12,12,residual,ok,action,,,
0.4166666666666667,0.3333333333333333,disclosure,categorical,36,12,12,jspace,ok,action,,,
0.4166666666666667,0.3333333333333333,disclosure,categorical,37,12,12,residual,ok,action,,,
0.4166666666666667,0.3333333333333333,disclosure,categorical,37,12,12,jspace,ok,action,,,
0.4166666666666667,0.3333333333333333,disclosure,categorical,38,12,12,residual,ok,action,,,
0.4166666666666667,0.3333333333333333,disclosure,categorical,38,12,12,jspace,ok,action,,,
0.3333333333333333,0.26666666666666666,disclosure,categorical,39,12,12,residual,ok,action,,,
0.4166666666666667,0.3333333333333333,disclosure,categorical,39,12,12,jspace,ok,action,,,
0.4166666666666667,0.3333333333333333,disclosure,categorical,40,12,12,residual,ok,action,,,
0.4166666666666667,0.3333333333333333,disclosure,categorical,40,12,12,jspace,ok,action,,,
0.3333333333333333,0.26666666666666666,disclosure,categorical,41,12,12,residual,ok,action,,,
0.4166666666666667,0.3333333333333333,disclosure,categorical,41,12,12,jspace,ok,action,,,
0.3333333333333333,0.26666666666666666,disclosure,categorical,42,12,12,residual,ok,action,,,
0.4166666666666667,0.3333333333333333,disclosure,categorical,42,12,12,jspace,ok,action,,,
0.4166666666666667,0.3333333333333333,disclosure,categorical,43,12,12,residual,ok,action,,,
0.4166666666666667,0.3333333333333333,disclosure,categorical,43,12,12,jspace,ok,action,,,
0.4166666666666667,0.3333333333333333,disclosure,categorical,44,12,12,residual,ok,action,,,
0.4166666666666667,0.3333333333333333,disclosure,categorical,44,12,12,jspace,ok,action,,,
0.4166666666666667,0.3333333333333333,disclosure,categorical,45,12,12,residual,ok,action,,,
0.4166666666666667,0.3333333333333333,disclosure,categorical,45,12,12,jspace,ok,action,,,
0.4166666666666667,0.3333333333333333,disclosure,categorical,46,12,12,residual,ok,action,,,
0.4166666666666667,0.3333333333333333,disclosure,categorical,46,12,12,jspace,ok,action,,,
0.5,0.4166666666666667,disclosure,categorical,47,12,12,residual,ok,action,,,
0.4166666666666667,0.3333333333333333,disclosure,categorical,47,12,12,jspace,ok,action,,,
0.4166666666666667,0.3333333333333333,disclosure,categorical,48,12,12,residual,ok,action,,,
0.4166666666666667,0.3333333333333333,disclosure,categorical,48,12,12,jspace,ok,action,,,
0.5,0.4166666666666667,disclosure,categorical,49,12,12,residual,ok,action,,,
0.4166666666666667,0.3333333333333333,disclosure,categorical,49,12,12,jspace,ok,action,,,
0.6666666666666666,0.5833333333333334,disclosure,categorical,50,12,12,residual,ok,action,,,
0.4166666666666667,0.3333333333333333,disclosure,categorical,50,12,12,jspace,ok,action,,,
0.75,0.6666666666666666,disclosure,categorical,51,12,12,residual,ok,action,,,
0.4166666666666667,0.3333333333333333,disclosure,categorical,51,12,12,jspace,ok,action,,,
0.75,0.6666666666666666,disclosure,categorical,52,12,12,residual,ok,action,,,
0.4166666666666667,0.3333333333333333,disclosure,categorical,52,12,12,jspace,ok,action,,,
0.75,0.6666666666666666,disclosure,categorical,53,12,12,residual,ok,action,,,
0.4166666666666667,0.3333333333333333,disclosure,categorical,53,12,12,jspace,ok,action,,,
0.75,0.6666666666666666,disclosure,categorical,54,12,12,residual,ok,action,,,
0.4166666666666667,0.3333333333333333,disclosure,categorical,54,12,12,jspace,ok,action,,,
0.75,0.6666666666666666,disclosure,categorical,55,12,12,residual,ok,action,,,
0.4166666666666667,0.3333333333333333,disclosure,categorical,55,12,12,jspace,ok,action,,,
0.75,0.6666666666666666,disclosure,categorical,56,12,12,residual,ok,action,,,
0.4166666666666667,0.3333333333333333,disclosure,categorical,56,12,12,jspace,ok,action,,,
0.75,0.6666666666666666,disclosure,categorical,57,12,12,residual,ok,action,,,
0.4166666666666667,0.3333333333333333,disclosure,categorical,57,12,12,jspace,ok,action,,,
0.75,0.6666666666666666,disclosure,categorical,58,12,12,residual,ok,action,,,
0.4166666666666667,0.3333333333333333,disclosure,categorical,58,12,12,jspace,ok,action,,,
0.75,0.6666666666666666,disclosure,categorical,59,12,12,residual,ok,action,,,
0.4166666666666667,0.3333333333333333,disclosure,categorical,59,12,12,jspace,ok,action,,,
0.75,0.6666666666666666,disclosure,categorical,60,12,12,residual,ok,action,,,
0.4166666666666667,0.3333333333333333,disclosure,categorical,60,12,12,jspace,ok,action,,,
0.75,0.6666666666666666,disclosure,categorical,61,12,12,residual,ok,action,,,
0.4166666666666667,0.3333333333333333,disclosure,categorical,61,12,12,jspace,ok,action,,,
0.75,0.6666666666666666,disclosure,categorical,62,12,12,residual,ok,action,,,
0.6666666666666666,0.5833333333333334,disclosure,categorical,62,12,12,jspace,ok,action,,,
,,disclosure,scalar,-1,12,12,output,ok,belief,0.020954672007823506,0.18761648403273687,-0.02126117160417973
,,disclosure,scalar,0,12,12,residual,ok,belief,0.6736226134503589,0.14043418731954363,0.34795806613513747
,,disclosure,scalar,0,12,12,jspace,ok,belief,0.05729926388657599,0.18533652393030167,-1.7022994938553637e-05
,,disclosure,scalar,1,12,12,residual,ok,belief,0.7474469861871751,0.13065649320681894,0.38607753459431593
,,disclosure,scalar,1,12,12,jspace,ok,belief,0.4708334809415205,0.18511367220461483,0.0008178334282046285
,,disclosure,scalar,2,12,12,residual,ok,belief,0.8400725441931993,0.12815895842181313,0.4990054527311324
,,disclosure,scalar,2,12,12,jspace,ok,belief,-0.20986797732644924,0.18519094581247664,-7.078848861752363e-06
,,disclosure,scalar,3,12,12,residual,ok,belief,0.8109168401648855,0.3986356796489821,-3.0614801494887995
,,disclosure,scalar,3,12,12,jspace,ok,belief,-0.02228230288053557,0.18518430134500918,-2.148600806162193e-07
,,disclosure,scalar,4,12,12,residual,ok,belief,0.7152537111418079,0.45473852049973273,-4.318910088230341
,,disclosure,scalar,4,12,12,jspace,ok,belief,-0.048850212762696486,0.18501364639952025,-2.591351179836998e-05
,,disclosure,scalar,5,12,12,residual,ok,belief,0.8103647453444247,0.2963151948319541,-1.4468124465266663
,,disclosure,scalar,5,12,12,jspace,ok,belief,0.11058578859698434,0.18518627003214527,3.603090754644711e-07
,,disclosure,scalar,6,12,12,residual,ok,belief,0.8052075507486642,0.3661815143293805,-2.5520088014538316
,,disclosure,scalar,6,12,12,jspace,ok,belief,0.19243739011254274,0.18518033187090174,1.48235086672166e-06
,,disclosure,scalar,7,12,12,residual,ok,belief,0.8514620371359986,0.17599304517110193,-0.051465928851201825
,,disclosure,scalar,7,12,12,jspace,ok,belief,0.123879077104969,0.18518127200679405,3.2975736961038393e-06
,,disclosure,scalar,8,12,12,residual,ok,belief,0.7875964360933847,0.382063188486629,-2.81929359802414
,,disclosure,scalar,8,12,12,jspace,ok,belief,0.36308611847397865,0.18518527900776494,6.322928910451608e-07
,,disclosure,scalar,9,12,12,residual,ok,belief,0.7464972950203753,0.5439204110039606,-6.379072694105921
,,disclosure,scalar,9,12,12,jspace,ok,belief,-0.04116929473617071,0.1852917310128008,-8.066151314634062e-05
,,disclosure,scalar,10,12,12,residual,ok,belief,0.763528022313134,1.0509015255504184,-25.062597467446544
,,disclosure,scalar,10,12,12,jspace,ok,belief,0.39344499564452734,0.18517264647591566,4.1897178146066416e-05
,,disclosure,scalar,11,12,12,residual,ok,belief,0.8047137506681856,1.0403703782293532,-24.48436404283189
,,disclosure,scalar,11,12,12,jspace,ok,belief,-0.2996354388393491,0.18518580732382017,-1.9695957456322688e-05
,,disclosure,scalar,12,12,12,residual,ok,belief,0.7757844264662028,1.587380482090844,-57.76534616106174
,,disclosure,scalar,12,12,12,jspace,ok,belief,-0.26889157707841627,0.18521733772198748,-1.5374984494442856e-05
,,disclosure,scalar,13,12,12,residual,ok,belief,0.7940380482380042,1.6146715415848627,-59.72204417491633
,,disclosure,scalar,13,12,12,jspace,ok,belief,0.349197346937795,0.18506583113599848,0.001265483299139114
,,disclosure,scalar,14,12,12,residual,ok,belief,0.8254820876025458,1.6118500663174524,-59.46833415312853
,,disclosure,scalar,14,12,12,jspace,ok,belief,0.36977224449551505,0.18517615578940227,7.023699970365449e-05
,,disclosure,scalar,15,12,12,residual,ok,belief,0.8185318454383933,1.4561370048258038,-48.41716661682077
,,disclosure,scalar,15,12,12,jspace,ok,belief,-0.010489524526994856,0.1852005381676918,-3.5893632877037618e-06
,,disclosure,scalar,16,12,12,residual,ok,belief,0.8546890442796362,1.1212004158231947,-28.439898640078983
,,disclosure,scalar,16,12,12,jspace,ok,belief,0.07703916036889012,0.1852011963067295,9.436249135297281e-06
,,disclosure,scalar,17,12,12,residual,ok,belief,0.868796405951374,0.8323598239156936,-15.332063083841327
,,disclosure,scalar,17,12,12,jspace,ok,belief,0.07273071994055713,0.18520962117235484,2.1452070895766617e-05
,,disclosure,scalar,18,12,12,residual,ok,belief,0.8896560841210526,0.554746288392279,-6.381093147360716
,,disclosure,scalar,18,12,12,jspace,ok,belief,0.429385031694889,0.1855274579395972,-8.975183507287099e-05
,,disclosure,scalar,19,12,12,residual,ok,belief,0.9089796162873564,0.20827576435274545,-0.2945934314289902
,,disclosure,scalar,19,12,12,jspace,ok,belief,0.27778583224729436,0.18517650119893878,1.9058898630297527e-05
,,disclosure,scalar,20,12,12,residual,ok,belief,0.902499693510329,0.13819743403130105,0.3588934978346121
,,disclosure,scalar,20,12,12,jspace,ok,belief,0.45106550319658534,0.18518418366182957,1.2472698511900582e-05
,,disclosure,scalar,21,12,12,residual,ok,belief,0.9003294845205355,0.13923608594470552,0.34259159383947657
,,disclosure,scalar,21,12,12,jspace,ok,belief,-0.4029196998122894,0.1851863891487809,-1.541805929994311e-05
,,disclosure,scalar,22,12,12,residual,ok,belief,0.903793429897942,0.09977239784267211,0.6931592278463058
,,disclosure,scalar,22,12,12,jspace,ok,belief,-0.3210485714986226,0.18539729784505302,-0.00035294503503857655
,,disclosure,scalar,23,12,12,residual,ok,belief,0.8876364444057415,0.11280097977982624,0.5780139413315604
,,disclosure,scalar,23,12,12,jspace,ok,belief,-0.3054545732713588,0.18906486237826725,-0.01305931606174604
,,disclosure,scalar,24,12,12,residual,ok,belief,0.9074042181811124,0.10027186200022697,0.7229683674260594
,,disclosure,scalar,24,12,12,jspace,ok,belief,-0.1994932533365426,0.18518439079399251,-3.236074247681131e-06
,,disclosure,scalar,25,12,12,residual,ok,belief,0.923227862653239,0.11356771820121343,0.4694649118842742
,,disclosure,scalar,25,12,12,jspace,ok,belief,-0.6221261074737211,0.18533155804699822,-0.001987488264979742
,,disclosure,scalar,26,12,12,residual,ok,belief,0.9334293072250247,0.13628353012932673,0.3035444774180377
,,disclosure,scalar,26,12,12,jspace,ok,belief,0.49198343915904075,0.18541043120436415,-3.7003299349080976e-05
,,disclosure,scalar,27,12,12,residual,ok,belief,0.8759845218325623,0.12882693774170348,0.5022956952349806
,,disclosure,scalar,27,12,12,jspace,ok,belief,0.1810049744821665,0.1851846238006568,6.716097170733626e-06
,,disclosure,scalar,28,12,12,residual,ok,belief,0.8526355005084625,0.13589911825127074,0.3449190617431913
,,disclosure,scalar,28,12,12,jspace,ok,belief,0.35179401308984637,0.18519014807740278,1.7640113981864936e-05
,,disclosure,scalar,29,12,12,residual,ok,belief,0.8568272174320051,0.16526099625560972,0.03673937490476853
,,disclosure,scalar,29,12,12,jspace,ok,belief,0.5980226922105657,0.18518210668481908,5.511763725463137e-05
,,disclosure,scalar,30,12,12,residual,ok,belief,0.8693052354149329,0.18474934912390176,-0.12265095776703294
,,disclosure,scalar,30,12,12,jspace,ok,belief,0.0003966792515976479,0.18460666690348881,-0.00027811341818617663
,,disclosure,scalar,31,12,12,residual,ok,belief,0.8813009082340648,0.30115968154536354,-1.60586422595537
,,disclosure,scalar,31,12,12,jspace,ok,belief,0.7079550291816805,0.18517313909436015,7.745817733151306e-05
,,disclosure,scalar,32,12,12,residual,ok,belief,0.8569937543900008,0.2992507956094212,-1.5578140450586009
,,disclosure,scalar,32,12,12,jspace,ok,belief,-0.40425562465880593,0.18520842961223646,-2.7249384071170724e-05
,,disclosure,scalar,33,12,12,residual,ok,belief,0.9198029456711458,0.35169722802109193,-2.260414721483253
,,disclosure,scalar,33,12,12,jspace,ok,belief,0.40650983052145373,0.18518713599978984,7.415522997389346e-05
,,disclosure,scalar,34,12,12,residual,ok,belief,0.9231598094528635,0.3728162240650919,-2.593014265849395
,,disclosure,scalar,34,12,12,jspace,ok,belief,0.054031388521611295,0.185178715776114,8.357037331041539e-07
,,disclosure,scalar,35,12,12,residual,ok,belief,0.9297661534997239,0.30596851971414357,-1.3438255814522595
,,disclosure,scalar,35,12,12,jspace,ok,belief,-0.20138099986603675,0.18519545863689202,-0.00019128138603785594
,,disclosure,scalar,36,12,12,residual,ok,belief,0.8908216024331116,0.30344243264860576,-1.3726334881143991
,,disclosure,scalar,36,12,12,jspace,ok,belief,-0.5395695515570993,0.1851879177835359,-8.6323163736024e-05
,,disclosure,scalar,37,12,12,residual,ok,belief,0.8905996764779902,0.2936931467718548,-1.2488029637707618
,,disclosure,scalar,37,12,12,jspace,ok,belief,0.07367611528592218,0.1851616094211789,2.2599637415909868e-05
,,disclosure,scalar,38,12,12,residual,ok,belief,0.8855479715729598,0.3283458145128356,-1.7429536231024043
,,disclosure,scalar,38,12,12,jspace,ok,belief,-0.2845299410953455,0.18516456116499516,-5.1673050963652045e-05
,,disclosure,scalar,39,12,12,residual,ok,belief,0.9306792150213378,0.35967419958776903,-2.20541237923637
,,disclosure,scalar,39,12,12,jspace,ok,belief,-0.4063383121047006,0.18517601396702266,-7.99016850467904e-05
,,disclosure,scalar,40,12,12,residual,ok,belief,0.9083087487838616,0.3413484200007386,-1.9115122663652073
,,disclosure,scalar,40,12,12,jspace,ok,belief,0.4220711820072044,0.1851406366199658,0.00019688294882402868
,,disclosure,scalar,41,12,12,residual,ok,belief,0.9107145857638227,0.31832776880926555,-1.5709121547136462
,,disclosure,scalar,41,12,12,jspace,ok,belief,0.32221860715076317,0.1850556168675648,0.00028775273073411434
,,disclosure,scalar,42,12,12,residual,ok,belief,0.8884410021765258,0.30924245632357067,-1.4690465013354657
,,disclosure,scalar,42,12,12,jspace,ok,belief,0.5610484032348685,0.18456359869107444,0.00016916320503168603
,,disclosure,scalar,43,12,12,residual,ok,belief,0.9052021720786543,0.21441439332233533,-0.2096965321677391
,,disclosure,scalar,43,12,12,jspace,ok,belief,0.6539879148344189,0.18450631691796002,0.0045369698128010505
,,disclosure,scalar,44,12,12,residual,ok,belief,0.8992231436412403,0.17204753102527723,0.16393385831548257
,,disclosure,scalar,44,12,12,jspace,ok,belief,-0.18487508785629747,0.18501755303366843,-0.0011226357886651162
,,disclosure,scalar,45,12,12,residual,ok,belief,0.8905112130637592,0.14223595625824395,0.36886877358005443
,,disclosure,scalar,45,12,12,jspace,ok,belief,0.7708338430787681,0.18586430180464872,0.0019222257958193545
,,disclosure,scalar,46,12,12,residual,ok,belief,0.8685734374766071,0.12502832048469117,0.47179119266956315
,,disclosure,scalar,46,12,12,jspace,ok,belief,0.3090803767680621,0.1853661928402814,0.0015487776866222047
,,disclosure,scalar,47,12,12,residual,ok,belief,0.8739338130313316,0.11266804031199877,0.5783001292366124
,,disclosure,scalar,47,12,12,jspace,ok,belief,0.2846684091038559,0.18700651932165716,-0.00043016690397545965
,,disclosure,scalar,48,12,12,residual,ok,belief,0.8565095583958071,0.12054273072216244,0.5212082775844926
,,disclosure,scalar,48,12,12,jspace,ok,belief,0.58181638939772,0.18506746005901933,0.0010447428224037436
,,disclosure,scalar,49,12,12,residual,ok,belief,0.8005901091185645,0.10502338326639597,0.585671948337207
,,disclosure,scalar,49,12,12,jspace,ok,belief,0.050200202213501806,0.18522052166387812,0.0015732877342202745
,,disclosure,scalar,50,12,12,residual,ok,belief,0.7891389583452639,0.1046242428322633,0.6031300423882192
,,disclosure,scalar,50,12,12,jspace,ok,belief,0.17222030773287628,0.18516836885385654,0.00024075923471433835
,,disclosure,scalar,51,12,12,residual,ok,belief,0.7591905447238078,0.1175081692636013,0.52660227569836
,,disclosure,scalar,51,12,12,jspace,ok,belief,0.6468282572916378,0.1844396674289741,0.006270158518025926
,,disclosure,scalar,52,12,12,residual,ok,belief,0.7377145628468572,0.11857361925972831,0.508840611428807
,,disclosure,scalar,52,12,12,jspace,ok,belief,0.5804649732948308,0.18449177302260078,0.005182171974455696
,,disclosure,scalar,53,12,12,residual,ok,belief,0.7262779612865201,0.120821263641119,0.4922905556496048
,,disclosure,scalar,53,12,12,jspace,ok,belief,0.6384008960933183,0.18286833165472402,0.01885439765174801
,,disclosure,scalar,54,12,12,residual,ok,belief,0.7066262707069068,0.13005014219217828,0.4263353058002217
,,disclosure,scalar,54,12,12,jspace,ok,belief,0.6152397820706482,0.18203431256932415,0.013331184448402866
,,disclosure,scalar,55,12,12,residual,ok,belief,0.7259662485336099,0.1256540947490268,0.500646651880009
,,disclosure,scalar,55,12,12,jspace,ok,belief,0.327025710298228,0.18323761661324223,0.004631643090060478
,,disclosure,scalar,56,12,12,residual,ok,belief,0.717797010198089,0.12669113112820518,0.478435436325093
,,disclosure,scalar,56,12,12,jspace,ok,belief,0.6263311486624769,0.18269674854198467,0.023940096514278197
,,disclosure,scalar,57,12,12,residual,ok,belief,0.7205910793507598,0.12295569934778743,0.4936103008076681
,,disclosure,scalar,57,12,12,jspace,ok,belief,0.6279923438529902,0.1833474389025553,0.019692492498675218
,,disclosure,scalar,58,12,12,residual,ok,belief,0.7245876285065415,0.12370027311974101,0.4966070885032945
,,disclosure,scalar,58,12,12,jspace,ok,belief,0.4047274353615705,0.18342363692229113,0.016375379116607247
,,disclosure,scalar,59,12,12,residual,ok,belief,0.7244073613540399,0.12138856657677229,0.47709934460815506
,,disclosure,scalar,59,12,12,jspace,ok,belief,0.38652504348327815,0.18360664070490432,0.011026370631054716
,,disclosure,scalar,60,12,12,residual,ok,belief,0.6975855811253329,0.12317245826125145,0.4403227026525868
,,disclosure,scalar,60,12,12,jspace,ok,belief,0.044910298312546656,0.18544195047198342,0.0011547129100442088
,,disclosure,scalar,61,12,12,residual,ok,belief,0.69258351500647,0.11949485788742702,0.45941461024253905
,,disclosure,scalar,61,12,12,jspace,ok,belief,0.31389511148450333,0.17962230357769549,0.028381626888182798
,,disclosure,scalar,62,12,12,residual,ok,belief,0.6925742406269717,0.12850182793206635,0.44375557831844104
,,disclosure,scalar,62,12,12,jspace,ok,belief,0.34541067396862163,0.18092622769708122,0.0409975201800048
,,disclosure,scalar,-1,12,12,output,constant_target,objective,,,
,,disclosure,scalar,0,12,12,residual,constant_target,objective,,,
,,disclosure,scalar,0,12,12,jspace,constant_target,objective,,,
,,disclosure,scalar,1,12,12,residual,constant_target,objective,,,
,,disclosure,scalar,1,12,12,jspace,constant_target,objective,,,
,,disclosure,scalar,2,12,12,residual,constant_target,objective,,,
,,disclosure,scalar,2,12,12,jspace,constant_target,objective,,,
,,disclosure,scalar,3,12,12,residual,constant_target,objective,,,
,,disclosure,scalar,3,12,12,jspace,constant_target,objective,,,
,,disclosure,scalar,4,12,12,residual,constant_target,objective,,,
,,disclosure,scalar,4,12,12,jspace,constant_target,objective,,,
,,disclosure,scalar,5,12,12,residual,constant_target,objective,,,
,,disclosure,scalar,5,12,12,jspace,constant_target,objective,,,
,,disclosure,scalar,6,12,12,residual,constant_target,objective,,,
,,disclosure,scalar,6,12,12,jspace,constant_target,objective,,,
,,disclosure,scalar,7,12,12,residual,constant_target,objective,,,
,,disclosure,scalar,7,12,12,jspace,constant_target,objective,,,
,,disclosure,scalar,8,12,12,residual,constant_target,objective,,,
,,disclosure,scalar,8,12,12,jspace,constant_target,objective,,,
,,disclosure,scalar,9,12,12,residual,constant_target,objective,,,
,,disclosure,scalar,9,12,12,jspace,constant_target,objective,,,
,,disclosure,scalar,10,12,12,residual,constant_target,objective,,,
,,disclosure,scalar,10,12,12,jspace,constant_target,objective,,,
,,disclosure,scalar,11,12,12,residual,constant_target,objective,,,
,,disclosure,scalar,11,12,12,jspace,constant_target,objective,,,
,,disclosure,scalar,12,12,12,residual,constant_target,objective,,,
,,disclosure,scalar,12,12,12,jspace,constant_target,objective,,,
,,disclosure,scalar,13,12,12,residual,constant_target,objective,,,
,,disclosure,scalar,13,12,12,jspace,constant_target,objective,,,
,,disclosure,scalar,14,12,12,residual,constant_target,objective,,,
,,disclosure,scalar,14,12,12,jspace,constant_target,objective,,,
,,disclosure,scalar,15,12,12,residual,constant_target,objective,,,
,,disclosure,scalar,15,12,12,jspace,constant_target,objective,,,
,,disclosure,scalar,16,12,12,residual,constant_target,objective,,,
,,disclosure,scalar,16,12,12,jspace,constant_target,objective,,,
,,disclosure,scalar,17,12,12,residual,constant_target,objective,,,
,,disclosure,scalar,17,12,12,jspace,constant_target,objective,,,
,,disclosure,scalar,18,12,12,residual,constant_target,objective,,,
,,disclosure,scalar,18,12,12,jspace,constant_target,objective,,,
,,disclosure,scalar,19,12,12,residual,constant_target,objective,,,
,,disclosure,scalar,19,12,12,jspace,constant_target,objective,,,
,,disclosure,scalar,20,12,12,residual,constant_target,objective,,,
,,disclosure,scalar,20,12,12,jspace,constant_target,objective,,,
,,disclosure,scalar,21,12,12,residual,constant_target,objective,,,
,,disclosure,scalar,21,12,12,jspace,constant_target,objective,,,
,,disclosure,scalar,22,12,12,residual,constant_target,objective,,,
,,disclosure,scalar,22,12,12,jspace,constant_target,objective,,,
,,disclosure,scalar,23,12,12,residual,constant_target,objective,,,
,,disclosure,scalar,23,12,12,jspace,constant_target,objective,,,
,,disclosure,scalar,24,12,12,residual,constant_target,objective,,,
,,disclosure,scalar,24,12,12,jspace,constant_target,objective,,,
,,disclosure,scalar,25,12,12,residual,constant_target,objective,,,
,,disclosure,scalar,25,12,12,jspace,constant_target,objective,,,
,,disclosure,scalar,26,12,12,residual,constant_target,objective,,,
,,disclosure,scalar,26,12,12,jspace,constant_target,objective,,,
,,disclosure,scalar,27,12,12,residual,constant_target,objective,,,
,,disclosure,scalar,27,12,12,jspace,constant_target,objective,,,
,,disclosure,scalar,28,12,12,residual,constant_target,objective,,,
,,disclosure,scalar,28,12,12,jspace,constant_target,objective,,,
,,disclosure,scalar,29,12,12,residual,constant_target,objective,,,
,,disclosure,scalar,29,12,12,jspace,constant_target,objective,,,
,,disclosure,scalar,30,12,12,residual,constant_target,objective,,,
,,disclosure,scalar,30,12,12,jspace,constant_target,objective,,,
,,disclosure,scalar,31,12,12,residual,constant_target,objective,,,
,,disclosure,scalar,31,12,12,jspace,constant_target,objective,,,
,,disclosure,scalar,32,12,12,residual,constant_target,objective,,,
,,disclosure,scalar,32,12,12,jspace,constant_target,objective,,,
,,disclosure,scalar,33,12,12,residual,constant_target,objective,,,
,,disclosure,scalar,33,12,12,jspace,constant_target,objective,,,
,,disclosure,scalar,34,12,12,residual,constant_target,objective,,,
,,disclosure,scalar,34,12,12,jspace,constant_target,objective,,,
,,disclosure,scalar,35,12,12,residual,constant_target,objective,,,
,,disclosure,scalar,35,12,12,jspace,constant_target,objective,,,
,,disclosure,scalar,36,12,12,residual,constant_target,objective,,,
,,disclosure,scalar,36,12,12,jspace,constant_target,objective,,,
,,disclosure,scalar,37,12,12,residual,constant_target,objective,,,
,,disclosure,scalar,37,12,12,jspace,constant_target,objective,,,
,,disclosure,scalar,38,12,12,residual,constant_target,objective,,,
,,disclosure,scalar,38,12,12,jspace,constant_target,objective,,,
,,disclosure,scalar,39,12,12,residual,constant_target,objective,,,
,,disclosure,scalar,39,12,12,jspace,constant_target,objective,,,
,,disclosure,scalar,40,12,12,residual,constant_target,objective,,,
,,disclosure,scalar,40,12,12,jspace,constant_target,objective,,,
,,disclosure,scalar,41,12,12,residual,constant_target,objective,,,
,,disclosure,scalar,41,12,12,jspace,constant_target,objective,,,
,,disclosure,scalar,42,12,12,residual,constant_target,objective,,,
,,disclosure,scalar,42,12,12,jspace,constant_target,objective,,,
,,disclosure,scalar,43,12,12,residual,constant_target,objective,,,
,,disclosure,scalar,43,12,12,jspace,constant_target,objective,,,
,,disclosure,scalar,44,12,12,residual,constant_target,objective,,,
,,disclosure,scalar,44,12,12,jspace,constant_target,objective,,,
,,disclosure,scalar,45,12,12,residual,constant_target,objective,,,
,,disclosure,scalar,45,12,12,jspace,constant_target,objective,,,
,,disclosure,scalar,46,12,12,residual,constant_target,objective,,,
,,disclosure,scalar,46,12,12,jspace,constant_target,objective,,,
,,disclosure,scalar,47,12,12,residual,constant_target,objective,,,
,,disclosure,scalar,47,12,12,jspace,constant_target,objective,,,
,,disclosure,scalar,48,12,12,residual,constant_target,objective,,,
,,disclosure,scalar,48,12,12,jspace,constant_target,objective,,,
,,disclosure,scalar,49,12,12,residual,constant_target,objective,,,
,,disclosure,scalar,49,12,12,jspace,constant_target,objective,,,
,,disclosure,scalar,50,12,12,residual,constant_target,objective,,,
,,disclosure,scalar,50,12,12,jspace,constant_target,objective,,,
,,disclosure,scalar,51,12,12,residual,constant_target,objective,,,
,,disclosure,scalar,51,12,12,jspace,constant_target,objective,,,
,,disclosure,scalar,52,12,12,residual,constant_target,objective,,,
,,disclosure,scalar,52,12,12,jspace,constant_target,objective,,,
,,disclosure,scalar,53,12,12,residual,constant_target,objective,,,
,,disclosure,scalar,53,12,12,jspace,constant_target,objective,,,
,,disclosure,scalar,54,12,12,residual,constant_target,objective,,,
,,disclosure,scalar,54,12,12,jspace,constant_target,objective,,,
,,disclosure,scalar,55,12,12,residual,constant_target,objective,,,
,,disclosure,scalar,55,12,12,jspace,constant_target,objective,,,
,,disclosure,scalar,56,12,12,residual,constant_target,objective,,,
,,disclosure,scalar,56,12,12,jspace,constant_target,objective,,,
,,disclosure,scalar,57,12,12,residual,constant_target,objective,,,
,,disclosure,scalar,57,12,12,jspace,constant_target,objective,,,
,,disclosure,scalar,58,12,12,residual,constant_target,objective,,,
,,disclosure,scalar,58,12,12,jspace,constant_target,objective,,,
,,disclosure,scalar,59,12,12,residual,constant_target,objective,,,
,,disclosure,scalar,59,12,12,jspace,constant_target,objective,,,
,,disclosure,scalar,60,12,12,residual,constant_target,objective,,,
,,disclosure,scalar,60,12,12,jspace,constant_target,objective,,,
,,disclosure,scalar,61,12,12,residual,constant_target,objective,,,
,,disclosure,scalar,61,12,12,jspace,constant_target,objective,,,
,,disclosure,scalar,62,12,12,residual,constant_target,objective,,,
,,disclosure,scalar,62,12,12,jspace,constant_target,objective,,,
,,disclosure,scalar,-1,12,12,output,ok,value_margin,0.06146581345843536,4.257067171732584,-4.099185420981521
,,disclosure,scalar,0,12,12,residual,ok,value_margin,0.2860867835822417,5.07019157409668,-5.610502015092681
,,disclosure,scalar,0,12,12,jspace,ok,value_margin,-0.006162782362490441,2.104168318760105,-1.8994189558974028e-06
,,disclosure,scalar,1,12,12,residual,ok,value_margin,0.8117327802515705,1.6133388896783192,0.02457263264782883
,,disclosure,scalar,1,12,12,jspace,ok,value_margin,-0.33994912731917504,2.104682155248525,-0.0004911315847422326
,,disclosure,scalar,2,12,12,residual,ok,value_margin,0.7709222375423989,1.5557188491026561,0.397082764576277
,,disclosure,scalar,2,12,12,jspace,ok,value_margin,0.3184732477867092,2.1041520408119037,1.8321837417789588e-05
,,disclosure,scalar,3,12,12,residual,ok,value_margin,0.8231525383155202,2.465455073118209,-0.7446178507319037
,,disclosure,scalar,3,12,12,jspace,ok,value_margin,-0.13779154711251032,2.1041683138920355,-1.5849955703473029e-06
,,disclosure,scalar,4,12,12,residual,ok,value_margin,0.6900462424431817,2.9194494207700092,-1.2535435448301588
,,disclosure,scalar,4,12,12,jspace,ok,value_margin,0.2869710620769896,2.104144120274921,2.461424459698769e-05
,,disclosure,scalar,5,12,12,residual,ok,value_margin,0.7138505476361584,3.2597270329793293,-1.7607004068870977
,,disclosure,scalar,5,12,12,jspace,ok,value_margin,0.1262567679339096,2.104165321085467,1.5977786427257001e-06
,,disclosure,scalar,6,12,12,residual,ok,value_margin,0.768974952937177,2.825207414229711,-1.112759285311606
,,disclosure,scalar,6,12,12,jspace,ok,value_margin,-0.06836053781767616,2.104166728504746,-2.0119934474038814e-07
,,disclosure,scalar,7,12,12,residual,ok,value_margin,0.7836472487447507,6.52650941212972,-8.792554503353898
,,disclosure,scalar,7,12,12,jspace,ok,value_margin,0.24644068542395037,2.104158639493462,7.180214767865678e-06
,,disclosure,scalar,8,12,12,residual,ok,value_margin,0.7984573176785366,10.751695998509726,-24.892249198042705
,,disclosure,scalar,8,12,12,jspace,ok,value_margin,-0.08865344565041781,2.104166776169087,-2.9719905514369316e-07
,,disclosure,scalar,9,12,12,residual,ok,value_margin,0.8297199979571442,5.9091502507527665,-7.0662582023542395
,,disclosure,scalar,9,12,12,jspace,ok,value_margin,0.18979010920058859,2.103777028631202,0.0002597864698106189
,,disclosure,scalar,10,12,12,residual,ok,value_margin,0.8724289695563959,5.378508476416269,-5.673290332754079
,,disclosure,scalar,10,12,12,jspace,ok,value_margin,0.23457835200938934,2.1041415684814986,2.0877475064295936e-05
,,disclosure,scalar,11,12,12,residual,ok,value_margin,0.8301262494634052,6.891709593931833,-9.810353336192332
,,disclosure,scalar,11,12,12,jspace,ok,value_margin,-0.09342536203908146,2.1041882241396563,-1.5252865032122642e-05
,,disclosure,scalar,12,12,12,residual,ok,value_margin,0.8339710698613918,2.9524341901143387,-1.274714300287053
,,disclosure,scalar,12,12,12,jspace,ok,value_margin,-0.13812031203971947,2.1041718900362163,-4.786932391587229e-06
,,disclosure,scalar,13,12,12,residual,ok,value_margin,0.8121706004414794,6.337133236726125,-8.232617388531985
,,disclosure,scalar,13,12,12,jspace,ok,value_margin,0.22682317341011615,2.1034037829445418,0.0009133922046009602
,,disclosure,scalar,14,12,12,residual,ok,value_margin,0.8406382764061294,5.723847715059915,-6.5778941183947
,,disclosure,scalar,14,12,12,jspace,ok,value_margin,0.326018475024405,2.1039367981753605,0.0002802125212756357
,,disclosure,scalar,15,12,12,residual,ok,value_margin,0.8676939271197529,13.207777547836303,-37.75672824358291
,,disclosure,scalar,15,12,12,jspace,ok,value_margin,-0.007802214549016794,2.1041749298861445,-1.3331746560041324e-06
,,disclosure,scalar,16,12,12,residual,ok,value_margin,0.8612828545111728,9.673469511667887,-19.948983143729958
,,disclosure,scalar,16,12,12,jspace,ok,value_margin,0.11993591940967706,2.104158030861733,1.482688734810722e-05
,,disclosure,scalar,17,12,12,residual,ok,value_margin,0.8542906634111338,1.2888579130172733,0.35822724257158267
,,disclosure,scalar,17,12,12,jspace,ok,value_margin,0.21642909578126043,2.1041211226948175,5.2384456294740644e-05
,,disclosure,scalar,18,12,12,residual,ok,value_margin,0.863326598500177,1.6324287176132202,0.18734914287374882
,,disclosure,scalar,18,12,12,jspace,ok,value_margin,0.26571631534248663,2.104163594986846,-5.711005830000282e-05
,,disclosure,scalar,19,12,12,residual,ok,value_margin,0.8354246362280418,1.3785333395004271,0.4323875614706235
,,disclosure,scalar,19,12,12,jspace,ok,value_margin,-0.056002491363719833,2.1041662651843183,-1.0941214720894266e-06
,,disclosure,scalar,20,12,12,residual,ok,value_margin,0.8123413565199212,4.2608311653137205,-3.4435662417108865
,,disclosure,scalar,20,12,12,jspace,ok,value_margin,-0.13884359302684562,2.104167164922983,-1.4565776660369067e-06
,,disclosure,scalar,21,12,12,residual,ok,value_margin,0.7954964036092975,5.104160038630167,-5.194350466114305
,,disclosure,scalar,21,12,12,jspace,ok,value_margin,-0.07373024654402213,2.104166146468453,-7.382390248444892e-06
,,disclosure,scalar,22,12,12,residual,ok,value_margin,0.7950960553958683,3.374029296636581,-1.9476871357305545
,,disclosure,scalar,22,12,12,jspace,ok,value_margin,-0.3044707832607629,2.1042601047873624,-9.864861498409816e-05
,,disclosure,scalar,23,12,12,residual,ok,value_margin,0.764580174983841,6.09802002509435,-7.670041201586539
,,disclosure,scalar,23,12,12,jspace,ok,value_margin,-0.25491744689487145,2.105374846462354,-0.004842800831986516
,,disclosure,scalar,24,12,12,residual,ok,value_margin,0.7712040782831983,7.508793123563131,-11.879152740005113
,,disclosure,scalar,24,12,12,jspace,ok,value_margin,0.23488722814543114,2.104164987728105,2.000912631916485e-06
,,disclosure,scalar,25,12,12,residual,ok,value_margin,0.7886655368604085,7.2746485153834035,-11.085930986823165
,,disclosure,scalar,25,12,12,jspace,ok,value_margin,-0.09509903359084503,2.1046317394189358,-0.0002182820489904369
,,disclosure,scalar,26,12,12,residual,ok,value_margin,0.7193921314824065,7.150308736165365,-10.768723070103608
,,disclosure,scalar,26,12,12,jspace,ok,value_margin,0.15398749278580698,2.104165927660434,-0.00012810599137713652
,,disclosure,scalar,27,12,12,residual,ok,value_margin,0.6449592163798615,9.625734694798789,-20.05347203189472
,,disclosure,scalar,27,12,12,jspace,ok,value_margin,0.329672249589922,2.104148925233964,2.1812850032443265e-05
,,disclosure,scalar,28,12,12,residual,ok,value_margin,0.6596461020311783,7.5603563268979395,-12.196012011924973
,,disclosure,scalar,28,12,12,jspace,ok,value_margin,0.2995299488028106,2.1041487281510354,1.7347850208571103e-05
,,disclosure,scalar,29,12,12,residual,ok,value_margin,0.6621767623006425,4.743072378635406,-4.529607844566299
,,disclosure,scalar,29,12,12,jspace,ok,value_margin,0.03196687677225968,2.104164561893627,2.4341740121336386e-06
,,disclosure,scalar,30,12,12,residual,ok,value_margin,0.7128399949508979,3.3287642478942865,-1.9427741658329492
,,disclosure,scalar,30,12,12,jspace,ok,value_margin,0.4189778296175506,2.104157549697359,-0.0011283862510285125
,,disclosure,scalar,31,12,12,residual,ok,value_margin,0.7116288692998678,3.9544335484504693,-3.0244525707490304
,,disclosure,scalar,31,12,12,jspace,ok,value_margin,0.26136452391029436,2.10414056886534,2.0333845076492274e-05
,,disclosure,scalar,32,12,12,residual,ok,value_margin,0.7355021072589093,6.157461035251617,-7.927339261184052
,,disclosure,scalar,32,12,12,jspace,ok,value_margin,-0.4910007239368898,2.104194403894161,-2.45006199977027e-05
,,disclosure,scalar,33,12,12,residual,ok,value_margin,0.6989711328527796,5.746748276551564,-6.868844631606709
,,disclosure,scalar,33,12,12,jspace,ok,value_margin,0.3046256204571965,2.1040950910576375,5.66298939512766e-05
,,disclosure,scalar,34,12,12,residual,ok,value_margin,0.7111783331321951,4.851737546920776,-4.761095009512064
,,disclosure,scalar,34,12,12,jspace,ok,value_margin,0.0330167469157671,2.1041684498939976,7.999116206081069e-07
,,disclosure,scalar,35,12,12,residual,ok,value_margin,0.6398217682862652,6.466805068651834,-8.821823109997728
,,disclosure,scalar,35,12,12,jspace,ok,value_margin,-0.5818622914732302,2.1042557576229437,-7.879734570681585e-05
,,disclosure,scalar,36,12,12,residual,ok,value_margin,0.5767315650621703,5.540611135959625,-6.44494266837365
,,disclosure,scalar,36,12,12,jspace,ok,value_margin,-0.04601066548317063,2.1041691413528523,-9.783681760300311e-07
,,disclosure,scalar,37,12,12,residual,ok,value_margin,0.5154915379255951,5.802118031183878,-7.165613551956525
,,disclosure,scalar,37,12,12,jspace,ok,value_margin,-0.1692228093169464,2.104197475728576,-2.35040838687528e-05
,,disclosure,scalar,38,12,12,residual,ok,value_margin,0.5810287613789844,5.289404241243997,-5.842516224699706
,,disclosure,scalar,38,12,12,jspace,ok,value_margin,-0.026624688475603845,2.104175543566436,-1.7945208312664107e-06
,,disclosure,scalar,39,12,12,residual,ok,value_margin,0.5197144098610453,4.498491791884104,-4.197423990289158
,,disclosure,scalar,39,12,12,jspace,ok,value_margin,0.07088762806886192,2.104110552749297,2.1678867803909263e-05
,,disclosure,scalar,40,12,12,residual,ok,value_margin,0.5385067001286954,4.617570408185323,-4.434390925319702
,,disclosure,scalar,40,12,12,jspace,ok,value_margin,-0.3830914025902933,2.104283592992509,-8.826451567811588e-05
,,disclosure,scalar,41,12,12,residual,ok,value_margin,0.5609283629165788,3.8651400685310358,-3.0204374006654175
,,disclosure,scalar,41,12,12,jspace,ok,value_margin,-0.21363632678668065,2.104208774708134,-3.142916828169362e-05
,,disclosure,scalar,42,12,12,residual,ok,value_margin,0.6160365804370821,3.6348738948504127,-2.6404105341494555
,,disclosure,scalar,42,12,12,jspace,ok,value_margin,0.12533340103335827,2.1040221250161597,8.662966003925021e-05
,,disclosure,scalar,43,12,12,residual,ok,value_margin,0.5680198784122413,2.431960505247116,-0.9488019380957338
,,disclosure,scalar,43,12,12,jspace,ok,value_margin,0.5173371921050341,2.100693745519711,0.002818335348046541
,,disclosure,scalar,44,12,12,residual,ok,value_margin,0.4641750498630793,2.496238674720128,-1.0172624553932637
,,disclosure,scalar,44,12,12,jspace,ok,value_margin,0.06778992744927029,2.104005165284684,0.00018775854336394726
,,disclosure,scalar,45,12,12,residual,ok,value_margin,0.4693951999998546,2.2689858535925542,-0.7007169920054004
,,disclosure,scalar,45,12,12,jspace,ok,value_margin,-0.04251301758077872,2.1047736705330897,-0.015507707948458238
,,disclosure,scalar,46,12,12,residual,ok,value_margin,0.43810440794582417,2.4556552330652868,-0.9187075805614247
,,disclosure,scalar,46,12,12,jspace,ok,value_margin,0.2836544777688555,2.1025293705519266,0.001469675271994375
,,disclosure,scalar,47,12,12,residual,ok,value_margin,0.42101426776217915,2.147672861814499,-0.260966397539133
,,disclosure,scalar,47,12,12,jspace,ok,value_margin,0.06203884795375056,2.1009342830875224,-0.022318651949644552
,,disclosure,scalar,48,12,12,residual,ok,value_margin,0.4070163176259122,2.3458017806212106,-0.6203747792575589
,,disclosure,scalar,48,12,12,jspace,ok,value_margin,0.2231538409446443,2.103982012094035,0.00021315517426256925
,,disclosure,scalar,49,12,12,residual,ok,value_margin,0.4308762905639855,2.844430224100748,-1.370397029930258
,,disclosure,scalar,49,12,12,jspace,ok,value_margin,-0.0238830086115451,2.108112797802568,-0.0010128125363679796
,,disclosure,scalar,50,12,12,residual,ok,value_margin,0.4778811976074723,3.1459958374500268,-1.8470540713488446
,,disclosure,scalar,50,12,12,jspace,ok,value_margin,-0.05337945882986459,2.1048556918246835,-0.0003140061962230156
,,disclosure,scalar,51,12,12,residual,ok,value_margin,0.4187559002682031,3.203196775913238,-1.9390062601750198
,,disclosure,scalar,51,12,12,jspace,ok,value_margin,0.47202787389813844,2.1020898264853316,0.002378583843958504
,,disclosure,scalar,52,12,12,residual,ok,value_margin,0.4210081379635525,3.4359113295873,-2.3148839966530486
,,disclosure,scalar,52,12,12,jspace,ok,value_margin,-0.27862879014153674,2.1050471383418867,-0.0006396071456231667
,,disclosure,scalar,53,12,12,residual,ok,value_margin,0.3805905477284122,3.58918787240982,-2.582364729302966
,,disclosure,scalar,53,12,12,jspace,ok,value_margin,-0.29942779506044154,2.109628237620543,-0.0036515517959370136
,,disclosure,scalar,54,12,12,residual,ok,value_margin,0.3488666337168604,3.7320790509382875,-2.8756672356344946
,,disclosure,scalar,54,12,12,jspace,ok,value_margin,-0.12779185647178348,2.1058545939161157,-0.0009055780471325381
,,disclosure,scalar,55,12,12,residual,ok,value_margin,0.3246688388940219,4.118257782856623,-3.6645378187856146
,,disclosure,scalar,55,12,12,jspace,ok,value_margin,0.2701977744256912,2.0958200786936083,0.007134819849270668
,,disclosure,scalar,56,12,12,residual,ok,value_margin,0.3231289370714702,4.050994249184925,-3.5721954447216646
,,disclosure,scalar,56,12,12,jspace,ok,value_margin,0.101860681429523,2.10106116800287,0.0023510641709416635
,,disclosure,scalar,57,12,12,residual,ok,value_margin,0.3232901432462943,4.210948753356933,-3.928663602075402
,,disclosure,scalar,57,12,12,jspace,ok,value_margin,0.15346905100760655,2.0957551711795186,0.006722350227477469
,,disclosure,scalar,58,12,12,residual,ok,value_margin,0.3404942303663598,4.403693664073944,-4.285695676291675
,,disclosure,scalar,58,12,12,jspace,ok,value_margin,0.08597426089891923,2.0985256604606755,0.004301866594675685
,,disclosure,scalar,59,12,12,residual,ok,value_margin,0.34288069997679677,4.560525445143381,-4.587070387647901
,,disclosure,scalar,59,12,12,jspace,ok,value_margin,0.19171464355912599,2.099665409203181,-0.005341690869469007
,,disclosure,scalar,60,12,12,residual,ok,value_margin,0.32899193754046296,4.685238806406656,-4.847562902501733
,,disclosure,scalar,60,12,12,jspace,ok,value_margin,0.10574854452150878,2.1004177669031017,0.0011180156807975017
,,disclosure,scalar,61,12,12,residual,ok,value_margin,0.3320368533449973,4.657463498910268,-4.770852794298893
,,disclosure,scalar,61,12,12,jspace,ok,value_margin,0.0620994863397377,2.084795757844403,-0.006156689825298489
,,disclosure,scalar,62,12,12,residual,ok,value_margin,0.32324711928856736,4.303790775934854,-4.0193606700893865
,,disclosure,scalar,62,12,12,jspace,ok,value_margin,0.013935648256489908,2.093843155206397,-0.0026271528557766377
0.5,0.3333333333333333,chameleon,categorical,-1,12,12,output,ok,private_state,,,
0.5,0.3333333333333333,chameleon,categorical,0,12,12,residual,ok,private_state,,,
0.5,0.3333333333333333,chameleon,categorical,0,12,12,jspace,ok,private_state,,,
1.0,1.0,chameleon,categorical,1,12,12,residual,ok,private_state,,,
0.5,0.3333333333333333,chameleon,categorical,1,12,12,jspace,ok,private_state,,,
1.0,1.0,chameleon,categorical,2,12,12,residual,ok,private_state,,,
0.5,0.3333333333333333,chameleon,categorical,2,12,12,jspace,ok,private_state,,,
0.75,0.6666666666666666,chameleon,categorical,3,12,12,residual,ok,private_state,,,
0.5,0.3333333333333333,chameleon,categorical,3,12,12,jspace,ok,private_state,,,
1.0,1.0,chameleon,categorical,4,12,12,residual,ok,private_state,,,
0.5,0.3333333333333333,chameleon,categorical,4,12,12,jspace,ok,private_state,,,
1.0,1.0,chameleon,categorical,5,12,12,residual,ok,private_state,,,
0.5,0.3333333333333333,chameleon,categorical,5,12,12,jspace,ok,private_state,,,
1.0,1.0,chameleon,categorical,6,12,12,residual,ok,private_state,,,
0.5,0.3333333333333333,chameleon,categorical,6,12,12,jspace,ok,private_state,,,
0.75,0.8333333333333334,chameleon,categorical,7,12,12,residual,ok,private_state,,,
0.5,0.3333333333333333,chameleon,categorical,7,12,12,jspace,ok,private_state,,,
1.0,1.0,chameleon,categorical,8,12,12,residual,ok,private_state,,,
0.5,0.3333333333333333,chameleon,categorical,8,12,12,jspace,ok,private_state,,,
0.5,0.3333333333333333,chameleon,categorical,9,12,12,residual,ok,private_state,,,
0.5,0.3333333333333333,chameleon,categorical,9,12,12,jspace,ok,private_state,,,
0.5,0.3333333333333333,chameleon,categorical,10,12,12,residual,ok,private_state,,,
0.5,0.3333333333333333,chameleon,categorical,10,12,12,jspace,ok,private_state,,,
0.5,0.6666666666666666,chameleon,categorical,11,12,12,residual,ok,private_state,,,
0.5,0.3333333333333333,chameleon,categorical,11,12,12,jspace,ok,private_state,,,
0.25,0.3333333333333333,chameleon,categorical,12,12,12,residual,ok,private_state,,,
0.5,0.3333333333333333,chameleon,categorical,12,12,12,jspace,ok,private_state,,,
0.25,0.3333333333333333,chameleon,categorical,13,12,12,residual,ok,private_state,,,
0.5,0.3333333333333333,chameleon,categorical,13,12,12,jspace,ok,private_state,,,
0.75,0.8333333333333334,chameleon,categorical,14,12,12,residual,ok,private_state,,,
0.5,0.3333333333333333,chameleon,categorical,14,12,12,jspace,ok,private_state,,,
0.25,0.3333333333333333,chameleon,categorical,15,12,12,residual,ok,private_state,,,
0.5,0.3333333333333333,chameleon,categorical,15,12,12,jspace,ok,private_state,,,
0.5,0.6666666666666666,chameleon,categorical,16,12,12,residual,ok,private_state,,,
0.5,0.3333333333333333,chameleon,categorical,16,12,12,jspace,ok,private_state,,,
0.25,0.3333333333333333,chameleon,categorical,17,12,12,residual,ok,private_state,,,
0.5,0.3333333333333333,chameleon,categorical,17,12,12,jspace,ok,private_state,,,
0.25,0.3333333333333333,chameleon,categorical,18,12,12,residual,ok,private_state,,,
0.5,0.3333333333333333,chameleon,categorical,18,12,12,jspace,ok,private_state,,,
0.25,0.3333333333333333,chameleon,categorical,19,12,12,residual,ok,private_state,,,
0.5,0.3333333333333333,chameleon,categorical,19,12,12,jspace,ok,private_state,,,
0.25,0.3333333333333333,chameleon,categorical,20,12,12,residual,ok,private_state,,,
0.5,0.3333333333333333,chameleon,categorical,20,12,12,jspace,ok,private_state,,,
0.25,0.3333333333333333,chameleon,categorical,21,12,12,residual,ok,private_state,,,
0.5,0.3333333333333333,chameleon,categorical,21,12,12,jspace,ok,private_state,,,
0.25,0.3333333333333333,chameleon,categorical,22,12,12,residual,ok,private_state,,,
0.5,0.3333333333333333,chameleon,categorical,22,12,12,jspace,ok,private_state,,,
0.25,0.3333333333333333,chameleon,categorical,23,12,12,residual,ok,private_state,,,
0.5,0.3333333333333333,chameleon,categorical,23,12,12,jspace,ok,private_state,,,
0.25,0.3333333333333333,chameleon,categorical,24,12,12,residual,ok,private_state,,,
0.5,0.3333333333333333,chameleon,categorical,24,12,12,jspace,ok,private_state,,,
0.25,0.3333333333333333,chameleon,categorical,25,12,12,residual,ok,private_state,,,
0.5,0.3333333333333333,chameleon,categorical,25,12,12,jspace,ok,private_state,,,
0.75,0.8333333333333334,chameleon,categorical,26,12,12,residual,ok,private_state,,,
0.5,0.3333333333333333,chameleon,categorical,26,12,12,jspace,ok,private_state,,,
0.25,0.3333333333333333,chameleon,categorical,27,12,12,residual,ok,private_state,,,
0.5,0.3333333333333333,chameleon,categorical,27,12,12,jspace,ok,private_state,,,
0.25,0.3333333333333333,chameleon,categorical,28,12,12,residual,ok,private_state,,,
0.5,0.3333333333333333,chameleon,categorical,28,12,12,jspace,ok,private_state,,,
0.25,0.3333333333333333,chameleon,categorical,29,12,12,residual,ok,private_state,,,
0.5,0.3333333333333333,chameleon,categorical,29,12,12,jspace,ok,private_state,,,
0.25,0.3333333333333333,chameleon,categorical,30,12,12,residual,ok,private_state,,,
0.5,0.3333333333333333,chameleon,categorical,30,12,12,jspace,ok,private_state,,,
0.75,0.6666666666666666,chameleon,categorical,31,12,12,residual,ok,private_state,,,
0.5,0.3333333333333333,chameleon,categorical,31,12,12,jspace,ok,private_state,,,
0.5,0.5,chameleon,categorical,32,12,12,residual,ok,private_state,,,
0.5,0.3333333333333333,chameleon,categorical,32,12,12,jspace,ok,private_state,,,
0.75,0.6666666666666666,chameleon,categorical,33,12,12,residual,ok,private_state,,,
0.5,0.3333333333333333,chameleon,categorical,33,12,12,jspace,ok,private_state,,,
0.75,0.6666666666666666,chameleon,categorical,34,12,12,residual,ok,private_state,,,
0.5,0.3333333333333333,chameleon,categorical,34,12,12,jspace,ok,private_state,,,
0.5,0.5,chameleon,categorical,35,12,12,residual,ok,private_state,,,
0.5,0.3333333333333333,chameleon,categorical,35,12,12,jspace,ok,private_state,,,
0.25,0.3333333333333333,chameleon,categorical,36,12,12,residual,ok,private_state,,,
0.5,0.3333333333333333,chameleon,categorical,36,12,12,jspace,ok,private_state,,,
0.25,0.3333333333333333,chameleon,categorical,37,12,12,residual,ok,private_state,,,
0.5,0.3333333333333333,chameleon,categorical,37,12,12,jspace,ok,private_state,,,
0.25,0.3333333333333333,chameleon,categorical,38,12,12,residual,ok,private_state,,,
0.5,0.3333333333333333,chameleon,categorical,38,12,12,jspace,ok,private_state,,,
0.25,0.3333333333333333,chameleon,categorical,39,12,12,residual,ok,private_state,,,
0.5,0.3333333333333333,chameleon,categorical,39,12,12,jspace,ok,private_state,,,
0.25,0.3333333333333333,chameleon,categorical,40,12,12,residual,ok,private_state,,,
0.5,0.3333333333333333,chameleon,categorical,40,12,12,jspace,ok,private_state,,,
0.25,0.3333333333333333,chameleon,categorical,41,12,12,residual,ok,private_state,,,
0.5,0.3333333333333333,chameleon,categorical,41,12,12,jspace,ok,private_state,,,
0.25,0.3333333333333333,chameleon,categorical,42,12,12,residual,ok,private_state,,,
0.5,0.3333333333333333,chameleon,categorical,42,12,12,jspace,ok,private_state,,,
0.75,0.6666666666666666,chameleon,categorical,43,12,12,residual,ok,private_state,,,
0.5,0.3333333333333333,chameleon,categorical,43,12,12,jspace,ok,private_state,,,
0.75,0.6666666666666666,chameleon,categorical,44,12,12,residual,ok,private_state,,,
0.5,0.3333333333333333,chameleon,categorical,44,12,12,jspace,ok,private_state,,,
0.75,0.6666666666666666,chameleon,categorical,45,12,12,residual,ok,private_state,,,
0.5,0.3333333333333333,chameleon,categorical,45,12,12,jspace,ok,private_state,,,
0.75,0.6666666666666666,chameleon,categorical,46,12,12,residual,ok,private_state,,,
0.5,0.3333333333333333,chameleon,categorical,46,12,12,jspace,ok,private_state,,,
0.75,0.6666666666666666,chameleon,categorical,47,12,12,residual,ok,private_state,,,
0.5,0.3333333333333333,chameleon,categorical,47,12,12,jspace,ok,private_state,,,
0.75,0.6666666666666666,chameleon,categorical,48,12,12,residual,ok,private_state,,,
0.5,0.3333333333333333,chameleon,categorical,48,12,12,jspace,ok,private_state,,,
0.75,0.6666666666666666,chameleon,categorical,49,12,12,residual,ok,private_state,,,
0.5,0.3333333333333333,chameleon,categorical,49,12,12,jspace,ok,private_state,,,
0.75,0.6666666666666666,chameleon,categorical,50,12,12,residual,ok,private_state,,,
0.5,0.3333333333333333,chameleon,categorical,50,12,12,jspace,ok,private_state,,,
0.75,0.6666666666666666,chameleon,categorical,51,12,12,residual,ok,private_state,,,
0.5,0.3333333333333333,chameleon,categorical,51,12,12,jspace,ok,private_state,,,
0.75,0.6666666666666666,chameleon,categorical,52,12,12,residual,ok,private_state,,,
0.5,0.3333333333333333,chameleon,categorical,52,12,12,jspace,ok,private_state,,,
0.75,0.6666666666666666,chameleon,categorical,53,12,12,residual,ok,private_state,,,
0.5,0.3333333333333333,chameleon,categorical,53,12,12,jspace,ok,private_state,,,
0.75,0.6666666666666666,chameleon,categorical,54,12,12,residual,ok,private_state,,,
0.5,0.3333333333333333,chameleon,categorical,54,12,12,jspace,ok,private_state,,,
0.75,0.6666666666666666,chameleon,categorical,55,12,12,residual,ok,private_state,,,
0.5,0.3333333333333333,chameleon,categorical,55,12,12,jspace,ok,private_state,,,
0.75,0.6666666666666666,chameleon,categorical,56,12,12,residual,ok,private_state,,,
0.5,0.3333333333333333,chameleon,categorical,56,12,12,jspace,ok,private_state,,,
0.75,0.6666666666666666,chameleon,categorical,57,12,12,residual,ok,private_state,,,
0.5,0.3333333333333333,chameleon,categorical,57,12,12,jspace,ok,private_state,,,
0.75,0.6666666666666666,chameleon,categorical,58,12,12,residual,ok,private_state,,,
0.5,0.3333333333333333,chameleon,categorical,58,12,12,jspace,ok,private_state,,,
0.75,0.6666666666666666,chameleon,categorical,59,12,12,residual,ok,private_state,,,
0.5,0.3333333333333333,chameleon,categorical,59,12,12,jspace,ok,private_state,,,
0.75,0.6666666666666666,chameleon,categorical,60,12,12,residual,ok,private_state,,,
0.5,0.3333333333333333,chameleon,categorical,60,12,12,jspace,ok,private_state,,,
0.75,0.6666666666666666,chameleon,categorical,61,12,12,residual,ok,private_state,,,
0.5,0.3333333333333333,chameleon,categorical,61,12,12,jspace,ok,private_state,,,
0.75,0.6666666666666666,chameleon,categorical,62,12,12,residual,ok,private_state,,,
0.5,0.3333333333333333,chameleon,categorical,62,12,12,jspace,ok,private_state,,,
0.5,0.5,chameleon,categorical,-1,12,12,output,ok,strategy,,,
0.5,0.5,chameleon,categorical,0,12,12,residual,ok,strategy,,,
0.5,0.5,chameleon,categorical,0,12,12,jspace,ok,strategy,,,
0.75,0.75,chameleon,categorical,1,12,12,residual,ok,strategy,,,
0.5,0.5,chameleon,categorical,1,12,12,jspace,ok,strategy,,,
0.75,0.75,chameleon,categorical,2,12,12,residual,ok,strategy,,,
0.5,0.5,chameleon,categorical,2,12,12,jspace,ok,strategy,,,
1.0,1.0,chameleon,categorical,3,12,12,residual,ok,strategy,,,
1.0,1.0,chameleon,categorical,3,12,12,jspace,ok,strategy,,,
1.0,1.0,chameleon,categorical,4,12,12,residual,ok,strategy,,,
0.16666666666666666,0.16666666666666666,chameleon,categorical,4,12,12,jspace,ok,strategy,,,
1.0,1.0,chameleon,categorical,5,12,12,residual,ok,strategy,,,
0.25,0.25,chameleon,categorical,5,12,12,jspace,ok,strategy,,,
1.0,1.0,chameleon,categorical,6,12,12,residual,ok,strategy,,,
0.5,0.5,chameleon,categorical,6,12,12,jspace,ok,strategy,,,
0.5,0.5,chameleon,categorical,7,12,12,residual,ok,strategy,,,
0.25,0.25,chameleon,categorical,7,12,12,jspace,ok,strategy,,,
1.0,1.0,chameleon,categorical,8,12,12,residual,ok,strategy,,,
0.5,0.5,chameleon,categorical,8,12,12,jspace,ok,strategy,,,
0.5,0.5,chameleon,categorical,9,12,12,residual,ok,strategy,,,
0.25,0.25,chameleon,categorical,9,12,12,jspace,ok,strategy,,,
0.5,0.5,chameleon,categorical,10,12,12,residual,ok,strategy,,,
0.5,0.5,chameleon,categorical,10,12,12,jspace,ok,strategy,,,
1.0,1.0,chameleon,categorical,11,12,12,residual,ok,strategy,,,
0.5,0.5,chameleon,categorical,11,12,12,jspace,ok,strategy,,,
0.5,0.5,chameleon,categorical,12,12,12,residual,ok,strategy,,,
0.5,0.5,chameleon,categorical,12,12,12,jspace,ok,strategy,,,
0.5,0.5,chameleon,categorical,13,12,12,residual,ok,strategy,,,
0.75,0.75,chameleon,categorical,13,12,12,jspace,ok,strategy,,,
0.5,0.5,chameleon,categorical,14,12,12,residual,ok,strategy,,,
0.5,0.5,chameleon,categorical,14,12,12,jspace,ok,strategy,,,
0.5,0.5,chameleon,categorical,15,12,12,residual,ok,strategy,,,
0.5,0.5,chameleon,categorical,15,12,12,jspace,ok,strategy,,,
0.5,0.5,chameleon,categorical,16,12,12,residual,ok,strategy,,,
0.5,0.5,chameleon,categorical,16,12,12,jspace,ok,strategy,,,
0.5,0.5,chameleon,categorical,17,12,12,residual,ok,strategy,,,
0.5,0.5,chameleon,categorical,17,12,12,jspace,ok,strategy,,,
0.5,0.5,chameleon,categorical,18,12,12,residual,ok,strategy,,,
0.5,0.5,chameleon,categorical,18,12,12,jspace,ok,strategy,,,
0.75,0.75,chameleon,categorical,19,12,12,residual,ok,strategy,,,
0.5,0.5,chameleon,categorical,19,12,12,jspace,ok,strategy,,,
0.5,0.5,chameleon,categorical,20,12,12,residual,ok,strategy,,,
1.0,1.0,chameleon,categorical,20,12,12,jspace,ok,strategy,,,
0.5,0.5,chameleon,categorical,21,12,12,residual,ok,strategy,,,
0.5,0.5,chameleon,categorical,21,12,12,jspace,ok,strategy,,,
0.5,0.5,chameleon,categorical,22,12,12,residual,ok,strategy,,,
1.0,1.0,chameleon,categorical,22,12,12,jspace,ok,strategy,,,
0.5,0.5,chameleon,categorical,23,12,12,residual,ok,strategy,,,
0.5,0.5,chameleon,categorical,23,12,12,jspace,ok,strategy,,,
0.5,0.5,chameleon,categorical,24,12,12,residual,ok,strategy,,,
0.5,0.5,chameleon,categorical,24,12,12,jspace,ok,strategy,,,
0.5,0.5,chameleon,categorical,25,12,12,residual,ok,strategy,,,
0.75,0.75,chameleon,categorical,25,12,12,jspace,ok,strategy,,,
0.75,0.75,chameleon,categorical,26,12,12,residual,ok,strategy,,,
0.5,0.5,chameleon,categorical,26,12,12,jspace,ok,strategy,,,
0.5,0.5,chameleon,categorical,27,12,12,residual,ok,strategy,,,
0.5,0.5,chameleon,categorical,27,12,12,jspace,ok,strategy,,,
0.5,0.5,chameleon,categorical,28,12,12,residual,ok,strategy,,,
0.5,0.5,chameleon,categorical,28,12,12,jspace,ok,strategy,,,
0.5,0.5,chameleon,categorical,29,12,12,residual,ok,strategy,,,
0.25,0.25,chameleon,categorical,29,12,12,jspace,ok,strategy,,,
0.5,0.5,chameleon,categorical,30,12,12,residual,ok,strategy,,,
0.5,0.5,chameleon,categorical,30,12,12,jspace,ok,strategy,,,
1.0,1.0,chameleon,categorical,31,12,12,residual,ok,strategy,,,
0.5,0.5,chameleon,categorical,31,12,12,jspace,ok,strategy,,,
0.75,0.75,chameleon,categorical,32,12,12,residual,ok,strategy,,,
0.5,0.5,chameleon,categorical,32,12,12,jspace,ok,strategy,,,
0.75,0.75,chameleon,categorical,33,12,12,residual,ok,strategy,,,
0.5,0.5,chameleon,categorical,33,12,12,jspace,ok,strategy,,,
0.75,0.75,chameleon,categorical,34,12,12,residual,ok,strategy,,,
0.5,0.5,chameleon,categorical,34,12,12,jspace,ok,strategy,,,
0.5,0.5,chameleon,categorical,35,12,12,residual,ok,strategy,,,
0.5,0.5,chameleon,categorical,35,12,12,jspace,ok,strategy,,,
0.5,0.5,chameleon,categorical,36,12,12,residual,ok,strategy,,,
0.5,0.5,chameleon,categorical,36,12,12,jspace,ok,strategy,,,
0.75,0.75,chameleon,categorical,37,12,12,residual,ok,strategy,,,
0.75,0.75,chameleon,categorical,37,12,12,jspace,ok,strategy,,,
0.75,0.75,chameleon,categorical,38,12,12,residual,ok,strategy,,,
0.75,0.75,chameleon,categorical,38,12,12,jspace,ok,strategy,,,
0.75,0.75,chameleon,categorical,39,12,12,residual,ok,strategy,,,
0.5,0.5,chameleon,categorical,39,12,12,jspace,ok,strategy,,,
0.75,0.75,chameleon,categorical,40,12,12,residual,ok,strategy,,,
1.0,1.0,chameleon,categorical,40,12,12,jspace,ok,strategy,,,
0.75,0.75,chameleon,categorical,41,12,12,residual,ok,strategy,,,
0.5,0.5,chameleon,categorical,41,12,12,jspace,ok,strategy,,,
0.75,0.75,chameleon,categorical,42,12,12,residual,ok,strategy,,,
0.5,0.5,chameleon,categorical,42,12,12,jspace,ok,strategy,,,
1.0,1.0,chameleon,categorical,43,12,12,residual,ok,strategy,,,
0.5833333333333334,0.5833333333333334,chameleon,categorical,43,12,12,jspace,ok,strategy,,,
0.8333333333333334,0.8333333333333333,chameleon,categorical,44,12,12,residual,ok,strategy,,,
0.5,0.5,chameleon,categorical,44,12,12,jspace,ok,strategy,,,
1.0,1.0,chameleon,categorical,45,12,12,residual,ok,strategy,,,
0.5833333333333334,0.5833333333333334,chameleon,categorical,45,12,12,jspace,ok,strategy,,,
1.0,1.0,chameleon,categorical,46,12,12,residual,ok,strategy,,,
0.25,0.25,chameleon,categorical,46,12,12,jspace,ok,strategy,,,
1.0,1.0,chameleon,categorical,47,12,12,residual,ok,strategy,,,
0.5,0.5,chameleon,categorical,47,12,12,jspace,ok,strategy,,,
1.0,1.0,chameleon,categorical,48,12,12,residual,ok,strategy,,,
0.5,0.5,chameleon,categorical,48,12,12,jspace,ok,strategy,,,
1.0,1.0,chameleon,categorical,49,12,12,residual,ok,strategy,,,
0.5,0.5,chameleon,categorical,49,12,12,jspace,ok,strategy,,,
1.0,1.0,chameleon,categorical,50,12,12,residual,ok,strategy,,,
1.0,1.0,chameleon,categorical,50,12,12,jspace,ok,strategy,,,
1.0,1.0,chameleon,categorical,51,12,12,residual,ok,strategy,,,
1.0,1.0,chameleon,categorical,51,12,12,jspace,ok,strategy,,,
1.0,1.0,chameleon,categorical,52,12,12,residual,ok,strategy,,,
0.75,0.75,chameleon,categorical,52,12,12,jspace,ok,strategy,,,
1.0,1.0,chameleon,categorical,53,12,12,residual,ok,strategy,,,
1.0,1.0,chameleon,categorical,53,12,12,jspace,ok,strategy,,,
1.0,1.0,chameleon,categorical,54,12,12,residual,ok,strategy,,,
0.75,0.75,chameleon,categorical,54,12,12,jspace,ok,strategy,,,
1.0,1.0,chameleon,categorical,55,12,12,residual,ok,strategy,,,
0.3333333333333333,0.3333333333333333,chameleon,categorical,55,12,12,jspace,ok,strategy,,,
1.0,1.0,chameleon,categorical,56,12,12,residual,ok,strategy,,,
0.75,0.75,chameleon,categorical,56,12,12,jspace,ok,strategy,,,
1.0,1.0,chameleon,categorical,57,12,12,residual,ok,strategy,,,
0.5,0.5,chameleon,categorical,57,12,12,jspace,ok,strategy,,,
1.0,1.0,chameleon,categorical,58,12,12,residual,ok,strategy,,,
0.5,0.5,chameleon,categorical,58,12,12,jspace,ok,strategy,,,
1.0,1.0,chameleon,categorical,59,12,12,residual,ok,strategy,,,
0.75,0.75,chameleon,categorical,59,12,12,jspace,ok,strategy,,,
1.0,1.0,chameleon,categorical,60,12,12,residual,ok,strategy,,,
0.5,0.5,chameleon,categorical,60,12,12,jspace,ok,strategy,,,
1.0,1.0,chameleon,categorical,61,12,12,residual,ok,strategy,,,
1.0,1.0,chameleon,categorical,61,12,12,jspace,ok,strategy,,,
1.0,1.0,chameleon,categorical,62,12,12,residual,ok,strategy,,,
0.5,0.5,chameleon,categorical,62,12,12,jspace,ok,strategy,,,
0.5,0.5,chameleon,categorical,-1,12,12,output,ok,action,,,
0.5,0.5,chameleon,categorical,0,12,12,residual,ok,action,,,
0.5,0.5,chameleon,categorical,0,12,12,jspace,ok,action,,,
0.75,0.75,chameleon,categorical,1,12,12,residual,ok,action,,,
0.5,0.5,chameleon,categorical,1,12,12,jspace,ok,action,,,
0.75,0.75,chameleon,categorical,2,12,12,residual,ok,action,,,
0.5,0.5,chameleon,categorical,2,12,12,jspace,ok,action,,,
1.0,1.0,chameleon,categorical,3,12,12,residual,ok,action,,,
1.0,1.0,chameleon,categorical,3,12,12,jspace,ok,action,,,
1.0,1.0,chameleon,categorical,4,12,12,residual,ok,action,,,
0.16666666666666666,0.16666666666666666,chameleon,categorical,4,12,12,jspace,ok,action,,,
1.0,1.0,chameleon,categorical,5,12,12,residual,ok,action,,,
0.25,0.25,chameleon,categorical,5,12,12,jspace,ok,action,,,
1.0,1.0,chameleon,categorical,6,12,12,residual,ok,action,,,
0.5,0.5,chameleon,categorical,6,12,12,jspace,ok,action,,,
0.5,0.5,chameleon,categorical,7,12,12,residual,ok,action,,,
0.25,0.25,chameleon,categorical,7,12,12,jspace,ok,action,,,
1.0,1.0,chameleon,categorical,8,12,12,residual,ok,action,,,
0.5,0.5,chameleon,categorical,8,12,12,jspace,ok,action,,,
0.5,0.5,chameleon,categorical,9,12,12,residual,ok,action,,,
0.25,0.25,chameleon,categorical,9,12,12,jspace,ok,action,,,
0.5,0.5,chameleon,categorical,10,12,12,residual,ok,action,,,
0.5,0.5,chameleon,categorical,10,12,12,jspace,ok,action,,,
1.0,1.0,chameleon,categorical,11,12,12,residual,ok,action,,,
0.5,0.5,chameleon,categorical,11,12,12,jspace,ok,action,,,
0.5,0.5,chameleon,categorical,12,12,12,residual,ok,action,,,
0.5,0.5,chameleon,categorical,12,12,12,jspace,ok,action,,,
0.5,0.5,chameleon,categorical,13,12,12,residual,ok,action,,,
0.75,0.75,chameleon,categorical,13,12,12,jspace,ok,action,,,
0.5,0.5,chameleon,categorical,14,12,12,residual,ok,action,,,
0.5,0.5,chameleon,categorical,14,12,12,jspace,ok,action,,,
0.5,0.5,chameleon,categorical,15,12,12,residual,ok,action,,,
0.5,0.5,chameleon,categorical,15,12,12,jspace,ok,action,,,
0.5,0.5,chameleon,categorical,16,12,12,residual,ok,action,,,
0.5,0.5,chameleon,categorical,16,12,12,jspace,ok,action,,,
0.5,0.5,chameleon,categorical,17,12,12,residual,ok,action,,,
0.5,0.5,chameleon,categorical,17,12,12,jspace,ok,action,,,
0.5,0.5,chameleon,categorical,18,12,12,residual,ok,action,,,
0.5,0.5,chameleon,categorical,18,12,12,jspace,ok,action,,,
0.75,0.75,chameleon,categorical,19,12,12,residual,ok,action,,,
0.5,0.5,chameleon,categorical,19,12,12,jspace,ok,action,,,
0.5,0.5,chameleon,categorical,20,12,12,residual,ok,action,,,
1.0,1.0,chameleon,categorical,20,12,12,jspace,ok,action,,,
0.5,0.5,chameleon,categorical,21,12,12,residual,ok,action,,,
0.5,0.5,chameleon,categorical,21,12,12,jspace,ok,action,,,
0.5,0.5,chameleon,categorical,22,12,12,residual,ok,action,,,
1.0,1.0,chameleon,categorical,22,12,12,jspace,ok,action,,,
0.5,0.5,chameleon,categorical,23,12,12,residual,ok,action,,,
0.5,0.5,chameleon,categorical,23,12,12,jspace,ok,action,,,
0.5,0.5,chameleon,categorical,24,12,12,residual,ok,action,,,
0.5,0.5,chameleon,categorical,24,12,12,jspace,ok,action,,,
0.5,0.5,chameleon,categorical,25,12,12,residual,ok,action,,,
0.75,0.75,chameleon,categorical,25,12,12,jspace,ok,action,,,
0.75,0.75,chameleon,categorical,26,12,12,residual,ok,action,,,
0.5,0.5,chameleon,categorical,26,12,12,jspace,ok,action,,,
0.5,0.5,chameleon,categorical,27,12,12,residual,ok,action,,,
0.5,0.5,chameleon,categorical,27,12,12,jspace,ok,action,,,
0.5,0.5,chameleon,categorical,28,12,12,residual,ok,action,,,
0.5,0.5,chameleon,categorical,28,12,12,jspace,ok,action,,,
0.5,0.5,chameleon,categorical,29,12,12,residual,ok,action,,,
0.25,0.25,chameleon,categorical,29,12,12,jspace,ok,action,,,
0.5,0.5,chameleon,categorical,30,12,12,residual,ok,action,,,
0.5,0.5,chameleon,categorical,30,12,12,jspace,ok,action,,,
1.0,1.0,chameleon,categorical,31,12,12,residual,ok,action,,,
0.5,0.5,chameleon,categorical,31,12,12,jspace,ok,action,,,
0.75,0.75,chameleon,categorical,32,12,12,residual,ok,action,,,
0.5,0.5,chameleon,categorical,32,12,12,jspace,ok,action,,,
0.75,0.75,chameleon,categorical,33,12,12,residual,ok,action,,,
0.5,0.5,chameleon,categorical,33,12,12,jspace,ok,action,,,
0.75,0.75,chameleon,categorical,34,12,12,residual,ok,action,,,
0.5,0.5,chameleon,categorical,34,12,12,jspace,ok,action,,,
0.5,0.5,chameleon,categorical,35,12,12,residual,ok,action,,,
0.5,0.5,chameleon,categorical,35,12,12,jspace,ok,action,,,
0.5,0.5,chameleon,categorical,36,12,12,residual,ok,action,,,
0.5,0.5,chameleon,categorical,36,12,12,jspace,ok,action,,,
0.75,0.75,chameleon,categorical,37,12,12,residual,ok,action,,,
0.75,0.75,chameleon,categorical,37,12,12,jspace,ok,action,,,
0.75,0.75,chameleon,categorical,38,12,12,residual,ok,action,,,
0.75,0.75,chameleon,categorical,38,12,12,jspace,ok,action,,,
0.75,0.75,chameleon,categorical,39,12,12,residual,ok,action,,,
0.5,0.5,chameleon,categorical,39,12,12,jspace,ok,action,,,
0.75,0.75,chameleon,categorical,40,12,12,residual,ok,action,,,
1.0,1.0,chameleon,categorical,40,12,12,jspace,ok,action,,,
0.75,0.75,chameleon,categorical,41,12,12,residual,ok,action,,,
0.5,0.5,chameleon,categorical,41,12,12,jspace,ok,action,,,
0.75,0.75,chameleon,categorical,42,12,12,residual,ok,action,,,
0.5,0.5,chameleon,categorical,42,12,12,jspace,ok,action,,,
1.0,1.0,chameleon,categorical,43,12,12,residual,ok,action,,,
0.5833333333333334,0.5833333333333334,chameleon,categorical,43,12,12,jspace,ok,action,,,
0.8333333333333334,0.8333333333333333,chameleon,categorical,44,12,12,residual,ok,action,,,
0.5,0.5,chameleon,categorical,44,12,12,jspace,ok,action,,,
1.0,1.0,chameleon,categorical,45,12,12,residual,ok,action,,,
0.5833333333333334,0.5833333333333334,chameleon,categorical,45,12,12,jspace,ok,action,,,
1.0,1.0,chameleon,categorical,46,12,12,residual,ok,action,,,
0.25,0.25,chameleon,categorical,46,12,12,jspace,ok,action,,,
1.0,1.0,chameleon,categorical,47,12,12,residual,ok,action,,,
0.5,0.5,chameleon,categorical,47,12,12,jspace,ok,action,,,
1.0,1.0,chameleon,categorical,48,12,12,residual,ok,action,,,
0.5,0.5,chameleon,categorical,48,12,12,jspace,ok,action,,,
1.0,1.0,chameleon,categorical,49,12,12,residual,ok,action,,,
0.5,0.5,chameleon,categorical,49,12,12,jspace,ok,action,,,
1.0,1.0,chameleon,categorical,50,12,12,residual,ok,action,,,
1.0,1.0,chameleon,categorical,50,12,12,jspace,ok,action,,,
1.0,1.0,chameleon,categorical,51,12,12,residual,ok,action,,,
1.0,1.0,chameleon,categorical,51,12,12,jspace,ok,action,,,
1.0,1.0,chameleon,categorical,52,12,12,residual,ok,action,,,
0.75,0.75,chameleon,categorical,52,12,12,jspace,ok,action,,,
1.0,1.0,chameleon,categorical,53,12,12,residual,ok,action,,,
1.0,1.0,chameleon,categorical,53,12,12,jspace,ok,action,,,
1.0,1.0,chameleon,categorical,54,12,12,residual,ok,action,,,
0.75,0.75,chameleon,categorical,54,12,12,jspace,ok,action,,,
1.0,1.0,chameleon,categorical,55,12,12,residual,ok,action,,,
0.3333333333333333,0.3333333333333333,chameleon,categorical,55,12,12,jspace,ok,action,,,
1.0,1.0,chameleon,categorical,56,12,12,residual,ok,action,,,
0.75,0.75,chameleon,categorical,56,12,12,jspace,ok,action,,,
1.0,1.0,chameleon,categorical,57,12,12,residual,ok,action,,,
0.5,0.5,chameleon,categorical,57,12,12,jspace,ok,action,,,
1.0,1.0,chameleon,categorical,58,12,12,residual,ok,action,,,
0.5,0.5,chameleon,categorical,58,12,12,jspace,ok,action,,,
1.0,1.0,chameleon,categorical,59,12,12,residual,ok,action,,,
0.75,0.75,chameleon,categorical,59,12,12,jspace,ok,action,,,
1.0,1.0,chameleon,categorical,60,12,12,residual,ok,action,,,
0.5,0.5,chameleon,categorical,60,12,12,jspace,ok,action,,,
1.0,1.0,chameleon,categorical,61,12,12,residual,ok,action,,,
1.0,1.0,chameleon,categorical,61,12,12,jspace,ok,action,,,
1.0,1.0,chameleon,categorical,62,12,12,residual,ok,action,,,
0.5,0.5,chameleon,categorical,62,12,12,jspace,ok,action,,,
,,chameleon,scalar,-1,12,12,output,ok,belief,0.9748979155973513,0.16478058993816377,0.017289622464351395
,,chameleon,scalar,0,12,12,residual,ok,belief,0.9570695383949454,0.3825311616063118,-3.9493607336970262
,,chameleon,scalar,0,12,12,jspace,ok,belief,0.9820841092547549,0.1749996822921527,-1.3694345513792783e-05
,,chameleon,scalar,1,12,12,residual,ok,belief,0.989022720353469,0.11723696639140446,0.44357247788017706
,,chameleon,scalar,1,12,12,jspace,ok,belief,-0.5208585547070442,0.17530892570762444,-0.004547503526508123
,,chameleon,scalar,2,12,12,residual,ok,belief,0.9797057179993451,0.10515292684237161,0.4867040228066568
,,chameleon,scalar,2,12,12,jspace,ok,belief,0.9401232269531665,0.17489853811049103,0.001156664205092972
,,chameleon,scalar,3,12,12,residual,ok,belief,0.9966702527289211,0.07311794956525165,0.7020822499688317
,,chameleon,scalar,3,12,12,jspace,ok,belief,0.9891474582852715,0.17497089520418005,0.00033259747255742766
,,chameleon,scalar,4,12,12,residual,ok,belief,0.9988142535292343,0.05013487289349237,0.8896487441187111
,,chameleon,scalar,4,12,12,jspace,ok,belief,-0.9590250031104606,0.17502586481907334,-0.00029562467710153584
,,chameleon,scalar,5,12,12,residual,ok,belief,0.9997990462756418,0.04684677024682362,0.8727560433535144
,,chameleon,scalar,5,12,12,jspace,ok,belief,-0.7520652692145646,0.17502657441486394,-0.0003037536642886973
,,chameleon,scalar,6,12,12,residual,ok,belief,0.9990252944732293,0.042123338083426165,0.8899343655263119
,,chameleon,scalar,6,12,12,jspace,ok,belief,0.5438075955385089,0.17498802149738935,0.00013621616583114893
,,chameleon,scalar,7,12,12,residual,ok,belief,0.998979262798673,0.1336818257967631,0.2518755413710758
,,chameleon,scalar,7,12,12,jspace,ok,belief,-0.27451366397344495,0.17501285255028676,-0.00014699439218102128
,,chameleon,scalar,8,12,12,residual,ok,belief,0.9990198808708894,0.08710190951824187,0.7375241901760407
,,chameleon,scalar,8,12,12,jspace,ok,belief,0.9183812058236626,0.17499257717500785,8.482932391917775e-05
,,chameleon,scalar,9,12,12,residual,ok,belief,0.9987431808448268,0.13175255358219148,0.05211108500766082
,,chameleon,scalar,9,12,12,jspace,ok,belief,-0.8572020673038475,0.1751390166066884,-0.0015922865129127661
,,chameleon,scalar,10,12,12,residual,ok,belief,0.9963942285007309,0.11783200055360794,0.3892464794241255
,,chameleon,scalar,10,12,12,jspace,ok,belief,0.9349372940893292,0.17490838117359678,0.0010443515990476993
,,chameleon,scalar,11,12,12,residual,ok,belief,0.9978818067440042,0.13454682926336925,0.3712209264633938
,,chameleon,scalar,11,12,12,jspace,ok,belief,0.4596272391455476,0.17460853788161504,0.004361500917928862
,,chameleon,scalar,12,12,12,residual,ok,belief,0.9894730933184942,0.13195710678895314,-0.04243451835727541
,,chameleon,scalar,12,12,12,jspace,ok,belief,-0.847755460607687,0.1751831241760384,-0.01942970602189331
,,chameleon,scalar,13,12,12,residual,ok,belief,0.9745771162866622,0.13638422936201097,0.13387452042194325
,,chameleon,scalar,13,12,12,jspace,ok,belief,0.9936705412921286,0.158742855967911,0.16739711508692257
,,chameleon,scalar,14,12,12,residual,ok,belief,0.9809318658440763,0.1223319947719574,0.13758034255865792
,,chameleon,scalar,14,12,12,jspace,ok,belief,0.8936303332470056,0.17475515467415817,0.0026994248022983447
,,chameleon,scalar,15,12,12,residual,ok,belief,0.9763164866689552,0.19225278695424397,-0.7368962900531983
,,chameleon,scalar,15,12,12,jspace,ok,belief,0.6728408359010974,0.17492146142940215,0.0008795748751605492
,,chameleon,scalar,16,12,12,residual,ok,belief,0.9983325307959022,0.18555555939674376,-0.622953608248499
,,chameleon,scalar,16,12,12,jspace,ok,belief,0.9190282296403561,0.17495791977143604,-0.0006926492218783942
,,chameleon,scalar,17,12,12,residual,ok,belief,0.9808276469540492,0.10600400716066356,0.3525710626051849
,,chameleon,scalar,17,12,12,jspace,ok,belief,0.9695307515474328,0.1748994061080167,0.0011474239883685344
,,chameleon,scalar,18,12,12,residual,ok,belief,0.9893253078046266,0.09617509941260016,0.4697808906192492
,,chameleon,scalar,18,12,12,jspace,ok,belief,0.9856241276138659,0.17482688748896213,0.0019756343667586274
,,chameleon,scalar,19,12,12,residual,ok,belief,0.9850424685170717,0.09382095932960506,0.4988598136338136
,,chameleon,scalar,19,12,12,jspace,ok,belief,0.7301956054914189,0.17498573484513735,0.0001629831503930923
,,chameleon,scalar,20,12,12,residual,ok,belief,0.98852175497226,0.11199515511592228,0.2510506123567099
,,chameleon,scalar,20,12,12,jspace,ok,belief,0.9401596035912325,0.1749736827674017,0.00030073845964706525
,,chameleon,scalar,21,12,12,residual,ok,belief,0.9872081447232137,0.13740083277225493,0.11978515685964086
,,chameleon,scalar,21,12,12,jspace,ok,belief,0.8959835462529646,0.17487225670376438,0.0014581488362835904
,,chameleon,scalar,22,12,12,residual,ok,belief,0.9963364177999408,0.13302481621503828,0.11554082892013029
,,chameleon,scalar,22,12,12,jspace,ok,belief,0.9520983933481785,0.17495748469504593,0.00048581976409400873
,,chameleon,scalar,23,12,12,residual,ok,belief,0.9891401894008884,0.19137225250403087,-0.5294907420858403
,,chameleon,scalar,23,12,12,jspace,ok,belief,0.5485640236961696,0.17499136667737428,9.861382167164479e-05
,,chameleon,scalar,24,12,12,residual,ok,belief,0.9882321607652239,0.12125176141659418,0.22762370587340386
,,chameleon,scalar,24,12,12,jspace,ok,belief,0.0027255366035754073,0.17498966697463544,-0.023466543160977515
,,chameleon,scalar,25,12,12,residual,ok,belief,0.9945904844263637,0.131511086722215,0.16101888830089872
,,chameleon,scalar,25,12,12,jspace,ok,belief,0.9968938988354108,0.1749748826504014,0.0002870109964563383
,,chameleon,scalar,26,12,12,residual,ok,belief,0.9928332850203342,0.08981801321109133,0.5110002910642775
,,chameleon,scalar,26,12,12,jspace,ok,belief,0.6177591921389731,0.174996072067952,4.486807867509768e-05
,,chameleon,scalar,27,12,12,residual,ok,belief,0.9731046115717792,0.12391749223073323,0.12349547864191912
,,chameleon,scalar,27,12,12,jspace,ok,belief,-0.6005696960836587,0.17500576361315778,-6.587681883707397e-05
,,chameleon,scalar,28,12,12,residual,ok,belief,0.9872117376503227,0.12063171714544292,0.11685572136285571
,,chameleon,scalar,28,12,12,jspace,ok,belief,-0.9967597139947966,0.1750866249592293,-0.0009909150510081233
,,chameleon,scalar,29,12,12,residual,ok,belief,0.984110626934385,0.13053680409987767,0.0645705823469237
,,chameleon,scalar,29,12,12,jspace,ok,belief,-0.5687281390859419,0.17570176921095418,-0.008089264643946548
,,chameleon,scalar,30,12,12,residual,ok,belief,0.9956209048785158,0.11446665922800699,0.24593427099724074
,,chameleon,scalar,30,12,12,jspace,ok,belief,0.9520507331832418,0.17497363626538828,0.0003009180700120906
,,chameleon,scalar,31,12,12,residual,ok,belief,0.9369364604369524,0.12005087286233902,0.5144127958625078
,,chameleon,scalar,31,12,12,jspace,ok,belief,0.977177077073666,0.17498847404918486,-0.016904356528575137
,,chameleon,scalar,32,12,12,residual,ok,belief,0.9144411488668877,0.13374351014693578,0.3679577391832055
,,chameleon,scalar,32,12,12,jspace,ok,belief,0.779595872047236,0.17496294227760403,0.0004231361502542441
,,chameleon,scalar,33,12,12,residual,ok,belief,0.889283291744446,0.14055366615454357,0.3380760635924397
,,chameleon,scalar,33,12,12,jspace,ok,belief,0.9675033955680067,0.17493872127670554,0.0006984750068343981
,,chameleon,scalar,34,12,12,residual,ok,belief,0.8393238379273026,0.1470943992336591,0.23761045249792812
,,chameleon,scalar,34,12,12,jspace,ok,belief,-0.5365041814910058,0.175001167254771,-1.3808512338897572e-05
,,chameleon,scalar,35,12,12,residual,ok,belief,0.8968750730920872,0.14504041075706484,0.20380874512817393
,,chameleon,scalar,35,12,12,jspace,ok,belief,0.7543034122643388,0.17499357356147907,7.339049082344395e-05
,,chameleon,scalar,36,12,12,residual,ok,belief,0.948268357907547,0.14720310320456823,0.1957060795338763
,,chameleon,scalar,36,12,12,jspace,ok,belief,0.9552082636531557,0.1749886568408656,0.00012959699485937115
,,chameleon,scalar,37,12,12,residual,ok,belief,0.9794732878754637,0.13642997095982234,0.33516677142010887
,,chameleon,scalar,37,12,12,jspace,ok,belief,0.8717805341292016,0.17496775426221975,0.00036844715921258153
,,chameleon,scalar,38,12,12,residual,ok,belief,0.9852599724525979,0.13688154071569444,0.31412944106327045
,,chameleon,scalar,38,12,12,jspace,ok,belief,0.6587704833644539,0.17492017760004872,0.0009117763143406954
,,chameleon,scalar,39,12,12,residual,ok,belief,0.9666178462259435,0.1379139502843221,0.3456395992885375
,,chameleon,scalar,39,12,12,jspace,ok,belief,0.9473413147377918,0.17493772252448678,0.00043792546859711123
,,chameleon,scalar,40,12,12,residual,ok,belief,0.9828272689607708,0.1327484801411629,0.37685713653167563
,,chameleon,scalar,40,12,12,jspace,ok,belief,0.9997530092146996,0.1744296878775965,0.006501466114154808
,,chameleon,scalar,41,12,12,residual,ok,belief,0.9613241897339276,0.13331886927286785,0.37791449385972276
,,chameleon,scalar,41,12,12,jspace,ok,belief,0.9981010774094335,0.17485373023760786,0.0014933464943838182
,,chameleon,scalar,42,12,12,residual,ok,belief,0.9669639969274086,0.1345658431450526,0.34053533274313785
,,chameleon,scalar,42,12,12,jspace,ok,belief,0.7316331801684206,0.17472635595969588,0.003068969353081319
,,chameleon,scalar,43,12,12,residual,ok,belief,0.9802767839701526,0.12444637268781662,0.4909123024741753
,,chameleon,scalar,43,12,12,jspace,ok,belief,0.9864695174223327,0.17247258727994122,0.028236479956163962
,,chameleon,scalar,44,12,12,residual,ok,belief,0.992189900389644,0.12189534852902095,0.45841493159634217
,,chameleon,scalar,44,12,12,jspace,ok,belief,0.990842347406806,0.17431858731550043,0.007574459771639841
,,chameleon,scalar,45,12,12,residual,ok,belief,0.9950923853715218,0.12112294435501099,0.5024815812328997
,,chameleon,scalar,45,12,12,jspace,ok,belief,-0.32831153369032745,0.17695387243562766,-0.024402583273896772
,,chameleon,scalar,46,12,12,residual,ok,belief,0.99555346440068,0.10961713939905167,0.5880762562105148
,,chameleon,scalar,46,12,12,jspace,ok,belief,-0.16304704062736355,0.17765414511207253,-0.04371588140847438
,,chameleon,scalar,47,12,12,residual,ok,belief,0.9962896703932953,0.11522303074598313,0.5359155020085766
,,chameleon,scalar,47,12,12,jspace,ok,belief,0.9835604644483389,0.17479655341974853,0.002268997762238545
,,chameleon,scalar,48,12,12,residual,ok,belief,0.999740639752762,0.11554597119490306,0.5488730246394089
,,chameleon,scalar,48,12,12,jspace,ok,belief,0.03559892647731772,0.17494942081772902,0.0004804190740417269
,,chameleon,scalar,49,12,12,residual,ok,belief,0.9977507630766314,0.11342490514119467,0.575344024218525
,,chameleon,scalar,49,12,12,jspace,ok,belief,0.8702480074041893,0.1741143570502833,0.0008023439959277123
,,chameleon,scalar,50,12,12,residual,ok,belief,0.999007515157091,0.11846458464860916,0.5164116365228073
,,chameleon,scalar,50,12,12,jspace,ok,belief,0.9884355118718399,0.17456041698879732,0.005016791498764328
,,chameleon,scalar,51,12,12,residual,ok,belief,0.9970112040726669,0.11803389638662339,0.5135489659724726
,,chameleon,scalar,51,12,12,jspace,ok,belief,0.8971654830668064,0.17423468330434075,0.008722168889585658
,,chameleon,scalar,52,12,12,residual,ok,belief,0.9946757985529036,0.12815248022476833,0.45950524732830966
,,chameleon,scalar,52,12,12,jspace,ok,belief,0.9576829476515786,0.1742364892720215,0.008700135147210575
,,chameleon,scalar,53,12,12,residual,ok,belief,0.9929508267946607,0.12205421477556229,0.5117145193714217
,,chameleon,scalar,53,12,12,jspace,ok,belief,0.9689629095465725,0.174493131839753,0.0057828182281906
,,chameleon,scalar,54,12,12,residual,ok,belief,0.9886979870120663,0.11938555091619492,0.5191613915043225
,,chameleon,scalar,54,12,12,jspace,ok,belief,0.7668631121126038,0.17385706770077045,0.012915495467227478
,,chameleon,scalar,55,12,12,residual,ok,belief,0.9870704139616511,0.12112203290065131,0.5184090346418005
,,chameleon,scalar,55,12,12,jspace,ok,belief,-0.242305803152535,0.1751675555498294,-0.0019330893580717934
,,chameleon,scalar,56,12,12,residual,ok,belief,0.988913656774106,0.11582116832335791,0.5592933198056025
,,chameleon,scalar,56,12,12,jspace,ok,belief,0.8361090189439255,0.17250036631895446,0.02816772353824082
,,chameleon,scalar,57,12,12,residual,ok,belief,0.9886843434255775,0.11621211270491283,0.5537386119334333
,,chameleon,scalar,57,12,12,jspace,ok,belief,0.6029651056132832,0.17450719545624507,0.005415551078710612
,,chameleon,scalar,58,12,12,residual,ok,belief,0.9862618838073293,0.11654106080532074,0.5532975034007772
,,chameleon,scalar,58,12,12,jspace,ok,belief,0.49029079429532957,0.17367255393550704,0.014255423937252432
,,chameleon,scalar,59,12,12,residual,ok,belief,0.9893294055861995,0.10764268338680268,0.6117669174275393
,,chameleon,scalar,59,12,12,jspace,ok,belief,0.8543068530623337,0.17408372756342014,0.010415194551587126
,,chameleon,scalar,60,12,12,residual,ok,belief,0.9962532565548688,0.12120318214098613,0.48348857413462176
,,chameleon,scalar,60,12,12,jspace,ok,belief,-0.970374692437077,0.17613791557657957,-0.013428199578379818
,,chameleon,scalar,61,12,12,residual,ok,belief,0.9917627981270235,0.10370393643776576,0.6166463915350395
,,chameleon,scalar,61,12,12,jspace,ok,belief,0.999718006800121,0.14829532861215805,0.2818527157578766
,,chameleon,scalar,62,12,12,residual,ok,belief,0.9812469786860591,0.11859445571899414,0.5327441610673493
,,chameleon,scalar,62,12,12,jspace,ok,belief,0.9990249542560531,0.16849515289286884,0.07042737780597752
,,chameleon,scalar,-1,12,12,output,ok,objective,0.9748977885021588,0.4708016961812973,0.01728962112648169
,,chameleon,scalar,0,12,12,residual,ok,objective,0.9570694976416135,1.0929461866617203,-3.949360614443112
,,chameleon,scalar,0,12,12,jspace,ok,objective,0.982084109258097,0.4999990922632936,-1.3694345514236872e-05
,,chameleon,scalar,1,12,12,residual,ok,objective,0.9890227536695586,0.3349627802769343,0.44357245666598644
,,chameleon,scalar,1,12,12,jspace,ok,objective,-0.5208585547070571,0.5008826448789271,-0.004547503526508345
,,chameleon,scalar,2,12,12,residual,ok,objective,0.9797057305715305,0.30043693631887436,0.486704004721072
,,chameleon,scalar,2,12,12,jspace,ok,objective,0.9401232269531837,0.49971010888711714,0.001156664205093083
,,chameleon,scalar,3,12,12,residual,ok,objective,0.9966702541431991,0.2089084337155024,0.7020822450307154
,,chameleon,scalar,3,12,12,jspace,ok,objective,0.9891474582852245,0.4999168434405144,0.0003325974725570946
,,chameleon,scalar,4,12,12,residual,ok,objective,0.9988142461306995,0.14324257522821426,0.8896485975418811
,,chameleon,scalar,4,12,12,jspace,ok,objective,-0.9590250031105387,0.5000738994830667,-0.0002956246771017579
,,chameleon,scalar,5,12,12,residual,ok,objective,0.9997990455204695,0.13384793947140375,0.8727560474142448
,,chameleon,scalar,5,12,12,jspace,ok,objective,-0.7520652692143721,0.5000759268996113,-0.0003037536642886973
,,chameleon,scalar,6,12,12,residual,ok,objective,0.9990252967541414,0.12035240481297176,0.8899343581596962
,,chameleon,scalar,6,12,12,jspace,ok,objective,0.5438075955381113,0.4999657757068268,0.0001362161658310379
,,chameleon,scalar,7,12,12,residual,ok,objective,0.9989792550539696,0.3819480836391449,0.2518754665655507
,,chameleon,scalar,7,12,12,jspace,ok,objective,-0.2745136639735131,0.5000367215722479,-0.00014699439218102128
,,chameleon,scalar,8,12,12,residual,ok,objective,0.9990198695429111,0.248862624168396,0.737524125555332
,,chameleon,scalar,8,12,12,jspace,ok,objective,0.9183812058238855,0.4999787919285939,8.482932391917775e-05
,,chameleon,scalar,9,12,12,residual,ok,objective,0.9987431813811521,0.3764358311891556,0.05211120988372109
,,chameleon,scalar,9,12,12,jspace,ok,objective,-0.8572020673038117,0.500397190304824,-0.0015922865129127661
,,chameleon,scalar,10,12,12,residual,ok,objective,0.996394232482663,0.3366628736257553,0.38924651442511404
,,chameleon,scalar,10,12,12,jspace,ok,objective,0.9349372940893123,0.4997382319245623,0.0010443515990478103
,,chameleon,scalar,11,12,12,residual,ok,objective,0.9978818041471313,0.3844195132454236,0.3712208792545857
,,chameleon,scalar,11,12,12,jspace,ok,objective,0.45962723914555254,0.4988815368046145,0.004361500917928418
,,chameleon,scalar,12,12,12,residual,ok,objective,0.9894730355046807,0.37702033917109173,-0.042434873436003384
,,chameleon,scalar,12,12,12,jspace,ok,objective,-0.847755460607706,0.5005232119315383,-0.01942970602189331
,,chameleon,scalar,13,12,12,residual,ok,objective,0.9745770994641407,0.3896692643562953,0.13387436725500257
,,chameleon,scalar,13,12,12,jspace,ok,objective,0.9936705412921287,0.4535510170511743,0.16739711508692245
,,chameleon,scalar,14,12,12,residual,ok,objective,0.9809318995195833,0.34952007234096527,0.1375802386246967
,,chameleon,scalar,14,12,12,jspace,ok,objective,0.893630333247002,0.4993004419261664,0.0026994248022981226
,,chameleon,scalar,15,12,12,residual,ok,objective,0.9763166104780895,0.5492938558260599,-0.7368972255207282
,,chameleon,scalar,15,12,12,jspace,ok,objective,0.6728408359011468,0.499775604084006,0.0008795748751606602
,,chameleon,scalar,16,12,12,residual,ok,objective,0.9983325713067471,0.5301589071750641,-0.6229545095347504
,,chameleon,scalar,16,12,12,jspace,ok,objective,0.9190282296402027,0.49987977077553164,-0.0006926492218783942
,,chameleon,scalar,17,12,12,residual,ok,objective,0.9808276621081247,0.3028685698906581,0.35257121118387735
,,chameleon,scalar,17,12,12,jspace,ok,objective,0.9695307515474463,0.49971258888004777,0.0011474239883685344
,,chameleon,scalar,18,12,12,residual,ok,objective,0.9893253466297649,0.27478597064812976,0.4697808497366994
,,chameleon,scalar,18,12,12,jspace,ok,objective,0.9856241276138582,0.4995053928256062,0.0019756343667585163
,,chameleon,scalar,19,12,12,residual,ok,objective,0.9850424740185717,0.2680599143107732,0.49885960408832963
,,chameleon,scalar,19,12,12,jspace,ok,objective,0.730195605491501,0.4999592424146782,0.00016298315039298128
,,chameleon,scalar,20,12,12,residual,ok,objective,0.9885217559021333,0.3199862390756607,0.25105028910749283
,,chameleon,scalar,20,12,12,jspace,ok,objective,0.940159603591169,0.49992480790686195,0.0003007384596468432
,,chameleon,scalar,21,12,12,residual,ok,objective,0.9872081018026754,0.3925738235314687,0.11978496546930961
,,chameleon,scalar,21,12,12,jspace,ok,objective,0.8959835462529758,0.4996350191536127,0.0014581488362835904
,,chameleon,scalar,22,12,12,residual,ok,objective,0.9963364224443686,0.3800709793965022,0.1155405703334994
,,chameleon,scalar,22,12,12,jspace,ok,objective,0.9520983933481977,0.49987852770013125,0.0004858197640937867
,,chameleon,scalar,23,12,12,residual,ok,objective,0.9891401691855958,0.5467779338359833,-0.5294910314006955
,,chameleon,scalar,23,12,12,jspace,ok,objective,0.5485640236962749,0.4999753333639265,9.861382167164479e-05
,,chameleon,scalar,24,12,12,residual,ok,objective,0.9882321951047712,0.3464336593945821,0.22762368398275612
,,chameleon,scalar,24,12,12,jspace,ok,objective,0.0027255366035779747,0.49997047707038683,-0.023466543160977738
,,chameleon,scalar,25,12,12,residual,ok,objective,0.9945904497046221,0.37574602663517,0.16101869706723093
,,chameleon,scalar,25,12,12,jspace,ok,objective,0.9968938988354228,0.49992823614400406,0.00028701099645600525
,,chameleon,scalar,26,12,12,residual,ok,objective,0.9928332815809903,0.25662289559841156,0.5110002277543764
,,chameleon,scalar,26,12,12,jspace,ok,objective,0.6177591921402411,0.4999887773370056,4.48680786752087e-05
,,chameleon,scalar,27,12,12,residual,ok,objective,0.9731046509637065,0.3540499458710353,0.12349553771382793
,,chameleon,scalar,27,12,12,jspace,ok,objective,-0.6005696960824652,0.500016467466165,-6.587681883751806e-05
,,chameleon,scalar,28,12,12,residual,ok,objective,0.987211789155105,0.34466202557086945,0.11685565952612009
,,chameleon,scalar,28,12,12,jspace,ok,objective,-0.996759713994803,0.5002474998835122,-0.0009909150510087894
,,chameleon,scalar,29,12,12,residual,ok,objective,0.984110647611303,0.3729623407125473,0.0645704104382041
,,chameleon,scalar,29,12,12,jspace,ok,objective,-0.5687281390859347,0.5020050548884405,-0.008089264643946548
,,chameleon,scalar,30,12,12,residual,ok,objective,0.9956209076828135,0.3270476162433624,0.24593422699219047
,,chameleon,scalar,30,12,12,jspace,ok,objective,0.9520507331832315,0.4999246750439667,0.00030091807001186854
,,chameleon,scalar,31,12,12,residual,ok,objective,0.9369364492649508,0.3430025428533554,0.5144126689054751
,,chameleon,scalar,31,12,12,jspace,ok,objective,0.9771770770737507,0.49996706871195684,-0.016904356528575137
,,chameleon,scalar,32,12,12,residual,ok,objective,0.9144411516056811,0.38212432463963825,0.36795767606885
,,chameleon,scalar,32,12,12,jspace,ok,objective,0.7795958720473172,0.49989412079315443,0.0004231361502542441
,,chameleon,scalar,33,12,12,residual,ok,objective,0.8892833914160724,0.40158192813396454,0.33807599142543054
,,chameleon,scalar,33,12,12,jspace,ok,objective,0.9675033955679951,0.49982491793344447,0.0006984750068342871
,,chameleon,scalar,34,12,12,residual,ok,objective,0.8393238945556827,0.4202697078386943,0.23761044881618198
,,chameleon,scalar,34,12,12,jspace,ok,objective,-0.5365041814911482,0.5000033350136315,-1.3808512338675527e-05
,,chameleon,scalar,35,12,12,residual,ok,objective,0.8968750151125255,0.4144011785586675,0.2038086168262616
,,chameleon,scalar,35,12,12,jspace,ok,objective,0.754303412263598,0.49998163874708323,7.3390490823666e-05
,,chameleon,scalar,36,12,12,residual,ok,objective,0.9482683564507943,0.42058029274145764,0.19570606297344406
,,chameleon,scalar,36,12,12,jspace,ok,objective,0.955208263653236,0.49996759097390164,0.00012959699485948217
,,chameleon,scalar,37,12,12,residual,ok,objective,0.9794733438294156,0.38979993512233096,0.3351667244510095
,,chameleon,scalar,37,12,12,jspace,ok,objective,0.8717805341291195,0.4999078693206278,0.00036844715921258153
,,chameleon,scalar,38,12,12,residual,ok,objective,0.9852599600934377,0.39109013477961224,0.31412936118112833
,,chameleon,scalar,38,12,12,jspace,ok,objective,0.6587704833645716,0.4997719360001391,0.0009117763143406954
,,chameleon,scalar,39,12,12,residual,ok,objective,0.9666177624154929,0.3940398693084717,0.3456395578114382
,,chameleon,scalar,39,12,12,jspace,ok,objective,0.9473413147378368,0.4998220643556764,0.00043792546859677817
,,chameleon,scalar,40,12,12,residual,ok,objective,0.9828272492014568,0.3792813917001088,0.37685708420149433
,,chameleon,scalar,40,12,12,jspace,ok,objective,0.9997530092146997,0.4983705367931328,0.006501466114154475
,,chameleon,scalar,41,12,12,residual,ok,objective,0.9613241729540669,0.38091103732585907,0.3779145372839601
,,chameleon,scalar,41,12,12,jspace,ok,objective,0.9981010774094327,0.49958208639316554,0.001493346494383485
,,chameleon,scalar,42,12,12,residual,ok,objective,0.9669640200508445,0.3844738279779752,0.34053535675520086
,,chameleon,scalar,42,12,12,jspace,ok,objective,0.7316331801684338,0.49921815988484547,0.003068969353081208
,,chameleon,scalar,43,12,12,residual,ok,objective,0.9802768104603019,0.3555610477924347,0.4909123546242782
,,chameleon,scalar,43,12,12,jspace,ok,objective,0.9864695174223328,0.4927788207998322,0.028236479956164184
,,chameleon,scalar,44,12,12,residual,ok,objective,0.9921899208791236,0.3482724080483119,0.45841502386707644
,,chameleon,scalar,44,12,12,jspace,ok,objective,0.9908423474068057,0.4980531066157156,0.00757445977163973
,,chameleon,scalar,45,12,12,residual,ok,objective,0.9950923651207899,0.34606556842724484,0.502481582685981
,,chameleon,scalar,45,12,12,jspace,ok,objective,-0.32831153369032623,0.5055824926732221,-0.024402583273897216
,,chameleon,scalar,46,12,12,residual,ok,objective,0.9955534737044256,0.31319185843070346,0.5880762402684712
,,chameleon,scalar,46,12,12,jspace,ok,objective,-0.16304704062736383,0.5075832717487786,-0.0437158814084746
,,chameleon,scalar,47,12,12,residual,ok,objective,0.9962896902053214,0.32920865217844647,0.5359155448653372
,,chameleon,scalar,47,12,12,jspace,ok,objective,0.9835604644483337,0.49941872405642457,0.002268997762238101
,,chameleon,scalar,48,12,12,residual,ok,objective,0.9997406383373504,0.3301313668489456,0.5488729954577956
,,chameleon,scalar,48,12,12,jspace,ok,objective,0.03559892647731975,0.4998554880506543,0.0004804190740416159
,,chameleon,scalar,49,12,12,residual,ok,objective,0.9977507577960009,0.3240711862842242,0.5753439623270646
,,chameleon,scalar,49,12,12,jspace,ok,objective,0.8702480074041872,0.497469591572238,0.0008023439959279344
,,chameleon,scalar,50,12,12,residual,ok,objective,0.9990074964596861,0.3384702131152153,0.5164117353231026
,,chameleon,scalar,50,12,12,jspace,ok,objective,0.9884355118718406,0.49874404853942095,0.005016791498764106
,,chameleon,scalar,51,12,12,residual,ok,objective,0.9970112111217205,0.33723971992731094,0.5135489327623004
,,chameleon,scalar,51,12,12,jspace,ok,objective,0.8971654830668065,0.4978133808695451,0.008722168889585546
,,chameleon,scalar,52,12,12,residual,ok,objective,0.9946758154617681,0.36614994953076047,0.45950524730762066
,,chameleon,scalar,52,12,12,jspace,ok,objective,0.9576829476515757,0.49781854077720444,0.00870013514721013
,,chameleon,scalar,53,12,12,residual,ok,objective,0.9929508457879461,0.3487263545393944,0.5117144539995797
,,chameleon,scalar,53,12,12,jspace,ok,objective,0.9689629095465744,0.4985518052564371,0.0057828182281906
,,chameleon,scalar,54,12,12,residual,ok,objective,0.9886979541390684,0.3411015644669533,0.5191613856278527
,,chameleon,scalar,54,12,12,jspace,ok,objective,0.7668631121125996,0.4967344791450583,0.012915495467227145
,,chameleon,scalar,55,12,12,residual,ok,objective,0.9870704122357645,0.34606295575698215,0.5184090191455157
,,chameleon,scalar,55,12,12,jspace,ok,objective,-0.24230580315255565,0.50047873014237,-0.0019330893580720154
,,chameleon,scalar,56,12,12,residual,ok,objective,0.988913654134069,0.3309176539381345,0.5592932388142347
,,chameleon,scalar,56,12,12,jspace,ok,objective,0.8361090189439273,0.492858189482727,0.028167723538240375
,,chameleon,scalar,57,12,12,residual,ok,objective,0.9886843218160457,0.3320346350471179,0.5537385342113128
,,chameleon,scalar,57,12,12,jspace,ok,objective,0.6029651056132698,0.4985919870178433,0.005415551078709946
,,chameleon,scalar,58,12,12,residual,ok,objective,0.9862618576854787,0.33297449350357056,0.553297408496924
,,chameleon,scalar,58,12,12,jspace,ok,objective,0.4902907942953321,0.4962072969585916,0.014255423937251988
,,chameleon,scalar,59,12,12,residual,ok,objective,0.989329413133369,0.30755052467187244,0.6117669168556066
,,chameleon,scalar,59,12,12,jspace,ok,objective,0.8543068530623332,0.49738207875262885,0.010415194551586904
,,chameleon,scalar,60,12,12,residual,ok,objective,0.9962532394801605,0.3462948029239972,0.48348853033030326
,,chameleon,scalar,60,12,12,jspace,ok,objective,-0.9703746924370776,0.503251187361656,-0.013428199578379596
,,chameleon,scalar,61,12,12,residual,ok,objective,0.9917628347727276,0.29629696408907574,0.6166463642514419
,,chameleon,scalar,61,12,12,jspace,ok,objective,0.9997180068001212,0.42370093889188015,0.2818527157578766
,,chameleon,scalar,62,12,12,residual,ok,objective,0.981246963760371,0.3388413166006406,0.5327441082260302
,,chameleon,scalar,62,12,12,jspace,ok,objective,0.9990249542560531,0.4814147225510539,0.07042737780597763
,,chameleon,scalar,-1,12,12,output,ok,value_margin,0.9748981585920803,0.04708015968402229,0.017289750670359427
,,chameleon,scalar,0,12,12,residual,ok,value_margin,0.9570695524177955,0.1092946223914623,-3.94936093602195
,,chameleon,scalar,0,12,12,jspace,ok,value_margin,0.9820841092623623,0.049999909226329374,-1.3694345513792783e-05
,,chameleon,scalar,1,12,12,residual,ok,value_margin,0.9890227781684601,0.033496262629826905,0.4435728874056618
,,chameleon,scalar,1,12,12,jspace,ok,value_margin,-0.5208585547071147,0.05008826448789272,-0.004547503526508345
,,chameleon,scalar,2,12,12,residual,ok,value_margin,0.9797057141546648,0.03004368593295419,0.486704213164321
,,chameleon,scalar,2,12,12,jspace,ok,value_margin,0.9401232269531551,0.04997101088871173,0.001156664205092861
,,chameleon,scalar,3,12,12,residual,ok,value_margin,0.9966702640447875,0.020890847345193215,0.7020820063121125
,,chameleon,scalar,3,12,12,jspace,ok,value_margin,0.9891474582852725,0.04999168434405147,0.0003325974725565395
,,chameleon,scalar,4,12,12,residual,ok,value_margin,0.9988142583618649,0.014324263234933235,0.8896484583467733
,,chameleon,scalar,4,12,12,jspace,ok,value_margin,-0.9590250031102536,0.05000738994830669,-0.0002956246771017579
,,chameleon,scalar,5,12,12,residual,ok,value_margin,0.9997990506061647,0.013384797175725318,0.872755833674731
,,chameleon,scalar,5,12,12,jspace,ok,value_margin,-0.7520652692147048,0.050007592689961154,-0.0003037536642886973
,,chameleon,scalar,6,12,12,residual,ok,value_margin,0.9990252951939301,0.012035226325194076,0.889934564592478
,,chameleon,scalar,6,12,12,jspace,ok,value_margin,0.5438075955387567,0.04999657757068269,0.0001362161658310379
,,chameleon,scalar,7,12,12,residual,ok,value_margin,0.9989792596916625,0.038194785018761994,0.2518762393215306
,,chameleon,scalar,7,12,12,jspace,ok,value_margin,-0.27451366397334304,0.05000367215722481,-0.00014699439218102128
,,chameleon,scalar,8,12,12,residual,ok,value_margin,0.9990198870339143,0.02488625844319663,0.7375242655396401
,,chameleon,scalar,8,12,12,jspace,ok,value_margin,0.9183812058258093,0.04999787919285942,8.48293239189557e-05
,,chameleon,scalar,9,12,12,residual,ok,value_margin,0.9987431987219632,0.03764359702666597,0.052110894078010284
,,chameleon,scalar,9,12,12,jspace,ok,value_margin,-0.8572020673037515,0.05003971903048241,-0.0015922865129127661
,,chameleon,scalar,10,12,12,residual,ok,value_margin,0.9963942349861219,0.033666280905405695,0.38924638948194534
,,chameleon,scalar,10,12,12,jspace,ok,value_margin,0.9349372940893108,0.04997382319245627,0.0010443515990471441
,,chameleon,scalar,11,12,12,residual,ok,value_margin,0.9978817866010639,0.03844194660584133,0.3712212279692372
,,chameleon,scalar,11,12,12,jspace,ok,value_margin,0.4596272391455281,0.04988815368046146,0.00436150091792864
,,chameleon,scalar,12,12,12,residual,ok,value_margin,0.9894731327702344,0.037702036897341425,-0.04243429496299744
,,chameleon,scalar,12,12,12,jspace,ok,value_margin,-0.8477554606076677,0.05005232119315387,-0.019429706021893978
,,chameleon,scalar,13,12,12,residual,ok,value_margin,0.9745769670720935,0.03896692693233492,0.13387489116590168
,,chameleon,scalar,13,12,12,jspace,ok,value_margin,0.9936705412921285,0.045355101705117445,0.16739711508692245
,,chameleon,scalar,14,12,12,residual,ok,value_margin,0.9809319346318716,0.034952012697855646,0.1375805182760358
,,chameleon,scalar,14,12,12,jspace,ok,value_margin,0.8936303332469503,0.04993004419261663,0.0026994248022986778
,,chameleon,scalar,15,12,12,residual,ok,value_margin,0.9763166195159039,0.054929362734158875,-0.7368961917243395
,,chameleon,scalar,15,12,12,jspace,ok,value_margin,0.6728408359009341,0.04997756040840062,0.0008795748751599941
,,chameleon,scalar,16,12,12,residual,ok,value_margin,0.9983325308998061,0.05301585247119272,-0.6229528804204114
,,chameleon,scalar,16,12,12,jspace,ok,value_margin,0.9190282296399671,0.04998797707755317,-0.0006926492218788383
,,chameleon,scalar,17,12,12,residual,ok,value_margin,0.98082757590497,0.030286863446235684,0.3525713701752543
,,chameleon,scalar,17,12,12,jspace,ok,value_margin,0.9695307515474456,0.04997125888800482,0.0011474239883679793
,,chameleon,scalar,18,12,12,residual,ok,value_margin,0.9893253524938281,0.02747858315706256,0.4697812044522778
,,chameleon,scalar,18,12,12,jspace,ok,value_margin,0.9856241276138706,0.04995053928256063,0.0019756343667582943
,,chameleon,scalar,19,12,12,residual,ok,value_margin,0.9850424348287861,0.026805989444255857,0.49885988438322504
,,chameleon,scalar,19,12,12,jspace,ok,value_margin,0.7301956054903833,0.04999592424146785,0.00016298315039287026
,,chameleon,scalar,20,12,12,residual,ok,value_margin,0.9885218207899232,0.03199860155582432,0.25105091902419385
,,chameleon,scalar,20,12,12,jspace,ok,value_margin,0.9401596035912615,0.04999248079068622,0.0003007384596469542
,,chameleon,scalar,21,12,12,residual,ok,value_margin,0.9872081560505791,0.03925736695528034,0.11978540764253409
,,chameleon,scalar,21,12,12,jspace,ok,value_margin,0.8959835462529668,0.04996350191536127,0.0014581488362837014
,,chameleon,scalar,22,12,12,residual,ok,value_margin,0.9963364107180277,0.038007085025310555,0.11554087097180843
,,chameleon,scalar,22,12,12,jspace,ok,value_margin,0.9520983933480142,0.049987852770013164,0.0004858197640932316
,,chameleon,scalar,23,12,12,residual,ok,value_margin,0.9891401835558321,0.05467777152856195,-0.5294900924667314
,,chameleon,scalar,23,12,12,jspace,ok,value_margin,0.5485640236972821,0.049997533336392674,9.861382167175581e-05
,,chameleon,scalar,24,12,12,residual,ok,value_margin,0.9882321781057964,0.0346433465679487,0.22762411943775418
,,chameleon,scalar,24,12,12,jspace,ok,value_margin,0.0027255366035754147,0.049997047707038715,-0.023466543160977738
,,chameleon,scalar,25,12,12,residual,ok,value_margin,0.9945904441001379,0.03757458130518599,0.16101914166768128
,,chameleon,scalar,25,12,12,jspace,ok,value_margin,0.9968938988354785,0.049992823614400404,0.0002870109964563383
,,chameleon,scalar,26,12,12,residual,ok,value_margin,0.992833286357693,0.0256622781356176,0.5110005650522962
,,chameleon,scalar,26,12,12,jspace,ok,value_margin,0.6177591921339317,0.04999887773370059,4.486807867487563e-05
,,chameleon,scalar,27,12,12,residual,ok,value_margin,0.9731045866469652,0.03540497968594237,0.12349565995110856
,,chameleon,scalar,27,12,12,jspace,ok,value_margin,-0.6005696960824758,0.05000164674661653,-6.58768188377401e-05
,,chameleon,scalar,28,12,12,residual,ok,value_margin,0.9872118339677965,0.03446619212627414,0.11685614752580797
,,chameleon,scalar,28,12,12,jspace,ok,value_margin,-0.9967597139948263,0.05002474998835125,-0.0009909150510085674
,,chameleon,scalar,29,12,12,residual,ok,value_margin,0.9841107156291982,0.03729621271292372,0.0645709145162967
,,chameleon,scalar,29,12,12,jspace,ok,value_margin,-0.5687281390859344,0.05020050548884406,-0.00808926464394677
,,chameleon,scalar,30,12,12,residual,ok,value_margin,0.995620872074928,0.03270473529895151,0.24593477871939506
,,chameleon,scalar,30,12,12,jspace,ok,value_margin,0.9520507331835047,0.049992467504396676,0.0003009180700120906
,,chameleon,scalar,31,12,12,residual,ok,value_margin,0.9369364129562433,0.03430025080839794,0.5144127247946552
,,chameleon,scalar,31,12,12,jspace,ok,value_margin,0.977177077073653,0.049996706871195694,-0.016904356528574915
,,chameleon,scalar,32,12,12,residual,ok,value_margin,0.9144411513134132,0.038212433954079965,0.36795773652338537
,,chameleon,scalar,32,12,12,jspace,ok,value_margin,0.7795958720471043,0.049989412079315475,0.0004231361502541331
,,chameleon,scalar,33,12,12,residual,ok,value_margin,0.8892830493110355,0.04015819281339647,0.33807601185521796
,,chameleon,scalar,33,12,12,jspace,ok,value_margin,0.9675033955678959,0.049982491793344457,0.0006984750068348422
,,chameleon,scalar,34,12,12,residual,ok,value_margin,0.8393235394309609,0.042026969790458696,0.23761056730732089
,,chameleon,scalar,34,12,12,jspace,ok,value_margin,-0.5365041814950209,0.05000033350136318,-1.3808512339119616e-05
,,chameleon,scalar,35,12,12,residual,ok,value_margin,0.8968746977091273,0.04144012480974199,0.20380876578637974
,,chameleon,scalar,35,12,12,jspace,ok,value_margin,0.7543034122636263,0.049998163874708325,7.339049082355498e-05
,,chameleon,scalar,36,12,12,residual,ok,value_margin,0.948268289241187,0.04205802629391354,0.19570637634189625
,,chameleon,scalar,36,12,12,jspace,ok,value_margin,0.9552082636518732,0.04999675909739019,0.00012959699485892706
,,chameleon,scalar,37,12,12,residual,ok,value_margin,0.9794734117339212,0.03897999525070192,0.33516684798024654
,,chameleon,scalar,37,12,12,jspace,ok,value_margin,0.8717805341291895,0.049990786932062804,0.00036844715921224847
,,chameleon,scalar,38,12,12,residual,ok,value_margin,0.9852599870179138,0.03910900702079139,0.3141297194676873
,,chameleon,scalar,38,12,12,jspace,ok,value_margin,0.6587704833645325,0.04997719360001393,0.0009117763143406954
,,chameleon,scalar,39,12,12,residual,ok,value_margin,0.9666178775005023,0.039403985440731065,0.34563972916017915
,,chameleon,scalar,39,12,12,jspace,ok,value_margin,0.9473413147379749,0.04998220643556767,0.00043792546859677817
,,chameleon,scalar,40,12,12,residual,ok,value_margin,0.9828273291892143,0.03792813718318941,0.37685728950394515
,,chameleon,scalar,40,12,12,jspace,ok,value_margin,0.9997530092147008,0.04983705367931329,0.006501466114154586
,,chameleon,scalar,41,12,12,residual,ok,value_margin,0.9613242648961157,0.038091113666693384,0.37791442235682693
,,chameleon,scalar,41,12,12,jspace,ok,value_margin,0.9981010774094299,0.04995820863931657,0.001493346494383041
,,chameleon,scalar,42,12,12,residual,ok,value_margin,0.9669640352775545,0.03844738552967709,0.3405355613168677
,,chameleon,scalar,42,12,12,jspace,ok,value_margin,0.7316331801684091,0.04992181598848455,0.00306896935308143
,,chameleon,scalar,43,12,12,residual,ok,value_margin,0.9802767822347251,0.03555610577265423,0.490912322910939
,,chameleon,scalar,43,12,12,jspace,ok,value_margin,0.9864695174223304,0.04927788207998324,0.028236479956163407
,,chameleon,scalar,44,12,12,residual,ok,value_margin,0.9921898666240325,0.03482724030812583,0.4584148643648478
,,chameleon,scalar,44,12,12,jspace,ok,value_margin,0.9908423474068159,0.049805310661571574,0.00757445977163973
,,chameleon,scalar,45,12,12,residual,ok,value_margin,0.9950923668089928,0.03460655411084495,0.5024815228142785
,,chameleon,scalar,45,12,12,jspace,ok,value_margin,-0.3283115336903257,0.0505582492673222,-0.024402583273896772
,,chameleon,scalar,46,12,12,residual,ok,value_margin,0.9955535025845011,0.03131918907165529,0.5880760617623935
,,chameleon,scalar,46,12,12,jspace,ok,value_margin,-0.16304704062736292,0.05075832717487788,-0.043715881408474155
,,chameleon,scalar,47,12,12,residual,ok,value_margin,0.9962897017610206,0.03292086521784466,0.5359154448705563
,,chameleon,scalar,47,12,12,jspace,ok,value_margin,0.9835604644483013,0.04994187240564246,0.0022689977622377677
,,chameleon,scalar,48,12,12,residual,ok,value_margin,0.9997406454215054,0.0330131381750107,0.5488728624698213
,,chameleon,scalar,48,12,12,jspace,ok,value_margin,0.035598926477317175,0.04998554880506545,0.0004804190740416159
,,chameleon,scalar,49,12,12,residual,ok,value_margin,0.9977507675233676,0.03240711043278378,0.575344133309861
,,chameleon,scalar,49,12,12,jspace,ok,value_margin,0.8702480074041825,0.04974695915722383,0.0008023439959268241
,,chameleon,scalar,50,12,12,residual,ok,value_margin,0.9990075064482645,0.0338470295071602,0.5164114164891809
,,chameleon,scalar,50,12,12,jspace,ok,value_margin,0.988435511871827,0.04987440485394212,0.005016791498763773
,,chameleon,scalar,51,12,12,residual,ok,value_margin,0.9970111920637246,0.03372397571802141,0.5135487079961331
,,chameleon,scalar,51,12,12,jspace,ok,value_margin,0.8971654830667984,0.049781338086954514,0.008722168889585769
,,chameleon,scalar,52,12,12,residual,ok,value_margin,0.9946757799312267,0.03661499222119651,0.45950526163301686
,,chameleon,scalar,52,12,12,jspace,ok,value_margin,0.9576829476515831,0.049781854077720455,0.008700135147210242
,,chameleon,scalar,53,12,12,residual,ok,value_margin,0.9929508628906174,0.034872631728649156,0.511714548699654
,,chameleon,scalar,53,12,12,jspace,ok,value_margin,0.9689629095465571,0.04985518052564374,0.005782818228190378
,,chameleon,scalar,54,12,12,residual,ok,value_margin,0.9886979812103704,0.03411015669504803,0.5191614744573316
,,chameleon,scalar,54,12,12,jspace,ok,value_margin,0.7668631121126134,0.04967344791450584,0.012915495467227367
,,chameleon,scalar,55,12,12,residual,ok,value_margin,0.9870703735930477,0.03460629830757778,0.5184089414943298
,,chameleon,scalar,55,12,12,jspace,ok,value_margin,-0.24230580315248468,0.050047873014236986,-0.0019330893580711273
,,chameleon,scalar,56,12,12,residual,ok,value_margin,0.9889137202310727,0.0330917591849963,0.5592934222488648
,,chameleon,scalar,56,12,12,jspace,ok,value_margin,0.8361090189439244,0.04928581894827271,0.02816772353824093
,,chameleon,scalar,57,12,12,residual,ok,value_margin,0.9886843470170286,0.03320346822341285,0.5537384413929975
,,chameleon,scalar,57,12,12,jspace,ok,value_margin,0.6029651056132319,0.049859198701784346,0.005415551078710057
,,chameleon,scalar,58,12,12,residual,ok,value_margin,0.9862618887791091,0.03329744239648185,0.5532975943524125
,,chameleon,scalar,58,12,12,jspace,ok,value_margin,0.4902907942953317,0.04962072969585916,0.01425542393725232
,,chameleon,scalar,59,12,12,residual,ok,value_margin,0.9893293691109658,0.03075505346059801,0.6117669604117955
,,chameleon,scalar,59,12,12,jspace,ok,value_margin,0.8543068530623358,0.04973820787526292,0.010415194551587126
,,chameleon,scalar,60,12,12,residual,ok,value_margin,0.9962532451486791,0.03462947458028795,0.48348883828040423
,,chameleon,scalar,60,12,12,jspace,ok,value_margin,-0.9703746924370878,0.05032511873616563,-0.013428199578379596
,,chameleon,scalar,61,12,12,residual,ok,value_margin,0.991762827884631,0.029629695415496843,0.6166465010467586
,,chameleon,scalar,61,12,12,jspace,ok,value_margin,0.9997180068001211,0.04237009388918803,0.2818527157578763
,,chameleon,scalar,62,12,12,residual,ok,value_margin,0.9812470020159807,0.033884133398532884,0.5327441162052045
,,chameleon,scalar,62,12,12,jspace,ok,value_margin,0.999024954256053,0.0481414722551054,0.07042737780597741
